Data;Inizio;Fine;Paziente;Sesso;DOB;Nosologico;Proc;Descrizione;Ruolo;Sede
18/07/2017;08:14;08:25;MARZULLO JACOPO;M;25/09/2002;;8118;8118 - Artroeresi dell’articolazione sottoastragalica;1;Humanitas
18/07/2017;09:32;11:09;TRAVERSO ANDREA;M;15/01/2003;;7827;7827 - Accorciamento di tibia e fibula;1;Humanitas
18/07/2017;;;;;;;7827;7827 - Accorciamento di tibia e fibula;1;Humanitas
18/07/2017;;;;;;;7825;7825 - Accorciamento del femore;1;Humanitas
18/07/2017;;;;;;;7825;7825 - Accorciamento del femore;1;Humanitas
18/07/2017;;;;;;;7865;7865 - Rimozione di dispositivo impiantato dal femore;1;Humanitas
18/07/2017;;;;;;;7865;7865 - Rimozione di dispositivo impiantato dal femore;1;Humanitas
18/07/2017;12:09;13:00;RAHO LUIGI;M;29/06/2005;;7868;7868 - Rimozione di dispositivo impiantato da tarso e met…;1;Humanitas
18/07/2017;;;;;;;7868;7868 - Rimozione di dispositivo impiantato da tarso e met…;1;Humanitas
18/07/2017;;;;;;;8339;8339 - Asportazione di lesione di altri tessuti molli;1;Humanitas
18/07/2017;;;;;;;8339;8339 - Asportazione di lesione di altri tessuti molli;1;Humanitas
18/07/2017;14:22;14:40;DI NUNZIO MATTEO;M;28/06/2006;;7827;7827 - Accorciamento di tibia e fibula;2;Humanitas
18/07/2017;16:11;16:50;CHIPARUS MATEI;M;25/11/2003;;8385;8385 - Altri cambiamenti di lunghezza di muscoli e tendin…;1;Humanitas
19/07/2017;08:18;08:49;FAROLFI RICCARDO;M;27/07/1998;;8832;8832 - Artrografia con contrasto;1;Humanitas
19/07/2017;;;;;;;8192;8192 - Iniezione di sostanze terapeutiche nell’articolazi…;1;Humanitas
19/07/2017;09:32;09:46;URBANI AMANDA;F;04/09/2014;;8201;8201 - Esplorazione della fascia tendinea della mano;2;Humanitas
19/07/2017;11:50;12:26;TOMMASONE CHRISTIAN;M;09/11/2003;;7827;7827 - Accorciamento di tibia e fibula;1;Humanitas
19/09/2017;08:48;08:49;FRAIOLI ANGELICA;F;18/08/2007;;8398;8398 - Iniezione di sostanze terapeutiche ad azione local…;1;Humanitas
19/09/2017;10:01;10:54;CONTE SIMONA;F;29/07/2005;;7825;7825 - Accorciamento del femore;2;Humanitas
19/09/2017;;;;;;;7825;7825 - Accorciamento del femore;2;Humanitas
20/09/2017;10:15;10:25;DENTONE ANDREA;M;19/04/1969;;8026;8026 - Artroscopia del ginocchio;4;Humanitas
26/09/2017;08:32;10:13;DI CHIARA ALESSANDRA;F;05/02/1993;;8385;8385 - Altri cambiamenti di lunghezza di muscoli e tendin…;2;Humanitas
26/09/2017;;;;;;;8385;8385 - Altri cambiamenti di lunghezza di muscoli e tendin…;2;Humanitas
26/09/2017;;;;;;;7728;7728 - Resezione cuneiforme del tarso e metatarso;2;Humanitas
26/09/2017;;;;;;;7728;7728 - Resezione cuneiforme del tarso e metatarso;2;Humanitas
26/09/2017;;;;;;;9353;9353 - Applicazione di altro corsetto gessato;2;Humanitas
26/09/2017;;;;;;;9353;9353 - Applicazione di altro corsetto gessato;2;Humanitas
26/09/2017;11:30;12:00;CRABOLU GIADA;F;19/01/2007;;7865;7865 - Rimozione di dispositivo impiantato dal femore;2;Humanitas
26/09/2017;;;;;;;7867;7867 - Rimozione di dispositivo impiantato da tibia e fib…;2;Humanitas
26/09/2017;13:17;14:42;DETTORI MARTINA;F;07/08/2001;;7865;7865 - Rimozione di dispositivo impiantato dal femore;1;Humanitas
26/09/2017;;;;;;;7865;7865 - Rimozione di dispositivo impiantato dal femore;1;Humanitas
26/09/2017;;;;;;;7867;7867 - Rimozione di dispositivo impiantato da tibia e fib…;1;Humanitas
27/09/2017;08:30;09:37;JAOUHAR IMAN;F;06/05/2003;;7865;7865 - Rimozione di dispositivo impiantato dal femore;1;Humanitas
27/09/2017;;;;;;;7867;7867 - Rimozione di dispositivo impiantato da tibia e fib…;1;Humanitas
27/09/2017;;;;;;;7867;7867 - Rimozione di dispositivo impiantato da tibia e fib…;1;Humanitas
27/09/2017;10:25;10:35;CONFORTE MATTEO;M;03/06/2003;;9929;9929 - Iniezione o infusione di altre sostanze terapeutic…;1;Humanitas
27/09/2017;;;;;;;9929;9929 - Iniezione o infusione di altre sostanze terapeutic…;1;Humanitas
27/09/2017;;;;;;;9353;9353 - Applicazione di altro corsetto gessato;1;Humanitas
27/09/2017;;;;;;;9353;9353 - Applicazione di altro corsetto gessato;1;Humanitas
27/09/2017;11:15;11:36;INSOGNA GIOVANNI;M;06/08/2002;;8385;8385 - Altri cambiamenti di lunghezza di muscoli e tendin…;1;Humanitas
27/09/2017;;;;;;;8385;8385 - Altri cambiamenti di lunghezza di muscoli e tendin…;1;Humanitas
27/09/2017;;;;;;;9353;9353 - Applicazione di altro corsetto gessato;1;Humanitas
27/09/2017;;;;;;;9353;9353 - Applicazione di altro corsetto gessato;1;Humanitas
27/09/2017;14:04;19:27;ORLANDO DAVIDE;M;24/04/2004;;7735;7735 - Altra sezione del femore;2;Humanitas
27/09/2017;;;;;;;7729;7729 - Resezione cuneiforme di altre ossa, escluse quelle…;2;Humanitas
27/09/2017;;;;;;;7825;7825 - Accorciamento del femore;2;Humanitas
27/09/2017;;;;;;;8385;8385 - Altri cambiamenti di lunghezza di muscoli e tendin…;2;Humanitas
27/09/2017;;;;;;;9929;9929 - Iniezione o infusione di altre sostanze terapeutic…;2;Humanitas
27/09/2017;;;;;;;8196;8196 - Altra riparazione articolare;2;Humanitas
27/09/2017;;;;;;;7728;7728 - Resezione cuneiforme del tarso e metatarso;2;Humanitas
03/10/2017;08:32;08:40;LOCATELLI MATTIA;M;08/09/2002;;8118;8118 - Artroeresi dell’articolazione sottoastragalica;1;Humanitas
03/10/2017;10:01;13:18;DOAS MARIAM NSHAT HABEB;F;06/02/2002;;7735;7735 - Altra sezione del femore;2;Humanitas
03/10/2017;;;;;;;7717;7717 - Altra incisione di tibia e fibula senza sezione;2;Humanitas
03/10/2017;;;;;;;7815;7815 - Applicazione di fissatore esterno del femore;2;Humanitas
03/10/2017;;;;;;;7817;7817 - Applicazione di fissatore esterno di tibia e fibul…;2;Humanitas
03/10/2017;;;;;;;8472;8472 - Applicazione di fissatore esterno, sistema ad anel…;2;Humanitas
10/10/2017;08:18;08:31;HASSANINI RICCARDO;M;03/08/2003;;8118;8118 - Artroeresi dell’articolazione sottoastragalica;1;Humanitas
10/10/2017;09:45;10:56;PALAZZI SIMONE;M;26/04/2002;;8385;8385 - Altri cambiamenti di lunghezza di muscoli e tendin…;2;Humanitas
10/10/2017;;;;;;;8399;8399 - Altri interventi su muscoli, tendini, fasce e bors…;2;Humanitas
10/10/2017;12:03;12:18;FIGARI ALBERTA;F;30/01/1964;;7738;7738 - Altra sezione del tarso e metatarso;2;Humanitas
10/10/2017;14:41;16:44;ALMI MATTEO;M;27/09/2004;;7735;7735 - Altra sezione del femore;2;Humanitas
10/10/2017;;;;;;;7735;7735 - Altra sezione del femore;2;Humanitas
10/10/2017;;;;;;;7739;7739 - Altra sezione di altre ossa, escluse quelle faccia…;2;Humanitas
10/10/2017;;;;;;;8196;8196 - Altra riparazione articolare;2;Humanitas
10/10/2017;;;;;;;8385;8385 - Altri cambiamenti di lunghezza di muscoli e tendin…;2;Humanitas
11/10/2017;08:32;08:48;DONEGANA LAURA;F;12/02/2002;;7868;7868 - Rimozione di dispositivo impiantato da tarso e met…;1;Humanitas
11/10/2017;09:32;09:49;PAESANO LORENZO;M;22/10/2003;;8832;8832 - Artrografia con contrasto;1;Humanitas
11/10/2017;;;;;;;8832;8832 - Artrografia con contrasto;1;Humanitas
11/10/2017;10:35;10:50;GHATTAS CHIARA;F;10/04/2002;;7868;7868 - Rimozione di dispositivo impiantato da tarso e met…;1;Humanitas
11/10/2017;11:42;12:19;FEDELI JACOPO;M;29/04/1991;;7865;7865 - Rimozione di dispositivo impiantato dal femore;1;Humanitas
11/10/2017;;;;;;;9929;9929 - Iniezione o infusione di altre sostanze terapeutic…;1;Humanitas
11/10/2017;;;;;;;9929;9929 - Iniezione o infusione di altre sostanze terapeutic…;1;Humanitas
11/10/2017;13:42;14:16;SPADARO SAVINO;M;13/07/2006;;7868;7868 - Rimozione di dispositivo impiantato da tarso e met…;2;Humanitas
11/10/2017;;;;;;;8622;8622 - Rimozione asportativa di ferita, infezione o ustio…;2;Humanitas
11/10/2017;;;;;;;9153;9153 - Esame microscopico di campione di sistema muscolos…;2;Humanitas
11/10/2017;;;;;;;7917;7917 - Riduzione incruenta di frattura del tarso e metata…;2;Humanitas
17/10/2017;08:38;09:14;FIORINELLI NICOLO';M;07/04/2008;;8385;8385 - Altri cambiamenti di lunghezza di muscoli e tendin…;2;Humanitas
17/10/2017;;;;;;;8385;8385 - Altri cambiamenti di lunghezza di muscoli e tendin…;2;Humanitas
17/10/2017;11:37;13:13;CIAGLIA JACOPO ANTONIO;M;27/11/2007;;7729;7729 - Resezione cuneiforme di altre ossa, escluse quelle…;3;Humanitas
17/10/2017;;;;;;;7809;7809 - Innesto osseo di altre ossa;3;Humanitas
17/10/2017;;;;;;;7725;7725 - Resezione cuneiforme del femore;3;Humanitas
17/10/2017;;;;;;;8385;8385 - Altri cambiamenti di lunghezza di muscoli e tendin…;3;Humanitas
17/10/2017;;;;;;;8832;8832 - Artrografia con contrasto;3;Humanitas
24/10/2017;08:34;09:46;APARO JENNIFER;F;01/04/2007;;7825;7825 - Accorciamento del femore;1;Humanitas
24/10/2017;;;;;;;7825;7825 - Accorciamento del femore;1;Humanitas
24/10/2017;;;;;;;7827;7827 - Accorciamento di tibia e fibula;1;Humanitas
24/10/2017;10:26;10:36;SEMENTINA ANNALISA;F;18/10/2014;;9929;9929 - Iniezione o infusione di altre sostanze terapeutic…;1;Humanitas
24/10/2017;;;;;;;9929;9929 - Iniezione o infusione di altre sostanze terapeutic…;1;Humanitas
24/10/2017;;;;;;;9353;9353 - Applicazione di altro corsetto gessato;1;Humanitas
24/10/2017;;;;;;;9353;9353 - Applicazione di altro corsetto gessato;1;Humanitas
24/10/2017;11:34;12:04;PRO SARA;F;09/09/2003;;8385;8385 - Altri cambiamenti di lunghezza di muscoli e tendin…;1;Humanitas
24/10/2017;;;;;;;7865;7865 - Rimozione di dispositivo impiantato dal femore;1;Humanitas
24/10/2017;;;;;;;9929;9929 - Iniezione o infusione di altre sostanze terapeutic…;1;Humanitas
24/10/2017;14:17;15:56;PRIFTI KLEA;F;13/07/2009;;7725;7725 - Resezione cuneiforme del femore;2;Humanitas
24/10/2017;;;;;;;7739;7739 - Altra sezione di altre ossa, escluse quelle faccia…;2;Humanitas
24/10/2017;;;;;;;8385;8385 - Altri cambiamenti di lunghezza di muscoli e tendin…;2;Humanitas
25/10/2017;08:40;09:11;CAVONE ALICE;F;17/12/2015;;8832;8832 - Artrografia con contrasto;2;Humanitas
25/10/2017;;;;;;;8832;8832 - Artrografia con contrasto;2;Humanitas
25/10/2017;10:51;11:17;CATALANO ASIA;F;28/04/2005;;8385;8385 - Altri cambiamenti di lunghezza di muscoli e tendin…;1;Humanitas
25/10/2017;;;;;;;8832;8832 - Artrografia con contrasto;1;Humanitas
25/10/2017;;;;;;;8192;8192 - Iniezione di sostanze terapeutiche nell’articolazi…;1;Humanitas
25/10/2017;11:57;12:12;CVETKOVIC TIJANA;F;08/01/2006;;8118;8118 - Artroeresi dell’articolazione sottoastragalica;1;Humanitas
25/10/2017;13:12;13:53;MUNGANI SHAIR;M;15/01/2000;;8385;8385 - Altri cambiamenti di lunghezza di muscoli e tendin…;1;Humanitas
25/10/2017;;;;;;;863;863 - Ricostruzione della palpebra con innesto del folli…;1;Humanitas
25/10/2017;;;;;;;7865;7865 - Rimozione di dispositivo impiantato dal femore;1;Humanitas
25/10/2017;16:02;17:09;SEDRA CARLOS;M;03/10/2008;;8385;8385 - Altri cambiamenti di lunghezza di muscoli e tendin…;2;Humanitas
25/10/2017;;;;;;;8385;8385 - Altri cambiamenti di lunghezza di muscoli e tendin…;2;Humanitas
25/10/2017;;;;;;;9929;9929 - Iniezione o infusione di altre sostanze terapeutic…;2;Humanitas
25/10/2017;;;;;;;9929;9929 - Iniezione o infusione di altre sostanze terapeutic…;2;Humanitas
25/10/2017;;;;;;;7825;7825 - Accorciamento del femore;2;Humanitas
25/10/2017;;;;;;;7825;7825 - Accorciamento del femore;2;Humanitas
07/11/2017;08:36;08:46;KARIM ADEM;M;08/05/2011;;9929;9929 - Iniezione o infusione di altre sostanze terapeutic…;1;Humanitas
07/11/2017;;;;;;;9353;9353 - Applicazione di altro corsetto gessato;1;Humanitas
07/11/2017;10:08;11:15;MIRENDA ARIEL;F;09/04/2009;;8377;8377 - Trasposizione o trapianto di muscoli;1;Humanitas
07/11/2017;;;;;;;8377;8377 - Trasposizione o trapianto di muscoli;1;Humanitas
07/11/2017;;;;;;;8385;8385 - Altri cambiamenti di lunghezza di muscoli e tendin…;1;Humanitas
07/11/2017;;;;;;;8385;8385 - Altri cambiamenti di lunghezza di muscoli e tendin…;1;Humanitas
07/11/2017;13:01;13:53;GUADAGNO LORENZO;M;04/02/2003;;8385;8385 - Altri cambiamenti di lunghezza di muscoli e tendin…;1;Humanitas
07/11/2017;;;;;;;8385;8385 - Altri cambiamenti di lunghezza di muscoli e tendin…;1;Humanitas
07/11/2017;;;;;;;9929;9929 - Iniezione o infusione di altre sostanze terapeutic…;1;Humanitas
07/11/2017;15:33;16:32;AVERION GIAN MANUEL;M;06/09/2006;;8385;8385 - Altri cambiamenti di lunghezza di muscoli e tendin…;2;Humanitas
07/11/2017;;;;;;;8385;8385 - Altri cambiamenti di lunghezza di muscoli e tendin…;2;Humanitas
07/11/2017;;;;;;;7865;7865 - Rimozione di dispositivo impiantato dal femore;2;Humanitas
07/11/2017;;;;;;;7865;7865 - Rimozione di dispositivo impiantato dal femore;2;Humanitas
08/11/2017;09:43;10:06;GIORGI CHIARA;F;23/01/1998;;8385;8385 - Altri cambiamenti di lunghezza di muscoli e tendin…;2;Humanitas
08/11/2017;;;;;;;9353;9353 - Applicazione di altro corsetto gessato;2;Humanitas
08/11/2017;12:00;12:21;BERTOLASI DANIEL;M;25/02/2005;;8118;8118 - Artroeresi dell’articolazione sottoastragalica;1;Humanitas
08/11/2017;13:51;14:21;CANZANO ELISA;F;14/03/2007;;8118;8118 - Artroeresi dell’articolazione sottoastragalica;2;Humanitas
08/11/2017;;;;;;;7751;7751 - Asportazione di borsite con correzione dei tessuti…;2;Humanitas
08/11/2017;;;;;;;7937;7937 - Riduzione cruenta di frattura di tarso e metatarso…;2;Humanitas
08/11/2017;16:10;17:15;LUSSO GIANLUCA;M;15/02/2007;;9301;9301 - Valutazione funzionale;2;Humanitas
08/11/2017;;;;;;;8385;8385 - Altri cambiamenti di lunghezza di muscoli e tendin…;2;Humanitas
08/11/2017;;;;;;;8385;8385 - Altri cambiamenti di lunghezza di muscoli e tendin…;2;Humanitas
08/11/2017;;;;;;;9929;9929 - Iniezione o infusione di altre sostanze terapeutic…;2;Humanitas
08/11/2017;;;;;;;8375;8375 - Trasposizione o trapianto di tendini;2;Humanitas
08/11/2017;;;;;;;8375;8375 - Trasposizione o trapianto di tendini;2;Humanitas
14/11/2017;08:29;08:42;BATTIGAGLIA STEFANO;M;23/05/2005;;8118;8118 - Artroeresi dell’articolazione sottoastragalica;1;Humanitas
14/11/2017;09:51;10:20;MAIFREDI MATTIA;M;31/12/2005;;7825;7825 - Accorciamento del femore;2;Humanitas
14/11/2017;;;;;;;7827;7827 - Accorciamento di tibia e fibula;2;Humanitas
14/11/2017;11:19;12:08;TROPEA FRANCESCO;M;03/08/2002;;8385;8385 - Altri cambiamenti di lunghezza di muscoli e tendin…;2;Humanitas
14/11/2017;;;;;;;8385;8385 - Altri cambiamenti di lunghezza di muscoli e tendin…;2;Humanitas
15/11/2017;16:22;18:08;LENZO MATTIA;M;09/10/1993;;7725;7725 - Resezione cuneiforme del femore;3;Humanitas
15/11/2017;;;;;;;9929;9929 - Iniezione o infusione di altre sostanze terapeutic…;3;Humanitas
21/11/2017;08:15;08:24;SALA LORENZO;M;25/11/1999;;9929;9929 - Iniezione o infusione di altre sostanze terapeutic…;1;Humanitas
21/11/2017;;;;;;;9929;9929 - Iniezione o infusione di altre sostanze terapeutic…;1;Humanitas
21/11/2017;09:10;09:20;GARAVAGLIA MARTINA;F;22/02/2000;;7868;7868 - Rimozione di dispositivo impiantato da tarso e met…;1;Humanitas
21/11/2017;11:40;14:41;PARMAROSA TAGLIAFERRO MARCO;M;07/06/2000;;7725;7725 - Resezione cuneiforme del femore;2;Humanitas
21/11/2017;;;;;;;7725;7725 - Resezione cuneiforme del femore;2;Humanitas
21/11/2017;;;;;;;8385;8385 - Altri cambiamenti di lunghezza di muscoli e tendin…;2;Humanitas
21/11/2017;;;;;;;8385;8385 - Altri cambiamenti di lunghezza di muscoli e tendin…;2;Humanitas
22/11/2017;08:38;09:11;DEL FABBRO SAMUELE;M;06/11/2006;;7827;7827 - Accorciamento di tibia e fibula;2;Humanitas
22/11/2017;;;;;;;7827;7827 - Accorciamento di tibia e fibula;2;Humanitas
22/11/2017;09:54;10:10;BARBIERI ALESSANDRA;F;23/03/2011;;9301;9301 - Valutazione funzionale;2;Humanitas
22/11/2017;;;;;;;9929;9929 - Iniezione o infusione di altre sostanze terapeutic…;2;Humanitas
22/11/2017;;;;;;;9929;9929 - Iniezione o infusione di altre sostanze terapeutic…;2;Humanitas
22/11/2017;11:02;11:40;PEREGO GIULIA;F;31/10/2004;;8118;8118 - Artroeresi dell’articolazione sottoastragalica;1;Humanitas
22/11/2017;;;;;;;7865;7865 - Rimozione di dispositivo impiantato dal femore;1;Humanitas
22/11/2017;;;;;;;7865;7865 - Rimozione di dispositivo impiantato dal femore;1;Humanitas
22/11/2017;14:01;14:12;EPIS LUCA ANSELMO;M;16/08/1999;;7868;7868 - Rimozione di dispositivo impiantato da tarso e met…;1;Humanitas
22/11/2017;;;;;;;7868;7868 - Rimozione di dispositivo impiantato da tarso e met…;1;Humanitas
22/11/2017;15:06;16:50;ALBU ELENA CATALINA;F;29/03/1982;;8375;8375 - Trasposizione o trapianto di tendini;2;Humanitas
22/11/2017;;;;;;;8385;8385 - Altri cambiamenti di lunghezza di muscoli e tendin…;2;Humanitas
22/11/2017;;;;;;;8129;8129 - Artrodesi di altra articolazione specificata;2;Humanitas
22/11/2017;;;;;;;9354;9354 - Applicazione di stecca;2;Humanitas
28/11/2017;09:01;10:17;GIUSTI FRANCESCA;F;02/07/2007;;7825;7825 - Accorciamento del femore;2;Humanitas
28/11/2017;;;;;;;7825;7825 - Accorciamento del femore;2;Humanitas
28/11/2017;;;;;;;7865;7865 - Rimozione di dispositivo impiantato dal femore;2;Humanitas
28/11/2017;;;;;;;7865;7865 - Rimozione di dispositivo impiantato dal femore;2;Humanitas
28/11/2017;;;;;;;9929;9929 - Iniezione o infusione di altre sostanze terapeutic…;2;Humanitas
28/11/2017;;;;;;;9929;9929 - Iniezione o infusione di altre sostanze terapeutic…;2;Humanitas
28/11/2017;13:17;14:49;ALFANO CHIARA GRAZIA;F;01/07/2009;;7795;7795 - Ostectomia totale del femore;2;Humanitas
28/11/2017;;;;;;;7785;7785 - Altra osteotomia parziale del femore;2;Humanitas
05/12/2017;08:58;09:18;CORSETTI DENIS;M;22/05/2002;;8118;8118 - Artroeresi dell’articolazione sottoastragalica;1;Humanitas
05/12/2017;;;;;;;8321;8321 - Biopsia dei tessuti molli;1;Humanitas
05/12/2017;11:48;12:06;NALESSO GIULIA;F;30/10/2014;;7827;7827 - Accorciamento di tibia e fibula;2;Humanitas
05/12/2017;13:34;14:30;VASTOLO ANTONELLO;M;28/07/2009;;7825;7825 - Accorciamento del femore;2;Humanitas
05/12/2017;;;;;;;7825;7825 - Accorciamento del femore;2;Humanitas
05/12/2017;;;;;;;9929;9929 - Iniezione o infusione di altre sostanze terapeutic…;2;Humanitas
05/12/2017;;;;;;;9929;9929 - Iniezione o infusione di altre sostanze terapeutic…;2;Humanitas
05/12/2017;;;;;;;9353;9353 - Applicazione di altro corsetto gessato;2;Humanitas
05/12/2017;;;;;;;9353;9353 - Applicazione di altro corsetto gessato;2;Humanitas
05/12/2017;16:02;17:01;TORASSA ELEONORA;F;18/10/2004;;7728;7728 - Resezione cuneiforme del tarso e metatarso;2;Humanitas
05/12/2017;;;;;;;8120;8120 - Artrodesi di articolazioni non specificate;2;Humanitas
05/12/2017;;;;;;;7868;7868 - Rimozione di dispositivo impiantato da tarso e met…;2;Humanitas
05/12/2017;;;;;;;9353;9353 - Applicazione di altro corsetto gessato;2;Humanitas
19/12/2017;08:36;09:05;MERLICCO SERENA;F;24/03/2003;;7867;7867 - Rimozione di dispositivo impiantato da tibia e fib…;2;Humanitas
19/12/2017;;;;;;;7867;7867 - Rimozione di dispositivo impiantato da tibia e fib…;2;Humanitas
19/12/2017;10:05;11:03;VITIELLO MARIAPIA;F;09/10/1998;;7728;7728 - Resezione cuneiforme del tarso e metatarso;2;Humanitas
19/12/2017;;;;;;;7728;7728 - Resezione cuneiforme del tarso e metatarso;2;Humanitas
19/12/2017;;;;;;;9353;9353 - Applicazione di altro corsetto gessato;2;Humanitas
19/12/2017;;;;;;;9353;9353 - Applicazione di altro corsetto gessato;2;Humanitas
19/12/2017;11:43;11:54;FARRACE SOFIA;F;21/12/2000;;8201;8201 - Esplorazione della fascia tendinea della mano;2;Humanitas
19/12/2017;14:06;15:30;MUNARI RICCARDO;M;01/06/2003;;7728;7728 - Resezione cuneiforme del tarso e metatarso;2;Humanitas
19/12/2017;;;;;;;7738;7738 - Altra sezione del tarso e metatarso;2;Humanitas
19/12/2017;;;;;;;8385;8385 - Altri cambiamenti di lunghezza di muscoli e tendin…;2;Humanitas
19/12/2017;;;;;;;9353;9353 - Applicazione di altro corsetto gessato;2;Humanitas
19/12/2017;16:59;17:28;ZANETTI EDOARDO;M;10/11/2000;;8385;8385 - Altri cambiamenti di lunghezza di muscoli e tendin…;2;Humanitas
19/12/2017;;;;;;;8385;8385 - Altri cambiamenti di lunghezza di muscoli e tendin…;2;Humanitas
19/12/2017;;;;;;;9301;9301 - Valutazione funzionale;2;Humanitas
20/12/2017;08:59;09:10;DI PONZIO MICHELANGELO;M;07/02/2006;;7868;7868 - Rimozione di dispositivo impiantato da tarso e met…;1;Humanitas
20/12/2017;11:16;11:24;PRANDI MICHELA;F;01/10/1994;;8385;8385 - Altri cambiamenti di lunghezza di muscoli e tendin…;2;Humanitas
20/12/2017;;;;;;;9353;9353 - Applicazione di altro corsetto gessato;2;Humanitas
09/01/2018;08:12;08:15;BOVA GIADA;F;07/10/2004;;9929;9929 - Iniezione o infusione di altre sostanze terapeutic…;2;Humanitas
09/01/2018;09:43;10:58;TURSI LEONARDO;M;10/06/2004;;8385;8385 - Altri cambiamenti di lunghezza di muscoli e tendin…;2;Humanitas
09/01/2018;;;;;;;7827;7827 - Accorciamento di tibia e fibula;2;Humanitas
09/01/2018;;;;;;;9929;9929 - Iniezione o infusione di altre sostanze terapeutic…;2;Humanitas
09/01/2018;12:13;14:03;GRAZIANO ILARIA;F;27/01/2005;;7728;7728 - Resezione cuneiforme del tarso e metatarso;2;Humanitas
10/01/2018;15:38;16:15;BERNARDI SOFIA;F;18/06/2006;;8385;8385 - Altri cambiamenti di lunghezza di muscoli e tendin…;2;Humanitas
10/01/2018;;;;;;;7865;7865 - Rimozione di dispositivo impiantato dal femore;2;Humanitas
10/01/2018;;;;;;;9929;9929 - Iniezione o infusione di altre sostanze terapeutic…;2;Humanitas
23/01/2018;08:12;08:51;MIHALI FRANCESCO VASILE;M;15/11/2006;;8385;8385 - Altri cambiamenti di lunghezza di muscoli e tendin…;2;Humanitas
23/01/2018;;;;;;;8385;8385 - Altri cambiamenti di lunghezza di muscoli e tendin…;2;Humanitas
23/01/2018;09:55;10:06;FUSARI REBECCA;F;05/12/1998;;8118;8118 - Artroeresi dell’articolazione sottoastragalica;1;Humanitas
23/01/2018;12:07;13:30;DOMINICI FABIO;M;07/09/2004;;8385;8385 - Altri cambiamenti di lunghezza di muscoli e tendin…;3;Humanitas
23/01/2018;;;;;;;8385;8385 - Altri cambiamenti di lunghezza di muscoli e tendin…;3;Humanitas
23/01/2018;;;;;;;7728;7728 - Resezione cuneiforme del tarso e metatarso;3;Humanitas
23/01/2018;;;;;;;7728;7728 - Resezione cuneiforme del tarso e metatarso;3;Humanitas
23/01/2018;;;;;;;9353;9353 - Applicazione di altro corsetto gessato;3;Humanitas
23/01/2018;;;;;;;9353;9353 - Applicazione di altro corsetto gessato;3;Humanitas
24/01/2018;08:31;09:23;PANOU ARTEMISIA;F;14/01/1977;;7751;7751 - Asportazione di borsite con correzione dei tessuti…;2;Humanitas
24/01/2018;10:18;10:26;PATRUNO RICCARDO;M;23/11/2004;;8118;8118 - Artroeresi dell’articolazione sottoastragalica;2;Humanitas
24/01/2018;11:13;11:19;RUSSO LORENZO ANTONIO;M;25/07/2012;;8832;8832 - Artrografia con contrasto;2;Humanitas
24/01/2018;12:07;12:25;BUSTO NICOLA;M;12/01/1976;;8026;8026 - Artroscopia del ginocchio;3;Humanitas
24/01/2018;;;;;;;806;806 - Asportazione di cartilagine semilunare del ginocch…;3;Humanitas
24/01/2018;13:43;14:12;BORRELLI GUGLIELMO;M;24/11/2009;;8385;8385 - Altri cambiamenti di lunghezza di muscoli e tendin…;2;Humanitas
24/01/2018;;;;;;;8385;8385 - Altri cambiamenti di lunghezza di muscoli e tendin…;2;Humanitas
24/01/2018;;;;;;;9353;9353 - Applicazione di altro corsetto gessato;2;Humanitas
24/01/2018;;;;;;;9353;9353 - Applicazione di altro corsetto gessato;2;Humanitas
24/01/2018;16:43;16:52;CALVANO PAOLA;F;01/07/2001;;8118;8118 - Artroeresi dell’articolazione sottoastragalica;1;Humanitas
30/01/2018;08:31;08:48;CAMELI LEONE;M;11/07/2013;;9929;9929 - Iniezione o infusione di altre sostanze terapeutic…;1;Humanitas
30/01/2018;;;;;;;9929;9929 - Iniezione o infusione di altre sostanze terapeutic…;1;Humanitas
30/01/2018;;;;;;;9353;9353 - Applicazione di altro corsetto gessato;1;Humanitas
30/01/2018;;;;;;;9353;9353 - Applicazione di altro corsetto gessato;1;Humanitas
30/01/2018;09:34;09:47;MANDELLI CARLOTTA;F;12/08/1995;;8832;8832 - Artrografia con contrasto;1;Humanitas
30/01/2018;;;;;;;8832;8832 - Artrografia con contrasto;1;Humanitas
30/01/2018;;;;;;;8192;8192 - Iniezione di sostanze terapeutiche nell’articolazi…;1;Humanitas
30/01/2018;;;;;;;8192;8192 - Iniezione di sostanze terapeutiche nell’articolazi…;1;Humanitas
30/01/2018;12:17;13:31;DE ZOTTI ELIA;M;10/04/2004;;7728;7728 - Resezione cuneiforme del tarso e metatarso;2;Humanitas
30/01/2018;;;;;;;7728;7728 - Resezione cuneiforme del tarso e metatarso;2;Humanitas
30/01/2018;;;;;;;8129;8129 - Artrodesi di altra articolazione specificata;2;Humanitas
30/01/2018;;;;;;;8129;8129 - Artrodesi di altra articolazione specificata;2;Humanitas
30/01/2018;;;;;;;9353;9353 - Applicazione di altro corsetto gessato;2;Humanitas
30/01/2018;;;;;;;9353;9353 - Applicazione di altro corsetto gessato;2;Humanitas
30/01/2018;15:30;17:03;GUERRA CHRISTIAN;M;19/04/2002;;8192;8192 - Iniezione di sostanze terapeutiche nell’articolazi…;2;Humanitas
30/01/2018;;;;;;;8192;8192 - Iniezione di sostanze terapeutiche nell’articolazi…;2;Humanitas
30/01/2018;;;;;;;7825;7825 - Accorciamento del femore;2;Humanitas
30/01/2018;;;;;;;7825;7825 - Accorciamento del femore;2;Humanitas
30/01/2018;;;;;;;8385;8385 - Altri cambiamenti di lunghezza di muscoli e tendin…;2;Humanitas
30/01/2018;;;;;;;8385;8385 - Altri cambiamenti di lunghezza di muscoli e tendin…;2;Humanitas
31/01/2018;15:55;16:31;URCIUOLO MELISSA;F;14/10/2005;;7827;7827 - Accorciamento di tibia e fibula;2;Humanitas
06/02/2018;08:21;08:41;LUPATINI AURORA;F;25/09/2003;;8339;8339 - Asportazione di lesione di altri tessuti molli;1;Humanitas
06/02/2018;09:38;09:47;MAZZOLI CAMILLA;F;29/07/2004;;8832;8832 - Artrografia con contrasto;1;Humanitas
06/02/2018;10:38;11:12;OGLIALORO TANCREDI EMANUEL;M;20/04/2005;;8385;8385 - Altri cambiamenti di lunghezza di muscoli e tendin…;2;Humanitas
06/02/2018;;;;;;;8118;8118 - Artroeresi dell’articolazione sottoastragalica;2;Humanitas
06/02/2018;;;;;;;9353;9353 - Applicazione di altro corsetto gessato;2;Humanitas
06/02/2018;14:30;16:35;RATTI STEFANO;M;24/02/2003;;7725;7725 - Resezione cuneiforme del femore;1;Humanitas
06/02/2018;;;;;;;7739;7739 - Altra sezione di altre ossa, escluse quelle faccia…;1;Humanitas
06/02/2018;;;;;;;8385;8385 - Altri cambiamenti di lunghezza di muscoli e tendin…;1;Humanitas
13/02/2018;08:59;10:13;BANGAR MANISHA;F;28/08/2003;;8385;8385 - Altri cambiamenti di lunghezza di muscoli e tendin…;2;Humanitas
13/02/2018;;;;;;;8385;8385 - Altri cambiamenti di lunghezza di muscoli e tendin…;2;Humanitas
13/02/2018;;;;;;;9353;9353 - Applicazione di altro corsetto gessato;2;Humanitas
13/02/2018;11:02;11:31;ANTONELLI RAFFAELLA;F;02/09/2008;;9929;9929 - Iniezione o infusione di altre sostanze terapeutic…;1;Humanitas
13/02/2018;;;;;;;9929;9929 - Iniezione o infusione di altre sostanze terapeutic…;1;Humanitas
13/02/2018;;;;;;;9353;9353 - Applicazione di altro corsetto gessato;1;Humanitas
13/02/2018;;;;;;;9353;9353 - Applicazione di altro corsetto gessato;1;Humanitas
13/02/2018;11:53;12:02;ANTONELLI LUCA CAROL;M;02/09/2008;;9929;9929 - Iniezione o infusione di altre sostanze terapeutic…;1;Humanitas
13/02/2018;;;;;;;9353;9353 - Applicazione di altro corsetto gessato;1;Humanitas
13/02/2018;13:58;15:50;ANDREONI CESARE;M;03/04/2004;;8375;8375 - Trasposizione o trapianto di tendini;2;Humanitas
13/02/2018;;;;;;;8385;8385 - Altri cambiamenti di lunghezza di muscoli e tendin…;2;Humanitas
13/02/2018;;;;;;;7825;7825 - Accorciamento del femore;2;Humanitas
13/02/2018;;;;;;;863;863 - Ricostruzione della palpebra con innesto del folli…;2;Humanitas
13/02/2018;;;;;;;9353;9353 - Applicazione di altro corsetto gessato;2;Humanitas
20/02/2018;08:23;08:30;CAPOZZA BENEDETTA;F;16/01/2017;;8826;8826 - Altra radiografia di pelvi e anca;2;Humanitas
20/02/2018;09:36;10:01;MINOTTI ARIANNA;F;22/10/1999;;8129;8129 - Artrodesi di altra articolazione specificata;2;Humanitas
20/02/2018;;;;;;;7728;7728 - Resezione cuneiforme del tarso e metatarso;2;Humanitas
20/02/2018;;;;;;;7868;7868 - Rimozione di dispositivo impiantato da tarso e met…;2;Humanitas
20/02/2018;;;;;;;9353;9353 - Applicazione di altro corsetto gessato;2;Humanitas
20/02/2018;10:59;11:14;GAULLI ALESSIA;F;12/08/2000;;8118;8118 - Artroeresi dell’articolazione sottoastragalica;1;Humanitas
20/02/2018;13:21;15:00;FANIZZI DAVIDE;M;10/11/2002;;8375;8375 - Trasposizione o trapianto di tendini;1;Humanitas
20/02/2018;;;;;;;8375;8375 - Trasposizione o trapianto di tendini;1;Humanitas
20/02/2018;;;;;;;7865;7865 - Rimozione di dispositivo impiantato dal femore;1;Humanitas
20/02/2018;;;;;;;7867;7867 - Rimozione di dispositivo impiantato da tibia e fib…;1;Humanitas
20/02/2018;;;;;;;9353;9353 - Applicazione di altro corsetto gessato;1;Humanitas
27/02/2018;08:47;09:29;LISITANO CHIARA;F;13/10/2003;;7865;7865 - Rimozione di dispositivo impiantato dal femore;1;Humanitas
27/02/2018;;;;;;;7865;7865 - Rimozione di dispositivo impiantato dal femore;1;Humanitas
27/02/2018;10:33;10:51;VICENZINO MARCO;M;18/12/1989;;7868;7868 - Rimozione di dispositivo impiantato da tarso e met…;1;Humanitas
27/02/2018;11:48;12:37;GUERRIERI SEBASTIANO;M;01/09/2005;;7865;7865 - Rimozione di dispositivo impiantato dal femore;2;Humanitas
27/02/2018;;;;;;;8684;8684 - Correzione di cicatrice o briglia retrattile della…;2;Humanitas
27/02/2018;13:51;14:05;DE SIO LUCA;M;10/02/1998;;8832;8832 - Artrografia con contrasto;2;Humanitas
27/02/2018;;;;;;;8192;8192 - Iniezione di sostanze terapeutiche nell’articolazi…;2;Humanitas
06/03/2018;08:21;08:25;TANARA MATTEO;M;31/07/2006;;9929;9929 - Iniezione o infusione di altre sostanze terapeutic…;2;Humanitas
06/03/2018;;;;;;;9929;9929 - Iniezione o infusione di altre sostanze terapeutic…;2;Humanitas
06/03/2018;09:05;09:30;SILVESTRI GIUSEPPE;M;24/08/2003;;7865;7865 - Rimozione di dispositivo impiantato dal femore;2;Humanitas
06/03/2018;;;;;;;7865;7865 - Rimozione di dispositivo impiantato dal femore;2;Humanitas
06/03/2018;10:53;12:07;GENUA GABRIELE;M;28/07/2003;;7867;7867 - Rimozione di dispositivo impiantato da tibia e fib…;1;Humanitas
06/03/2018;;;;;;;7867;7867 - Rimozione di dispositivo impiantato da tibia e fib…;1;Humanitas
13/03/2018;08:19;08:28;INTROZZI GIOELE;M;10/08/2003;;8118;8118 - Artroeresi dell’articolazione sottoastragalica;1;Humanitas
13/03/2018;09:11;09:20;MOSCATO ADRIAN RICCARDO;M;21/01/2003;;8118;8118 - Artroeresi dell’articolazione sottoastragalica;1;Humanitas
13/03/2018;10:04;10:25;FRATUCELLO MATTEO;M;18/02/2006;;8385;8385 - Altri cambiamenti di lunghezza di muscoli e tendin…;2;Humanitas
13/03/2018;;;;;;;8385;8385 - Altri cambiamenti di lunghezza di muscoli e tendin…;2;Humanitas
13/03/2018;14:44;17:20;LOFFREDO ALBERTO MARIA;M;20/06/2006;;7725;7725 - Resezione cuneiforme del femore;2;Humanitas
13/03/2018;;;;;;;7739;7739 - Altra sezione di altre ossa, escluse quelle faccia…;2;Humanitas
13/03/2018;;;;;;;8385;8385 - Altri cambiamenti di lunghezza di muscoli e tendin…;2;Humanitas
13/03/2018;;;;;;;7865;7865 - Rimozione di dispositivo impiantato dal femore;2;Humanitas
14/03/2018;08:29;08:44;GANCIA FEDERICO;M;27/08/2009;;9929;9929 - Iniezione o infusione di altre sostanze terapeutic…;1;Humanitas
14/03/2018;;;;;;;9929;9929 - Iniezione o infusione di altre sostanze terapeutic…;1;Humanitas
14/03/2018;;;;;;;9353;9353 - Applicazione di altro corsetto gessato;1;Humanitas
14/03/2018;09:50;10:50;FENAROLI RITA;F;31/01/1954;;7868;7868 - Rimozione di dispositivo impiantato da tarso e met…;2;Humanitas
14/03/2018;;;;;;;7868;7868 - Rimozione di dispositivo impiantato da tarso e met…;2;Humanitas
14/03/2018;13:13;16:23;DOCI ALESIA;F;01/02/2006;;7725;7725 - Resezione cuneiforme del femore;1;Humanitas
14/03/2018;;;;;;;7739;7739 - Altra sezione di altre ossa, escluse quelle faccia…;1;Humanitas
20/03/2018;08:20;08:30;GENITO DOMENICO;M;19/01/2011;;8385;8385 - Altri cambiamenti di lunghezza di muscoli e tendin…;2;Humanitas
20/03/2018;;;;;;;8385;8385 - Altri cambiamenti di lunghezza di muscoli e tendin…;2;Humanitas
20/03/2018;;;;;;;9929;9929 - Iniezione o infusione di altre sostanze terapeutic…;2;Humanitas
20/03/2018;;;;;;;9929;9929 - Iniezione o infusione di altre sostanze terapeutic…;2;Humanitas
20/03/2018;09:05;09:18;CLERICI JACOPO;M;22/07/2004;;8118;8118 - Artroeresi dell’articolazione sottoastragalica;1;Humanitas
20/03/2018;10:13;11:16;CASTALDI RAFFAELE;M;29/10/2004;;8385;8385 - Altri cambiamenti di lunghezza di muscoli e tendin…;2;Humanitas
20/03/2018;;;;;;;8385;8385 - Altri cambiamenti di lunghezza di muscoli e tendin…;2;Humanitas
20/03/2018;;;;;;;7865;7865 - Rimozione di dispositivo impiantato dal femore;2;Humanitas
20/03/2018;;;;;;;7865;7865 - Rimozione di dispositivo impiantato dal femore;2;Humanitas
20/03/2018;;;;;;;9929;9929 - Iniezione o infusione di altre sostanze terapeutic…;2;Humanitas
20/03/2018;;;;;;;9929;9929 - Iniezione o infusione di altre sostanze terapeutic…;2;Humanitas
20/03/2018;12:41;14:04;BARBIERI ANDREA;M;23/09/1991;;8385;8385 - Altri cambiamenti di lunghezza di muscoli e tendin…;2;Humanitas
20/03/2018;;;;;;;8385;8385 - Altri cambiamenti di lunghezza di muscoli e tendin…;2;Humanitas
20/03/2018;;;;;;;7728;7728 - Resezione cuneiforme del tarso e metatarso;2;Humanitas
20/03/2018;;;;;;;9353;9353 - Applicazione di altro corsetto gessato;2;Humanitas
21/03/2018;15:14;15:21;VIGNATI AMELIE;F;06/01/2004;;8118;8118 - Artroeresi dell’articolazione sottoastragalica;3;Humanitas
27/03/2018;08:23;08:30;FARCHICA ARIANNA;F;12/08/2009;;9929;9929 - Iniezione o infusione di altre sostanze terapeutic…;1;Humanitas
27/03/2018;;;;;;;9353;9353 - Applicazione di altro corsetto gessato;1;Humanitas
27/03/2018;09:23;10:16;ALBRICI SIMONE;M;04/09/2008;;7825;7825 - Accorciamento del femore;1;Humanitas
27/03/2018;;;;;;;7827;7827 - Accorciamento di tibia e fibula;1;Humanitas
27/03/2018;11:18;11:54;CLEMENTI CAMILLA;F;12/08/2010;;7865;7865 - Rimozione di dispositivo impiantato dal femore;2;Humanitas
27/03/2018;;;;;;;7825;7825 - Accorciamento del femore;2;Humanitas
27/03/2018;15:46;17:07;ZUNCHEDDU GIORGIA;F;10/06/2002;;7818;7818 - Applicazione di fissatore esterno di tarso e metat…;1;Humanitas
27/03/2018;;;;;;;7738;7738 - Altra sezione del tarso e metatarso;1;Humanitas
28/03/2018;08:24;08:49;MACCHI EMILIA;F;13/03/2013;;9929;9929 - Iniezione o infusione di altre sostanze terapeutic…;1;Humanitas
28/03/2018;;;;;;;9929;9929 - Iniezione o infusione di altre sostanze terapeutic…;1;Humanitas
28/03/2018;;;;;;;9353;9353 - Applicazione di altro corsetto gessato;1;Humanitas
28/03/2018;;;;;;;9353;9353 - Applicazione di altro corsetto gessato;1;Humanitas
28/03/2018;09:33;09:41;EL MKHAILI KHALID;M;27/10/1999;;8832;8832 - Artrografia con contrasto;2;Humanitas
28/03/2018;;;;;;;8832;8832 - Artrografia con contrasto;2;Humanitas
28/03/2018;;;;;;;8192;8192 - Iniezione di sostanze terapeutiche nell’articolazi…;2;Humanitas
28/03/2018;;;;;;;8192;8192 - Iniezione di sostanze terapeutiche nell’articolazi…;2;Humanitas
28/03/2018;;;;;;;9929;9929 - Iniezione o infusione di altre sostanze terapeutic…;2;Humanitas
28/03/2018;;;;;;;9929;9929 - Iniezione o infusione di altre sostanze terapeutic…;2;Humanitas
28/03/2018;10:35;10:51;MORALES ALESSIA;F;06/03/2007;;8385;8385 - Altri cambiamenti di lunghezza di muscoli e tendin…;1;Humanitas
28/03/2018;;;;;;;9929;9929 - Iniezione o infusione di altre sostanze terapeutic…;1;Humanitas
28/03/2018;;;;;;;9353;9353 - Applicazione di altro corsetto gessato;1;Humanitas
28/03/2018;11:56;12:10;MACCARIO ELISA ANNA;F;26/07/2005;;8385;8385 - Altri cambiamenti di lunghezza di muscoli e tendin…;2;Humanitas
28/03/2018;;;;;;;8385;8385 - Altri cambiamenti di lunghezza di muscoli e tendin…;2;Humanitas
28/03/2018;;;;;;;9353;9353 - Applicazione di altro corsetto gessato;2;Humanitas
28/03/2018;;;;;;;9353;9353 - Applicazione di altro corsetto gessato;2;Humanitas
28/03/2018;13:17;13:38;ZUNCHEDDU GIORGIA;F;10/06/2002;;7868;7868 - Rimozione di dispositivo impiantato da tarso e met…;1;Humanitas
28/03/2018;;;;;;;7818;7818 - Applicazione di fissatore esterno di tarso e metat…;1;Humanitas
28/03/2018;14:32;14:44;JABARI OMAR EBRAHIM;M;15/01/2011;;8385;8385 - Altri cambiamenti di lunghezza di muscoli e tendin…;1;Humanitas
28/03/2018;;;;;;;9353;9353 - Applicazione di altro corsetto gessato;1;Humanitas
28/03/2018;15:17;15:25;CROCIFISSO GIUSEPPA;F;01/01/1958;;8201;8201 - Esplorazione della fascia tendinea della mano;2;Humanitas
03/04/2018;08:23;08:40;PAITA MATTIA;M;11/04/2000;;8385;8385 - Altri cambiamenti di lunghezza di muscoli e tendin…;1;Humanitas
03/04/2018;;;;;;;9353;9353 - Applicazione di altro corsetto gessato;1;Humanitas
03/04/2018;09:22;09:29;OCCHIPINTI FRANCESCO;M;20/03/2002;;8118;8118 - Artroeresi dell’articolazione sottoastragalica;1;Humanitas
03/04/2018;10:23;11:15;CAMMILLERI MARIKA;F;18/08/2005;;8385;8385 - Altri cambiamenti di lunghezza di muscoli e tendin…;2;Humanitas
03/04/2018;;;;;;;8375;8375 - Trasposizione o trapianto di tendini;2;Humanitas
03/04/2018;;;;;;;8118;8118 - Artroeresi dell’articolazione sottoastragalica;2;Humanitas
03/04/2018;;;;;;;9353;9353 - Applicazione di altro corsetto gessato;2;Humanitas
03/04/2018;12:21;12:36;MAGNO SOFIA;F;24/05/2010;;7865;7865 - Rimozione di dispositivo impiantato dal femore;1;Humanitas
03/04/2018;14:40;15:13;MONTALBANO SARA RITA;F;01/03/2004;;7865;7865 - Rimozione di dispositivo impiantato dal femore;2;Humanitas
03/04/2018;16:18;16:55;CECCANTI CHRISTIAN;M;09/01/2006;;7825;7825 - Accorciamento del femore;2;Humanitas
03/04/2018;;;;;;;7825;7825 - Accorciamento del femore;2;Humanitas
04/04/2018;12:35;13:41;SHEVCHUK SVYATOSLAV;M;23/07/2005;;8385;8385 - Altri cambiamenti di lunghezza di muscoli e tendin…;2;Humanitas
04/04/2018;;;;;;;8385;8385 - Altri cambiamenti di lunghezza di muscoli e tendin…;2;Humanitas
04/04/2018;;;;;;;8375;8375 - Trasposizione o trapianto di tendini;2;Humanitas
04/04/2018;;;;;;;8375;8375 - Trasposizione o trapianto di tendini;2;Humanitas
04/04/2018;;;;;;;9353;9353 - Applicazione di altro corsetto gessato;2;Humanitas
04/04/2018;;;;;;;9353;9353 - Applicazione di altro corsetto gessato;2;Humanitas
10/04/2018;10:06;10:24;RATTOTTI FILIPPO;M;09/10/2003;;8118;8118 - Artroeresi dell’articolazione sottoastragalica;1;Humanitas
10/04/2018;13:54;17:52;PETRUZZI REBECCA;F;02/09/2011;;7737;7737 - Altra sezione della tibia e fibula;2;Humanitas
10/04/2018;;;;;;;7737;7737 - Altra sezione della tibia e fibula;2;Humanitas
10/04/2018;;;;;;;7825;7825 - Accorciamento del femore;2;Humanitas
10/04/2018;;;;;;;7825;7825 - Accorciamento del femore;2;Humanitas
10/04/2018;;;;;;;8375;8375 - Trasposizione o trapianto di tendini;2;Humanitas
10/04/2018;;;;;;;8375;8375 - Trasposizione o trapianto di tendini;2;Humanitas
10/04/2018;;;;;;;9929;9929 - Iniezione o infusione di altre sostanze terapeutic…;2;Humanitas
10/04/2018;;;;;;;9929;9929 - Iniezione o infusione di altre sostanze terapeutic…;2;Humanitas
10/04/2018;;;;;;;9353;9353 - Applicazione di altro corsetto gessato;2;Humanitas
10/04/2018;;;;;;;9353;9353 - Applicazione di altro corsetto gessato;2;Humanitas
10/04/2018;17:57;18:34;MAGGIONI VITTORIO EDOARDO;M;24/09/2004;;7865;7865 - Rimozione di dispositivo impiantato dal femore;3;Humanitas
10/04/2018;;;;;;;8832;8832 - Artrografia con contrasto;3;Humanitas
10/04/2018;;;;;;;8832;8832 - Artrografia con contrasto;3;Humanitas
10/04/2018;;;;;;;8192;8192 - Iniezione di sostanze terapeutiche nell’articolazi…;3;Humanitas
10/04/2018;;;;;;;8192;8192 - Iniezione di sostanze terapeutiche nell’articolazi…;3;Humanitas
11/04/2018;08:37;08:45;MARINO VITTORIA;F;04/10/2007;;8118;8118 - Artroeresi dell’articolazione sottoastragalica;2;Humanitas
11/04/2018;09:42;10:31;RAVAGLI ALICE;F;14/12/2004;;7827;7827 - Accorciamento di tibia e fibula;2;Humanitas
11/04/2018;12:00;13:51;BORELLA ADA MARIA;F;25/06/2012;;7733;7733 - Altra sezione del radio e dell’ulna;2;Humanitas
11/04/2018;;;;;;;9353;9353 - Applicazione di altro corsetto gessato;2;Humanitas
11/04/2018;15:17;15:32;COLOMBO DANIELE;M;21/05/2001;;8027;8027 - Artroscopia della caviglia;3;Humanitas
11/04/2018;;;;;;;8077;8077 - Sinoviectomia della caviglia;3;Humanitas
11/04/2018;16:44;18:04;MOLINARI TOSATTI TERESA MARIA;F;12/05/2005;;7865;7865 - Rimozione di dispositivo impiantato dal femore;2;Humanitas
11/04/2018;18:28;19:08;SARACENI DAVIDE;M;17/09/1982;;8385;8385 - Altri cambiamenti di lunghezza di muscoli e tendin…;3;Humanitas
11/04/2018;;;;;;;8375;8375 - Trasposizione o trapianto di tendini;3;Humanitas
11/04/2018;;;;;;;9929;9929 - Iniezione o infusione di altre sostanze terapeutic…;3;Humanitas
11/04/2018;;;;;;;9353;9353 - Applicazione di altro corsetto gessato;3;Humanitas
17/04/2018;08:24;08:40;ROSSI NICOLO';M;03/05/2007;;8385;8385 - Altri cambiamenti di lunghezza di muscoli e tendin…;1;Humanitas
17/04/2018;;;;;;;9929;9929 - Iniezione o infusione di altre sostanze terapeutic…;1;Humanitas
17/04/2018;;;;;;;9353;9353 - Applicazione di altro corsetto gessato;1;Humanitas
17/04/2018;09:30;09:46;LOCATELLI MATTIA;M;08/09/2002;;8118;8118 - Artroeresi dell’articolazione sottoastragalica;1;Humanitas
17/04/2018;10:54;12:04;LUONGO VITTORIO MATTEO;M;10/08/2010;;8385;8385 - Altri cambiamenti di lunghezza di muscoli e tendin…;2;Humanitas
17/04/2018;;;;;;;8375;8375 - Trasposizione o trapianto di tendini;2;Humanitas
17/04/2018;;;;;;;7728;7728 - Resezione cuneiforme del tarso e metatarso;2;Humanitas
17/04/2018;;;;;;;8117;8117 - Altra fusione del piede;2;Humanitas
17/04/2018;;;;;;;9353;9353 - Applicazione di altro corsetto gessato;2;Humanitas
24/04/2018;07:59;08:10;UREA ELENA COSMINA;F;06/11/2011;;9929;9929 - Iniezione o infusione di altre sostanze terapeutic…;1;Humanitas
24/04/2018;;;;;;;9353;9353 - Applicazione di altro corsetto gessato;1;Humanitas
24/04/2018;08:35;09:00;BONI BEATRICE;F;20/10/2004;;8118;8118 - Artroeresi dell’articolazione sottoastragalica;1;Humanitas
24/04/2018;09:49;10:09;AUTUORI GIULIA ARIANNA;F;15/05/2005;;7825;7825 - Accorciamento del femore;2;Humanitas
24/04/2018;;;;;;;7825;7825 - Accorciamento del femore;2;Humanitas
24/04/2018;11:34;11:46;CITO STEFANIA;F;07/01/1968;;7738;7738 - Altra sezione del tarso e metatarso;2;Humanitas
08/05/2018;10:03;11:53;BELLEZZA DIEGO;M;20/09/2003;;7825;7825 - Accorciamento del femore;1;Humanitas
08/05/2018;;;;;;;7825;7825 - Accorciamento del femore;1;Humanitas
08/05/2018;;;;;;;7865;7865 - Rimozione di dispositivo impiantato dal femore;1;Humanitas
08/05/2018;12:41;12:48;BIGI CHIARA;F;24/01/2003;;8118;8118 - Artroeresi dell’articolazione sottoastragalica;2;Humanitas
08/05/2018;14:51;18:00;FABBROCILE ANNACHIARA;F;30/05/2006;;7725;7725 - Resezione cuneiforme del femore;2;Humanitas
08/05/2018;;;;;;;7739;7739 - Altra sezione di altre ossa, escluse quelle faccia…;2;Humanitas
08/05/2018;;;;;;;8385;8385 - Altri cambiamenti di lunghezza di muscoli e tendin…;2;Humanitas
08/05/2018;;;;;;;7738;7738 - Altra sezione del tarso e metatarso;2;Humanitas
08/05/2018;;;;;;;7738;7738 - Altra sezione del tarso e metatarso;2;Humanitas
08/05/2018;;;;;;;8117;8117 - Altra fusione del piede;2;Humanitas
08/05/2018;;;;;;;8117;8117 - Altra fusione del piede;2;Humanitas
08/05/2018;;;;;;;9353;9353 - Applicazione di altro corsetto gessato;2;Humanitas
08/05/2018;;;;;;;9353;9353 - Applicazione di altro corsetto gessato;2;Humanitas
09/05/2018;08:30;08:49;CUSUMANO CATERINA;F;30/11/1941;;7738;7738 - Altra sezione del tarso e metatarso;2;Humanitas
09/05/2018;09:27;09:34;TOMASINI AURORA;F;06/04/2005;;8118;8118 - Artroeresi dell’articolazione sottoastragalica;2;Humanitas
09/05/2018;10:07;10:46;GALIMBERTI ERNESTO;M;31/08/1963;;8026;8026 - Artroscopia del ginocchio;3;Humanitas
09/05/2018;;;;;;;806;806 - Asportazione di cartilagine semilunare del ginocch…;3;Humanitas
09/05/2018;12:41;15:33;NAPPI SILVIA MARIAPIA;F;25/01/2007;;7738;7738 - Altra sezione del tarso e metatarso;2;Humanitas
09/05/2018;;;;;;;7738;7738 - Altra sezione del tarso e metatarso;2;Humanitas
09/05/2018;;;;;;;7728;7728 - Resezione cuneiforme del tarso e metatarso;2;Humanitas
09/05/2018;;;;;;;7728;7728 - Resezione cuneiforme del tarso e metatarso;2;Humanitas
09/05/2018;;;;;;;8375;8375 - Trasposizione o trapianto di tendini;2;Humanitas
09/05/2018;;;;;;;8375;8375 - Trasposizione o trapianto di tendini;2;Humanitas
09/05/2018;;;;;;;8385;8385 - Altri cambiamenti di lunghezza di muscoli e tendin…;2;Humanitas
09/05/2018;;;;;;;9353;9353 - Applicazione di altro corsetto gessato;2;Humanitas
09/05/2018;;;;;;;9353;9353 - Applicazione di altro corsetto gessato;2;Humanitas
09/05/2018;16:39;18:14;TOTH PETER TIBOR;M;05/05/2010;;7728;7728 - Resezione cuneiforme del tarso e metatarso;2;Humanitas
09/05/2018;;;;;;;7738;7738 - Altra sezione del tarso e metatarso;2;Humanitas
09/05/2018;;;;;;;8375;8375 - Trasposizione o trapianto di tendini;2;Humanitas
09/05/2018;;;;;;;9353;9353 - Applicazione di altro corsetto gessato;2;Humanitas
15/05/2018;09:24;10:11;SANSALONE EDOARDO;M;07/12/2003;;7865;7865 - Rimozione di dispositivo impiantato dal femore;1;Humanitas
15/05/2018;;;;;;;7865;7865 - Rimozione di dispositivo impiantato dal femore;1;Humanitas
15/05/2018;11:48;12:15;MAVIGLIA BONAVENTURA;M;08/04/2012;;8385;8385 - Altri cambiamenti di lunghezza di muscoli e tendin…;2;Humanitas
15/05/2018;;;;;;;8832;8832 - Artrografia con contrasto;2;Humanitas
15/05/2018;;;;;;;8832;8832 - Artrografia con contrasto;2;Humanitas
15/05/2018;;;;;;;8192;8192 - Iniezione di sostanze terapeutiche nell’articolazi…;2;Humanitas
16/05/2018;09:20;09:26;BORELLA ADA MARIA;F;25/06/2012;;7863;7863 - Rimozione di dispositivo impiantato da radio e uln…;3;Humanitas
16/05/2018;;;;;;;9353;9353 - Applicazione di altro corsetto gessato;3;Humanitas
16/05/2018;10:11;11:01;ZUNCHEDDU GIORGIA;F;10/06/2002;;7868;7868 - Rimozione di dispositivo impiantato da tarso e met…;1;Humanitas
16/05/2018;;;;;;;7818;7818 - Applicazione di fissatore esterno di tarso e metat…;1;Humanitas
16/05/2018;12:09;13:49;NAVARRETE HERRERA ISADORA FERNANDA;F;14/03/2004;;8385;8385 - Altri cambiamenti di lunghezza di muscoli e tendin…;2;Humanitas
16/05/2018;;;;;;;7865;7865 - Rimozione di dispositivo impiantato dal femore;2;Humanitas
22/05/2018;09:22;09:42;D'ANNA VINCENZO;M;11/05/2003;;8118;8118 - Artroeresi dell’articolazione sottoastragalica;2;Humanitas
22/05/2018;10:18;10:33;D'ANZI LORENZO OTTAVIO ANTONIO;M;06/04/2004;;8118;8118 - Artroeresi dell’articolazione sottoastragalica;1;Humanitas
22/05/2018;11:26;12:13;LAZZARINI SUAREZ JASON ERMAN;M;04/11/2008;;8375;8375 - Trasposizione o trapianto di tendini;2;Humanitas
22/05/2018;;;;;;;8375;8375 - Trasposizione o trapianto di tendini;2;Humanitas
22/05/2018;;;;;;;8385;8385 - Altri cambiamenti di lunghezza di muscoli e tendin…;2;Humanitas
22/05/2018;;;;;;;8385;8385 - Altri cambiamenti di lunghezza di muscoli e tendin…;2;Humanitas
22/05/2018;;;;;;;9929;9929 - Iniezione o infusione di altre sostanze terapeutic…;2;Humanitas
22/05/2018;;;;;;;9929;9929 - Iniezione o infusione di altre sostanze terapeutic…;2;Humanitas
22/05/2018;14:02;14:38;LIBERA CRISTIAN;M;16/05/1990;;8385;8385 - Altri cambiamenti di lunghezza di muscoli e tendin…;2;Humanitas
22/05/2018;;;;;;;8385;8385 - Altri cambiamenti di lunghezza di muscoli e tendin…;2;Humanitas
22/05/2018;;;;;;;9929;9929 - Iniezione o infusione di altre sostanze terapeutic…;2;Humanitas
22/05/2018;;;;;;;9929;9929 - Iniezione o infusione di altre sostanze terapeutic…;2;Humanitas
22/05/2018;15:54;16:02;LA VOLPE LUIGI;M;16/01/2004;;8118;8118 - Artroeresi dell’articolazione sottoastragalica;2;Humanitas
22/05/2018;17:16;19:18;PASCU ALIN IOAN;M;10/09/2002;;7865;7865 - Rimozione di dispositivo impiantato dal femore;2;Humanitas
22/05/2018;;;;;;;7865;7865 - Rimozione di dispositivo impiantato dal femore;2;Humanitas
22/05/2018;;;;;;;8832;8832 - Artrografia con contrasto;2;Humanitas
22/05/2018;;;;;;;7735;7735 - Altra sezione del femore;2;Humanitas
23/05/2018;08:42;09:15;MALLAMACE TERESA;F;15/01/1951;;7751;7751 - Asportazione di borsite con correzione dei tessuti…;2;Humanitas
23/05/2018;;;;;;;7738;7738 - Altra sezione del tarso e metatarso;2;Humanitas
23/05/2018;10:16;10:51;ROSSANIGO EDOARDO;M;18/03/2006;;7827;7827 - Accorciamento di tibia e fibula;2;Humanitas
23/05/2018;;;;;;;7827;7827 - Accorciamento di tibia e fibula;2;Humanitas
23/05/2018;12:12;12:23;FEHLHABER MARCO;M;15/05/1970;;8026;8026 - Artroscopia del ginocchio;3;Humanitas
23/05/2018;;;;;;;806;806 - Asportazione di cartilagine semilunare del ginocch…;3;Humanitas
23/05/2018;;;;;;;8076;8076 - Sinoviectomia del ginocchio;3;Humanitas
23/05/2018;13:32;14:28;RATTI STEFANO;M;24/02/2003;;7825;7825 - Accorciamento del femore;2;Humanitas
29/05/2018;12:34;15:57;CARRIERI PAMELA;F;23/04/2006;;7725;7725 - Resezione cuneiforme del femore;1;Humanitas
29/05/2018;;;;;;;7725;7725 - Resezione cuneiforme del femore;1;Humanitas
29/05/2018;;;;;;;7739;7739 - Altra sezione di altre ossa, escluse quelle faccia…;1;Humanitas
29/05/2018;17:00;17:57;SCOPELLITI GAETANO;M;25/12/1988;;8385;8385 - Altri cambiamenti di lunghezza di muscoli e tendin…;2;Humanitas
29/05/2018;;;;;;;8375;8375 - Trasposizione o trapianto di tendini;2;Humanitas
29/05/2018;;;;;;;9353;9353 - Applicazione di altro corsetto gessato;2;Humanitas
29/05/2018;;;;;;;7738;7738 - Altra sezione del tarso e metatarso;2;Humanitas
29/05/2018;;;;;;;9929;9929 - Iniezione o infusione di altre sostanze terapeutic…;2;Humanitas
30/05/2018;08:05;08:47;DOAS MARIAM NSHAT HABEB;F;06/02/2002;;7865;7865 - Rimozione di dispositivo impiantato dal femore;1;Humanitas
30/05/2018;;;;;;;7867;7867 - Rimozione di dispositivo impiantato da tibia e fib…;1;Humanitas
30/05/2018;10:47;12:15;CRISTOFORETTI NICCOLO';M;07/06/2003;;7865;7865 - Rimozione di dispositivo impiantato dal femore;2;Humanitas
30/05/2018;;;;;;;8385;8385 - Altri cambiamenti di lunghezza di muscoli e tendin…;2;Humanitas
30/05/2018;;;;;;;8385;8385 - Altri cambiamenti di lunghezza di muscoli e tendin…;2;Humanitas
30/05/2018;;;;;;;8375;8375 - Trasposizione o trapianto di tendini;2;Humanitas
30/05/2018;;;;;;;8375;8375 - Trasposizione o trapianto di tendini;2;Humanitas
30/05/2018;13:50;15:19;VASSALLO FRANCESCO;M;24/04/2003;;7738;7738 - Altra sezione del tarso e metatarso;2;Humanitas
30/05/2018;;;;;;;7738;7738 - Altra sezione del tarso e metatarso;2;Humanitas
30/05/2018;;;;;;;7728;7728 - Resezione cuneiforme del tarso e metatarso;2;Humanitas
30/05/2018;;;;;;;7728;7728 - Resezione cuneiforme del tarso e metatarso;2;Humanitas
30/05/2018;;;;;;;8117;8117 - Altra fusione del piede;2;Humanitas
30/05/2018;;;;;;;8117;8117 - Altra fusione del piede;2;Humanitas
30/05/2018;;;;;;;8385;8385 - Altri cambiamenti di lunghezza di muscoli e tendin…;2;Humanitas
30/05/2018;;;;;;;8385;8385 - Altri cambiamenti di lunghezza di muscoli e tendin…;2;Humanitas
30/05/2018;;;;;;;9929;9929 - Iniezione o infusione di altre sostanze terapeutic…;2;Humanitas
30/05/2018;;;;;;;9929;9929 - Iniezione o infusione di altre sostanze terapeutic…;2;Humanitas
30/05/2018;;;;;;;9353;9353 - Applicazione di altro corsetto gessato;2;Humanitas
30/05/2018;;;;;;;9353;9353 - Applicazione di altro corsetto gessato;2;Humanitas
05/06/2018;08:20;08:25;SCIANO' EMMA;F;13/05/2012;;9929;9929 - Iniezione o infusione di altre sostanze terapeutic…;1;Humanitas
05/06/2018;;;;;;;9353;9353 - Applicazione di altro corsetto gessato;1;Humanitas
05/06/2018;09:02;09:12;POP DIEGO ANAKIN;M;21/06/2005;;8118;8118 - Artroeresi dell’articolazione sottoastragalica;1;Humanitas
05/06/2018;09:54;10:06;ROMANO LUCREZIA;F;21/08/2004;;8118;8118 - Artroeresi dell’articolazione sottoastragalica;1;Humanitas
05/06/2018;11:27;12:00;ESPOSITO FRANCESCA;F;25/10/2010;;7865;7865 - Rimozione di dispositivo impiantato dal femore;1;Humanitas
05/06/2018;;;;;;;7865;7865 - Rimozione di dispositivo impiantato dal femore;1;Humanitas
05/06/2018;;;;;;;8385;8385 - Altri cambiamenti di lunghezza di muscoli e tendin…;1;Humanitas
05/06/2018;;;;;;;8385;8385 - Altri cambiamenti di lunghezza di muscoli e tendin…;1;Humanitas
05/06/2018;;;;;;;9929;9929 - Iniezione o infusione di altre sostanze terapeutic…;1;Humanitas
05/06/2018;;;;;;;9929;9929 - Iniezione o infusione di altre sostanze terapeutic…;1;Humanitas
05/06/2018;13:56;15:34;VINCI ANGELO;M;26/10/2008;;7725;7725 - Resezione cuneiforme del femore;2;Humanitas
05/06/2018;16:58;18:18;CABRINO ALBERTO;M;16/02/2005;;7825;7825 - Accorciamento del femore;2;Humanitas
05/06/2018;;;;;;;7825;7825 - Accorciamento del femore;2;Humanitas
06/06/2018;08:33;09:55;CLEMENTI CAMILLA;F;12/08/2010;;7865;7865 - Rimozione di dispositivo impiantato dal femore;2;Humanitas
06/06/2018;;;;;;;7825;7825 - Accorciamento del femore;2;Humanitas
06/06/2018;;;;;;;8385;8385 - Altri cambiamenti di lunghezza di muscoli e tendin…;2;Humanitas
06/06/2018;;;;;;;8385;8385 - Altri cambiamenti di lunghezza di muscoli e tendin…;2;Humanitas
06/06/2018;11:25;12:32;GRIECO DAVIDE;M;24/11/2001;;7865;7865 - Rimozione di dispositivo impiantato dal femore;2;Humanitas
06/06/2018;;;;;;;7865;7865 - Rimozione di dispositivo impiantato dal femore;2;Humanitas
06/06/2018;;;;;;;8832;8832 - Artrografia con contrasto;2;Humanitas
06/06/2018;;;;;;;8192;8192 - Iniezione di sostanze terapeutiche nell’articolazi…;2;Humanitas
06/06/2018;;;;;;;9929;9929 - Iniezione o infusione di altre sostanze terapeutic…;2;Humanitas
06/06/2018;;;;;;;9929;9929 - Iniezione o infusione di altre sostanze terapeutic…;2;Humanitas
06/06/2018;14:00;14:39;PALMERO NOEMI;F;31/10/2005;;7865;7865 - Rimozione di dispositivo impiantato dal femore;2;Humanitas
06/06/2018;;;;;;;8832;8832 - Artrografia con contrasto;2;Humanitas
06/06/2018;;;;;;;8192;8192 - Iniezione di sostanze terapeutiche nell’articolazi…;2;Humanitas
06/06/2018;;;;;;;9929;9929 - Iniezione o infusione di altre sostanze terapeutic…;2;Humanitas
06/06/2018;16:01;18:11;DI NUNZIO MATTEO;M;28/06/2006;;7825;7825 - Accorciamento del femore;2;Humanitas
06/06/2018;;;;;;;7827;7827 - Accorciamento di tibia e fibula;2;Humanitas
06/06/2018;;;;;;;7867;7867 - Rimozione di dispositivo impiantato da tibia e fib…;2;Humanitas
06/06/2018;;;;;;;7735;7735 - Altra sezione del femore;2;Humanitas
06/06/2018;;;;;;;7737;7737 - Altra sezione della tibia e fibula;2;Humanitas
06/06/2018;;;;;;;8684;8684 - Correzione di cicatrice o briglia retrattile della…;2;Humanitas
12/06/2018;08:27;08:35;MAGGI ALESSANDRO;M;27/07/2012;;8826;8826 - Altra radiografia di pelvi e anca;1;Humanitas
12/06/2018;;;;;;;8826;8826 - Altra radiografia di pelvi e anca;1;Humanitas
12/06/2018;;;;;;;9929;9929 - Iniezione o infusione di altre sostanze terapeutic…;1;Humanitas
12/06/2018;;;;;;;9929;9929 - Iniezione o infusione di altre sostanze terapeutic…;1;Humanitas
12/06/2018;10:02;10:23;ORLANDINI ADRIAN GABRIEL;M;28/01/2006;;8118;8118 - Artroeresi dell’articolazione sottoastragalica;2;Humanitas
12/06/2018;11:25;11:37;BROGNOLI MARIA GIULIA;F;11/11/2003;;8118;8118 - Artroeresi dell’articolazione sottoastragalica;1;Humanitas
12/06/2018;14:03;14:43;GALOFARO ALBERTO VINCENZO;M;01/03/2011;;8385;8385 - Altri cambiamenti di lunghezza di muscoli e tendin…;2;Humanitas
12/06/2018;;;;;;;8385;8385 - Altri cambiamenti di lunghezza di muscoli e tendin…;2;Humanitas
12/06/2018;;;;;;;8826;8826 - Altra radiografia di pelvi e anca;2;Humanitas
12/06/2018;;;;;;;8826;8826 - Altra radiografia di pelvi e anca;2;Humanitas
12/06/2018;16:05;16:12;GENTILE VERONICA;F;05/01/2007;;8118;8118 - Artroeresi dell’articolazione sottoastragalica;2;Humanitas
13/06/2018;10:33;13:12;HUZUM LARISA ANDREEA;F;25/06/2011;;7725;7725 - Resezione cuneiforme del femore;2;Humanitas
13/06/2018;;;;;;;7725;7725 - Resezione cuneiforme del femore;2;Humanitas
13/06/2018;;;;;;;8385;8385 - Altri cambiamenti di lunghezza di muscoli e tendin…;2;Humanitas
13/06/2018;;;;;;;8385;8385 - Altri cambiamenti di lunghezza di muscoli e tendin…;2;Humanitas
13/06/2018;;;;;;;9353;9353 - Applicazione di altro corsetto gessato;2;Humanitas
13/06/2018;;;;;;;9353;9353 - Applicazione di altro corsetto gessato;2;Humanitas
13/06/2018;14:15;14:39;GORLA GIORGIO;M;17/11/2003;;8118;8118 - Artroeresi dell’articolazione sottoastragalica;2;Humanitas
13/06/2018;;;;;;;7728;7728 - Resezione cuneiforme del tarso e metatarso;2;Humanitas
13/06/2018;15:39;16:31;FALL EL HADJI RAWANE;M;04/04/2003;;7867;7867 - Rimozione di dispositivo impiantato da tibia e fib…;2;Humanitas
13/06/2018;;;;;;;7728;7728 - Resezione cuneiforme del tarso e metatarso;2;Humanitas
13/06/2018;;;;;;;8117;8117 - Altra fusione del piede;2;Humanitas
13/06/2018;;;;;;;8385;8385 - Altri cambiamenti di lunghezza di muscoli e tendin…;2;Humanitas
13/06/2018;;;;;;;9353;9353 - Applicazione di altro corsetto gessato;2;Humanitas
13/06/2018;17:24;18:04;BONIZZONI FRANCESCA;F;02/03/1998;;7867;7867 - Rimozione di dispositivo impiantato da tibia e fib…;1;Humanitas
13/06/2018;;;;;;;7867;7867 - Rimozione di dispositivo impiantato da tibia e fib…;1;Humanitas
19/06/2018;09:29;10:16;DEL DIN GABRIELE;M;08/01/2011;;7725;7725 - Resezione cuneiforme del femore;2;Humanitas
19/06/2018;11:50;12:38;GIACOVELLI MARIO;M;16/03/2007;;7738;7738 - Altra sezione del tarso e metatarso;2;Humanitas
19/06/2018;;;;;;;8385;8385 - Altri cambiamenti di lunghezza di muscoli e tendin…;2;Humanitas
19/06/2018;;;;;;;8375;8375 - Trasposizione o trapianto di tendini;2;Humanitas
19/06/2018;;;;;;;9353;9353 - Applicazione di altro corsetto gessato;2;Humanitas
19/06/2018;15:06;17:44;CICCHELLA GIANLUIGI;M;31/03/2003;;7865;7865 - Rimozione di dispositivo impiantato dal femore;2;Humanitas
19/06/2018;;;;;;;7865;7865 - Rimozione di dispositivo impiantato dal femore;2;Humanitas
19/06/2018;;;;;;;7728;7728 - Resezione cuneiforme del tarso e metatarso;2;Humanitas
19/06/2018;;;;;;;7728;7728 - Resezione cuneiforme del tarso e metatarso;2;Humanitas
19/06/2018;;;;;;;7738;7738 - Altra sezione del tarso e metatarso;2;Humanitas
19/06/2018;;;;;;;7738;7738 - Altra sezione del tarso e metatarso;2;Humanitas
19/06/2018;;;;;;;8117;8117 - Altra fusione del piede;2;Humanitas
19/06/2018;;;;;;;8117;8117 - Altra fusione del piede;2;Humanitas
19/06/2018;;;;;;;8385;8385 - Altri cambiamenti di lunghezza di muscoli e tendin…;2;Humanitas
19/06/2018;;;;;;;8385;8385 - Altri cambiamenti di lunghezza di muscoli e tendin…;2;Humanitas
19/06/2018;;;;;;;9929;9929 - Iniezione o infusione di altre sostanze terapeutic…;2;Humanitas
19/06/2018;;;;;;;9929;9929 - Iniezione o infusione di altre sostanze terapeutic…;2;Humanitas
19/06/2018;;;;;;;9353;9353 - Applicazione di altro corsetto gessato;2;Humanitas
19/06/2018;;;;;;;9353;9353 - Applicazione di altro corsetto gessato;2;Humanitas
20/06/2018;10:42;12:33;PLATANIA VALERIO;M;16/09/2004;;7827;7827 - Accorciamento di tibia e fibula;2;Humanitas
20/06/2018;;;;;;;7738;7738 - Altra sezione del tarso e metatarso;2;Humanitas
20/06/2018;;;;;;;8117;8117 - Altra fusione del piede;2;Humanitas
20/06/2018;;;;;;;8385;8385 - Altri cambiamenti di lunghezza di muscoli e tendin…;2;Humanitas
20/06/2018;;;;;;;8375;8375 - Trasposizione o trapianto di tendini;2;Humanitas
20/06/2018;;;;;;;9353;9353 - Applicazione di altro corsetto gessato;2;Humanitas
20/06/2018;16:27;17:11;FABOZZI MARCO;M;12/03/2005;;7827;7827 - Accorciamento di tibia e fibula;2;Humanitas
20/06/2018;;;;;;;7827;7827 - Accorciamento di tibia e fibula;2;Humanitas
26/06/2018;08:48;09:19;FAVI DARIA;F;27/11/2005;;7865;7865 - Rimozione di dispositivo impiantato dal femore;2;Humanitas
26/06/2018;;;;;;;7865;7865 - Rimozione di dispositivo impiantato dal femore;2;Humanitas
26/06/2018;;;;;;;8385;8385 - Altri cambiamenti di lunghezza di muscoli e tendin…;2;Humanitas
26/06/2018;;;;;;;8385;8385 - Altri cambiamenti di lunghezza di muscoli e tendin…;2;Humanitas
26/06/2018;;;;;;;9929;9929 - Iniezione o infusione di altre sostanze terapeutic…;2;Humanitas
26/06/2018;;;;;;;9929;9929 - Iniezione o infusione di altre sostanze terapeutic…;2;Humanitas
26/06/2018;11:00;12:04;RIZZO MANUEL;M;19/10/2007;;7825;7825 - Accorciamento del femore;3;Humanitas
26/06/2018;;;;;;;7827;7827 - Accorciamento di tibia e fibula;3;Humanitas
26/06/2018;;;;;;;7827;7827 - Accorciamento di tibia e fibula;3;Humanitas
26/06/2018;;;;;;;7865;7865 - Rimozione di dispositivo impiantato dal femore;3;Humanitas
26/06/2018;13:25;14:00;VIOLA MARIA ELENA;F;19/12/1963;;8375;8375 - Trasposizione o trapianto di tendini;2;Humanitas
26/06/2018;;;;;;;8385;8385 - Altri cambiamenti di lunghezza di muscoli e tendin…;2;Humanitas
26/06/2018;;;;;;;9353;9353 - Applicazione di altro corsetto gessato;2;Humanitas
26/06/2018;14:45;15:05;CUZZI ALESSANDRO;M;18/10/2002;;8118;8118 - Artroeresi dell’articolazione sottoastragalica;2;Humanitas
26/06/2018;;;;;;;8301;8301 - Esplorazione della fascia tendinea;2;Humanitas
26/06/2018;16:03;17:50;CAPANO SILVIA;F;24/08/2001;;7725;7725 - Resezione cuneiforme del femore;2;Humanitas
26/06/2018;;;;;;;7728;7728 - Resezione cuneiforme del tarso e metatarso;2;Humanitas
26/06/2018;;;;;;;8375;8375 - Trasposizione o trapianto di tendini;2;Humanitas
26/06/2018;;;;;;;8385;8385 - Altri cambiamenti di lunghezza di muscoli e tendin…;2;Humanitas
27/06/2018;08:13;08:29;ARIATTA MATTIA;M;08/03/2006;;8118;8118 - Artroeresi dell’articolazione sottoastragalica;1;Humanitas
27/06/2018;09:24;09:54;MARONI CAMILLA MARIA;F;31/05/2005;;7827;7827 - Accorciamento di tibia e fibula;2;Humanitas
27/06/2018;;;;;;;7827;7827 - Accorciamento di tibia e fibula;2;Humanitas
27/06/2018;11:06;11:17;BALABAN DENIS MARIO;M;22/11/2009;;8385;8385 - Altri cambiamenti di lunghezza di muscoli e tendin…;2;Humanitas
27/06/2018;;;;;;;9929;9929 - Iniezione o infusione di altre sostanze terapeutic…;2;Humanitas
27/06/2018;;;;;;;9353;9353 - Applicazione di altro corsetto gessato;2;Humanitas
27/06/2018;12:18;12:51;ZUNCHEDDU GIORGIA;F;10/06/2002;;7868;7868 - Rimozione di dispositivo impiantato da tarso e met…;2;Humanitas
27/06/2018;;;;;;;9172;9172 - Esame microscopico di campione di ferita operatori…;2;Humanitas
27/06/2018;15:10;17:00;CONFORTOLA MASSIMO;M;08/12/2003;;8375;8375 - Trasposizione o trapianto di tendini;2;Humanitas
27/06/2018;;;;;;;8385;8385 - Altri cambiamenti di lunghezza di muscoli e tendin…;2;Humanitas
27/06/2018;;;;;;;8385;8385 - Altri cambiamenti di lunghezza di muscoli e tendin…;2;Humanitas
27/06/2018;;;;;;;9353;9353 - Applicazione di altro corsetto gessato;2;Humanitas
27/06/2018;;;;;;;9353;9353 - Applicazione di altro corsetto gessato;2;Humanitas
03/07/2018;09:45;12:40;CATALANO ASIA;F;28/04/2005;;7725;7725 - Resezione cuneiforme del femore;2;Humanitas
03/07/2018;;;;;;;7739;7739 - Altra sezione di altre ossa, escluse quelle faccia…;2;Humanitas
03/07/2018;;;;;;;8385;8385 - Altri cambiamenti di lunghezza di muscoli e tendin…;2;Humanitas
03/07/2018;;;;;;;7809;7809 - Innesto osseo di altre ossa;2;Humanitas
03/07/2018;;;;;;;8196;8196 - Altra riparazione articolare;2;Humanitas
03/07/2018;14:55;15:33;TEMPONE SOFIA MARIA;F;04/04/2006;;8375;8375 - Trasposizione o trapianto di tendini;1;Humanitas
03/07/2018;;;;;;;8385;8385 - Altri cambiamenti di lunghezza di muscoli e tendin…;1;Humanitas
03/07/2018;;;;;;;9929;9929 - Iniezione o infusione di altre sostanze terapeutic…;1;Humanitas
03/07/2018;;;;;;;9353;9353 - Applicazione di altro corsetto gessato;1;Humanitas
04/07/2018;10:46;10:52;CARUGO SOFIA;F;20/11/2005;;7867;7867 - Rimozione di dispositivo impiantato da tibia e fib…;3;Humanitas
04/07/2018;15:12;16:27;ARRIGONI MAKSIM;M;08/03/2010;;7825;7825 - Accorciamento del femore;3;Humanitas
04/07/2018;;;;;;;7825;7825 - Accorciamento del femore;3;Humanitas
04/07/2018;;;;;;;7827;7827 - Accorciamento di tibia e fibula;3;Humanitas
10/07/2018;08:11;08:19;PILI ANNABELLA;F;24/10/1990;;9929;9929 - Iniezione o infusione di altre sostanze terapeutic…;1;Humanitas
10/07/2018;;;;;;;9929;9929 - Iniezione o infusione di altre sostanze terapeutic…;1;Humanitas
10/07/2018;10:04;11:01;DELRE ANNARITA;F;01/06/2002;;7865;7865 - Rimozione di dispositivo impiantato dal femore;2;Humanitas
10/07/2018;;;;;;;7865;7865 - Rimozione di dispositivo impiantato dal femore;2;Humanitas
11/07/2018;13:53;14:20;CANNELLA CONCETTA;F;05/08/1995;;7867;7867 - Rimozione di dispositivo impiantato da tibia e fib…;2;Humanitas
11/07/2018;;;;;;;8684;8684 - Correzione di cicatrice o briglia retrattile della…;2;Humanitas
11/07/2018;;;;;;;9929;9929 - Iniezione o infusione di altre sostanze terapeutic…;2;Humanitas
25/07/2018;08:31;08:57;BASSAN CAMILLA;F;10/10/2005;;7862;7862 - Rimozione di dispositivo impiantato dall’omero;2;Humanitas
25/07/2018;;;;;;;9179;9179 - Esame microscopico di campione di ferita operatori…;2;Humanitas
25/07/2018;;;;;;;8684;8684 - Correzione di cicatrice o briglia retrattile della…;2;Humanitas
04/09/2018;10:15;12:31;BARBARO VINCENZO;M;17/03/1997;;7728;7728 - Resezione cuneiforme del tarso e metatarso;3;Humanitas
04/09/2018;;;;;;;7728;7728 - Resezione cuneiforme del tarso e metatarso;3;Humanitas
04/09/2018;;;;;;;9353;9353 - Applicazione di altro corsetto gessato;3;Humanitas
04/09/2018;;;;;;;9353;9353 - Applicazione di altro corsetto gessato;3;Humanitas
05/09/2018;10:17;10:22;BRANCHI ALBERTO;M;12/10/2004;;8118;8118 - Artroeresi dell’articolazione sottoastragalica;3;Humanitas
05/09/2018;10:40;10:50;CRESSONI FRANCESCO;M;12/05/2003;;8118;8118 - Artroeresi dell’articolazione sottoastragalica;3;Humanitas
05/09/2018;15:28;17:00;PERINELLI EDOARDO;M;12/08/2002;;8385;8385 - Altri cambiamenti di lunghezza di muscoli e tendin…;3;Humanitas
05/09/2018;;;;;;;7728;7728 - Resezione cuneiforme del tarso e metatarso;3;Humanitas
05/09/2018;;;;;;;7738;7738 - Altra sezione del tarso e metatarso;3;Humanitas
05/09/2018;;;;;;;8129;8129 - Artrodesi di altra articolazione specificata;3;Humanitas
05/09/2018;;;;;;;9353;9353 - Applicazione di altro corsetto gessato;3;Humanitas
11/09/2018;11:09;11:58;TRULLI FABRIZIO;M;13/02/2000;;7865;7865 - Rimozione di dispositivo impiantato dal femore;2;Humanitas
11/09/2018;;;;;;;7865;7865 - Rimozione di dispositivo impiantato dal femore;2;Humanitas
11/09/2018;15:23;17:40;MIGLIAVACCA GINEVRA;F;10/07/2006;;7725;7725 - Resezione cuneiforme del femore;2;Humanitas
11/09/2018;;;;;;;7725;7725 - Resezione cuneiforme del femore;2;Humanitas
11/09/2018;;;;;;;7739;7739 - Altra sezione di altre ossa, escluse quelle faccia…;2;Humanitas
11/09/2018;;;;;;;8385;8385 - Altri cambiamenti di lunghezza di muscoli e tendin…;2;Humanitas
11/09/2018;;;;;;;8385;8385 - Altri cambiamenti di lunghezza di muscoli e tendin…;2;Humanitas
12/09/2018;09:58;10:03;GIANOLI SERENA;F;12/02/2006;;8118;8118 - Artroeresi dell’articolazione sottoastragalica;3;Humanitas
12/09/2018;10:48;11:24;RIVA PIETRO;M;14/01/2004;;7728;7728 - Resezione cuneiforme del tarso e metatarso;3;Humanitas
12/09/2018;;;;;;;7728;7728 - Resezione cuneiforme del tarso e metatarso;3;Humanitas
12/09/2018;14:46;15:33;CORCIONE MATTEO;M;11/03/2008;;8385;8385 - Altri cambiamenti di lunghezza di muscoli e tendin…;3;Humanitas
12/09/2018;;;;;;;8385;8385 - Altri cambiamenti di lunghezza di muscoli e tendin…;3;Humanitas
12/09/2018;;;;;;;8375;8375 - Trasposizione o trapianto di tendini;3;Humanitas
12/09/2018;;;;;;;8375;8375 - Trasposizione o trapianto di tendini;3;Humanitas
12/09/2018;;;;;;;9353;9353 - Applicazione di altro corsetto gessato;3;Humanitas
12/09/2018;;;;;;;9353;9353 - Applicazione di altro corsetto gessato;3;Humanitas
18/09/2018;08:42;09:04;RIVOLTA JACOPO;M;15/10/1996;;7738;7738 - Altra sezione del tarso e metatarso;1;Humanitas
18/09/2018;10:06;11:28;CECCOLIN GABRIELE;M;06/02/2006;;8385;8385 - Altri cambiamenti di lunghezza di muscoli e tendin…;2;Humanitas
18/09/2018;;;;;;;9353;9353 - Applicazione di altro corsetto gessato;2;Humanitas
18/09/2018;12:42;13:46;ALFARONE CHIARA;F;17/09/2007;;8385;8385 - Altri cambiamenti di lunghezza di muscoli e tendin…;3;Humanitas
18/09/2018;;;;;;;8385;8385 - Altri cambiamenti di lunghezza di muscoli e tendin…;3;Humanitas
18/09/2018;;;;;;;8375;8375 - Trasposizione o trapianto di tendini;3;Humanitas
18/09/2018;;;;;;;8375;8375 - Trasposizione o trapianto di tendini;3;Humanitas
18/09/2018;;;;;;;7865;7865 - Rimozione di dispositivo impiantato dal femore;3;Humanitas
18/09/2018;;;;;;;7865;7865 - Rimozione di dispositivo impiantato dal femore;3;Humanitas
18/09/2018;15:37;16:30;KHALIL VALERIO;M;18/10/2001;;8385;8385 - Altri cambiamenti di lunghezza di muscoli e tendin…;2;Humanitas
18/09/2018;;;;;;;8375;8375 - Trasposizione o trapianto di tendini;2;Humanitas
18/09/2018;;;;;;;9929;9929 - Iniezione o infusione di altre sostanze terapeutic…;2;Humanitas
18/09/2018;;;;;;;9353;9353 - Applicazione di altro corsetto gessato;2;Humanitas
19/09/2018;08:10;08:25;PALAGI FRANCESCO;M;08/11/2013;;9929;9929 - Iniezione o infusione di altre sostanze terapeutic…;1;Humanitas
19/09/2018;;;;;;;9929;9929 - Iniezione o infusione di altre sostanze terapeutic…;1;Humanitas
19/09/2018;;;;;;;9353;9353 - Applicazione di altro corsetto gessato;1;Humanitas
19/09/2018;;;;;;;9353;9353 - Applicazione di altro corsetto gessato;1;Humanitas
19/09/2018;08:51;09:12;PERINELLI EDOARDO;M;12/08/2002;;9357;9357 - Applicazione di altra medicazione su ferita;1;Humanitas
19/09/2018;;;;;;;9353;9353 - Applicazione di altro corsetto gessato;1;Humanitas
19/09/2018;09:55;10:34;PIZZICATO LUCA;M;19/01/2006;;7867;7867 - Rimozione di dispositivo impiantato da tibia e fib…;1;Humanitas
19/09/2018;;;;;;;7867;7867 - Rimozione di dispositivo impiantato da tibia e fib…;1;Humanitas
19/09/2018;11:41;11:52;MUNARI RICCARDO;M;01/06/2003;;7868;7868 - Rimozione di dispositivo impiantato da tarso e met…;2;Humanitas
19/09/2018;14:00;15:09;BACCOUCHE RICCARDO;M;23/05/2001;;7738;7738 - Altra sezione del tarso e metatarso;1;Humanitas
19/09/2018;;;;;;;7738;7738 - Altra sezione del tarso e metatarso;1;Humanitas
19/09/2018;;;;;;;8117;8117 - Altra fusione del piede;1;Humanitas
19/09/2018;;;;;;;8117;8117 - Altra fusione del piede;1;Humanitas
19/09/2018;;;;;;;8385;8385 - Altri cambiamenti di lunghezza di muscoli e tendin…;1;Humanitas
19/09/2018;;;;;;;8385;8385 - Altri cambiamenti di lunghezza di muscoli e tendin…;1;Humanitas
19/09/2018;;;;;;;9353;9353 - Applicazione di altro corsetto gessato;1;Humanitas
19/09/2018;;;;;;;9353;9353 - Applicazione di altro corsetto gessato;1;Humanitas
19/09/2018;16:20;17:13;GIOVANNELLI GIANLUCA;M;02/11/1970;;8151;8151 - Sostituzione totale dell’anca;3;Humanitas
19/09/2018;;;;;;;77;77 - Superficie di appoggio della protesi d’anca, ceram…;3;Humanitas
25/09/2018;09:05;09:49;VIDIC GLORIA;F;22/11/2015;;8385;8385 - Altri cambiamenti di lunghezza di muscoli e tendin…;2;Humanitas
25/09/2018;;;;;;;8385;8385 - Altri cambiamenti di lunghezza di muscoli e tendin…;2;Humanitas
25/09/2018;;;;;;;9353;9353 - Applicazione di altro corsetto gessato;2;Humanitas
25/09/2018;;;;;;;9353;9353 - Applicazione di altro corsetto gessato;2;Humanitas
25/09/2018;10:56;11:11;ROVATI GIACOMO;M;01/03/2005;;8118;8118 - Artroeresi dell’articolazione sottoastragalica;1;Humanitas
25/09/2018;12:09;12:50;PACILLO MATTEO;M;02/04/2007;;7827;7827 - Accorciamento di tibia e fibula;2;Humanitas
25/09/2018;14:29;15:49;ALTOMARE FEDERICO;M;20/08/1996;;8385;8385 - Altri cambiamenti di lunghezza di muscoli e tendin…;2;Humanitas
25/09/2018;;;;;;;8385;8385 - Altri cambiamenti di lunghezza di muscoli e tendin…;2;Humanitas
25/09/2018;;;;;;;8375;8375 - Trasposizione o trapianto di tendini;2;Humanitas
25/09/2018;;;;;;;8375;8375 - Trasposizione o trapianto di tendini;2;Humanitas
25/09/2018;;;;;;;9929;9929 - Iniezione o infusione di altre sostanze terapeutic…;2;Humanitas
25/09/2018;;;;;;;9929;9929 - Iniezione o infusione di altre sostanze terapeutic…;2;Humanitas
25/09/2018;;;;;;;9353;9353 - Applicazione di altro corsetto gessato;2;Humanitas
25/09/2018;;;;;;;9353;9353 - Applicazione di altro corsetto gessato;2;Humanitas
26/09/2018;08:10;08:18;PANIGADA ZENO;M;26/08/2011;;8385;8385 - Altri cambiamenti di lunghezza di muscoli e tendin…;1;Humanitas
26/09/2018;09:27;09:39;SCIMONE DAVIDE;M;19/10/2010;;9929;9929 - Iniezione o infusione di altre sostanze terapeutic…;1;Humanitas
26/09/2018;;;;;;;9929;9929 - Iniezione o infusione di altre sostanze terapeutic…;1;Humanitas
26/09/2018;;;;;;;9353;9353 - Applicazione di altro corsetto gessato;1;Humanitas
26/09/2018;;;;;;;9353;9353 - Applicazione di altro corsetto gessato;1;Humanitas
26/09/2018;10:31;11:16;DELL'ACQUA SVEVA;F;13/10/2005;;7825;7825 - Accorciamento del femore;2;Humanitas
26/09/2018;;;;;;;7825;7825 - Accorciamento del femore;2;Humanitas
26/09/2018;12:49;13:43;LO PRESTI LUCIANO;M;24/10/2003;;8385;8385 - Altri cambiamenti di lunghezza di muscoli e tendin…;1;Humanitas
26/09/2018;;;;;;;8385;8385 - Altri cambiamenti di lunghezza di muscoli e tendin…;1;Humanitas
26/09/2018;;;;;;;8375;8375 - Trasposizione o trapianto di tendini;1;Humanitas
26/09/2018;;;;;;;7865;7865 - Rimozione di dispositivo impiantato dal femore;1;Humanitas
26/09/2018;;;;;;;7865;7865 - Rimozione di dispositivo impiantato dal femore;1;Humanitas
26/09/2018;15:32;16:08;OSTAN GAIA;F;16/05/2007;;8385;8385 - Altri cambiamenti di lunghezza di muscoli e tendin…;2;Humanitas
26/09/2018;;;;;;;8385;8385 - Altri cambiamenti di lunghezza di muscoli e tendin…;2;Humanitas
26/09/2018;;;;;;;8375;8375 - Trasposizione o trapianto di tendini;2;Humanitas
26/09/2018;;;;;;;8375;8375 - Trasposizione o trapianto di tendini;2;Humanitas
02/10/2018;08:32;09:30;DI BERARDINO THOMAS;M;11/08/2003;;7825;7825 - Accorciamento del femore;1;Humanitas
02/10/2018;;;;;;;7825;7825 - Accorciamento del femore;1;Humanitas
02/10/2018;11:41;13:35;GALZARANO FRANCESCO;M;22/03/2001;;8385;8385 - Altri cambiamenti di lunghezza di muscoli e tendin…;1;Humanitas
02/10/2018;;;;;;;9385;9385 - Riabilitazione vocale;1;Humanitas
02/10/2018;;;;;;;8375;8375 - Trasposizione o trapianto di tendini;1;Humanitas
02/10/2018;;;;;;;8375;8375 - Trasposizione o trapianto di tendini;1;Humanitas
02/10/2018;;;;;;;7728;7728 - Resezione cuneiforme del tarso e metatarso;1;Humanitas
02/10/2018;;;;;;;7728;7728 - Resezione cuneiforme del tarso e metatarso;1;Humanitas
02/10/2018;;;;;;;8117;8117 - Altra fusione del piede;1;Humanitas
02/10/2018;;;;;;;8117;8117 - Altra fusione del piede;1;Humanitas
02/10/2018;;;;;;;9353;9353 - Applicazione di altro corsetto gessato;1;Humanitas
02/10/2018;;;;;;;9353;9353 - Applicazione di altro corsetto gessato;1;Humanitas
02/10/2018;15:40;16:32;SIRIGU MARIO ANDREA;M;10/04/1999;;7728;7728 - Resezione cuneiforme del tarso e metatarso;1;Humanitas
02/10/2018;;;;;;;8364;8364 - Altra sutura di tendini;1;Humanitas
02/10/2018;;;;;;;9929;9929 - Iniezione o infusione di altre sostanze terapeutic…;1;Humanitas
02/10/2018;;;;;;;9353;9353 - Applicazione di altro corsetto gessato;1;Humanitas
03/10/2018;08:16;09:20;GIANGRECO ANDREA;M;21/05/2006;;7825;7825 - Accorciamento del femore;1;Humanitas
03/10/2018;;;;;;;7825;7825 - Accorciamento del femore;1;Humanitas
03/10/2018;10:07;10:16;CARPI SIMONE;M;23/08/2005;;8118;8118 - Artroeresi dell’articolazione sottoastragalica;1;Humanitas
03/10/2018;10:35;10:45;CORSICO DARIO;M;28/01/2004;;8118;8118 - Artroeresi dell’articolazione sottoastragalica;1;Humanitas
03/10/2018;11:36;12:10;TERRONES ORE' FRANCISCO SEBASTIAN;M;22/03/2006;;8385;8385 - Altri cambiamenti di lunghezza di muscoli e tendin…;1;Humanitas
03/10/2018;;;;;;;8375;8375 - Trasposizione o trapianto di tendini;1;Humanitas
03/10/2018;;;;;;;9353;9353 - Applicazione di altro corsetto gessato;1;Humanitas
03/10/2018;13:38;14:34;POLONI CRISTIAN;M;09/07/2004;;7825;7825 - Accorciamento del femore;2;Humanitas
03/10/2018;;;;;;;7825;7825 - Accorciamento del femore;2;Humanitas
03/10/2018;;;;;;;7865;7865 - Rimozione di dispositivo impiantato dal femore;2;Humanitas
03/10/2018;;;;;;;7865;7865 - Rimozione di dispositivo impiantato dal femore;2;Humanitas
03/10/2018;15:32;16:13;SGUALDI GRAZIANO;M;11/08/1971;;8385;8385 - Altri cambiamenti di lunghezza di muscoli e tendin…;1;Humanitas
03/10/2018;;;;;;;8375;8375 - Trasposizione o trapianto di tendini;1;Humanitas
03/10/2018;;;;;;;9353;9353 - Applicazione di altro corsetto gessato;1;Humanitas
09/10/2018;08:32;08:47;BALDESSARI LORENZO;M;03/10/2006;;8832;8832 - Artrografia con contrasto;1;Humanitas
09/10/2018;09:24;09:49;MISIANO MATILDE;F;16/05/2015;;8832;8832 - Artrografia con contrasto;2;Humanitas
09/10/2018;12:01;13:05;CORRADINI STEFANIA;F;12/11/2002;;7728;7728 - Resezione cuneiforme del tarso e metatarso;1;Humanitas
09/10/2018;;;;;;;7728;7728 - Resezione cuneiforme del tarso e metatarso;1;Humanitas
09/10/2018;;;;;;;8117;8117 - Altra fusione del piede;1;Humanitas
09/10/2018;;;;;;;8117;8117 - Altra fusione del piede;1;Humanitas
09/10/2018;;;;;;;9353;9353 - Applicazione di altro corsetto gessato;1;Humanitas
09/10/2018;;;;;;;9353;9353 - Applicazione di altro corsetto gessato;1;Humanitas
09/10/2018;14:58;17:23;FRANCO MAURO;M;21/08/2000;;8385;8385 - Altri cambiamenti di lunghezza di muscoli e tendin…;1;Humanitas
09/10/2018;;;;;;;8385;8385 - Altri cambiamenti di lunghezza di muscoli e tendin…;1;Humanitas
09/10/2018;;;;;;;8375;8375 - Trasposizione o trapianto di tendini;1;Humanitas
09/10/2018;;;;;;;8375;8375 - Trasposizione o trapianto di tendini;1;Humanitas
09/10/2018;;;;;;;7728;7728 - Resezione cuneiforme del tarso e metatarso;1;Humanitas
09/10/2018;;;;;;;7728;7728 - Resezione cuneiforme del tarso e metatarso;1;Humanitas
09/10/2018;;;;;;;8117;8117 - Altra fusione del piede;1;Humanitas
09/10/2018;;;;;;;8117;8117 - Altra fusione del piede;1;Humanitas
09/10/2018;;;;;;;9353;9353 - Applicazione di altro corsetto gessato;1;Humanitas
09/10/2018;;;;;;;9353;9353 - Applicazione di altro corsetto gessato;1;Humanitas
10/10/2018;08:40;08:44;MARIA TRENTI CATERINA;F;03/07/2012;;8385;8385 - Altri cambiamenti di lunghezza di muscoli e tendin…;1;Humanitas
10/10/2018;;;;;;;8385;8385 - Altri cambiamenti di lunghezza di muscoli e tendin…;1;Humanitas
10/10/2018;10:03;10:50;ASTOLI ALDO;M;01/11/2009;;8385;8385 - Altri cambiamenti di lunghezza di muscoli e tendin…;1;Humanitas
10/10/2018;;;;;;;8385;8385 - Altri cambiamenti di lunghezza di muscoli e tendin…;1;Humanitas
10/10/2018;;;;;;;7725;7725 - Resezione cuneiforme del femore;1;Humanitas
10/10/2018;12:05;12:40;ROBOLINI NOEMI;F;12/11/2008;;8385;8385 - Altri cambiamenti di lunghezza di muscoli e tendin…;1;Humanitas
10/10/2018;;;;;;;8385;8385 - Altri cambiamenti di lunghezza di muscoli e tendin…;1;Humanitas
10/10/2018;;;;;;;9353;9353 - Applicazione di altro corsetto gessato;1;Humanitas
10/10/2018;;;;;;;9353;9353 - Applicazione di altro corsetto gessato;1;Humanitas
10/10/2018;14:29;16:20;MAURO GIOELE;M;12/07/1996;;8385;8385 - Altri cambiamenti di lunghezza di muscoli e tendin…;3;Humanitas
10/10/2018;;;;;;;8385;8385 - Altri cambiamenti di lunghezza di muscoli e tendin…;3;Humanitas
10/10/2018;;;;;;;9353;9353 - Applicazione di altro corsetto gessato;3;Humanitas
10/10/2018;;;;;;;9353;9353 - Applicazione di altro corsetto gessato;3;Humanitas
16/10/2018;08:24;08:45;ALBERTI STEFANO;M;18/04/2000;;7865;7865 - Rimozione di dispositivo impiantato dal femore;1;Humanitas
16/10/2018;10:06;11:31;IALONGO GRETA;F;14/10/2009;;7825;7825 - Accorciamento del femore;1;Humanitas
16/10/2018;;;;;;;7825;7825 - Accorciamento del femore;1;Humanitas
16/10/2018;12:49;14:14;SORRENTINO PIETRO;M;02/02/2005;;8385;8385 - Altri cambiamenti di lunghezza di muscoli e tendin…;1;Humanitas
16/10/2018;;;;;;;8385;8385 - Altri cambiamenti di lunghezza di muscoli e tendin…;1;Humanitas
16/10/2018;;;;;;;7728;7728 - Resezione cuneiforme del tarso e metatarso;1;Humanitas
16/10/2018;;;;;;;7728;7728 - Resezione cuneiforme del tarso e metatarso;1;Humanitas
16/10/2018;;;;;;;8117;8117 - Altra fusione del piede;1;Humanitas
16/10/2018;;;;;;;8117;8117 - Altra fusione del piede;1;Humanitas
16/10/2018;;;;;;;9353;9353 - Applicazione di altro corsetto gessato;1;Humanitas
16/10/2018;;;;;;;9353;9353 - Applicazione di altro corsetto gessato;1;Humanitas
16/10/2018;16:54;18:06;DE ROSA ANTONIO;M;13/02/2007;;7728;7728 - Resezione cuneiforme del tarso e metatarso;2;Humanitas
16/10/2018;;;;;;;7728;7728 - Resezione cuneiforme del tarso e metatarso;2;Humanitas
16/10/2018;;;;;;;7738;7738 - Altra sezione del tarso e metatarso;2;Humanitas
16/10/2018;;;;;;;7738;7738 - Altra sezione del tarso e metatarso;2;Humanitas
16/10/2018;;;;;;;8117;8117 - Altra fusione del piede;2;Humanitas
16/10/2018;;;;;;;8117;8117 - Altra fusione del piede;2;Humanitas
16/10/2018;;;;;;;9353;9353 - Applicazione di altro corsetto gessato;2;Humanitas
16/10/2018;;;;;;;9353;9353 - Applicazione di altro corsetto gessato;2;Humanitas
17/10/2018;08:16;08:33;RICCA FRANCESCO;M;18/06/2004;;7868;7868 - Rimozione di dispositivo impiantato da tarso e met…;1;Humanitas
17/10/2018;09:16;09:33;ARRIVABENE LORENZO;M;27/10/2003;;8118;8118 - Artroeresi dell’articolazione sottoastragalica;1;Humanitas
17/10/2018;;;;;;;9929;9929 - Iniezione o infusione di altre sostanze terapeutic…;1;Humanitas
17/10/2018;;;;;;;9929;9929 - Iniezione o infusione di altre sostanze terapeutic…;1;Humanitas
17/10/2018;10:29;11:34;BASSI DAVIDE;M;17/01/2005;;7825;7825 - Accorciamento del femore;1;Humanitas
17/10/2018;;;;;;;7825;7825 - Accorciamento del femore;1;Humanitas
17/10/2018;12:13;12:41;FINIZIO CLAUDIO;M;25/09/2003;;8118;8118 - Artroeresi dell’articolazione sottoastragalica;1;Humanitas
17/10/2018;14:14;16:24;TRABALDO TOGNA PIERRE;M;05/03/1998;;8385;8385 - Altri cambiamenti di lunghezza di muscoli e tendin…;2;Humanitas
17/10/2018;;;;;;;9353;9353 - Applicazione di altro corsetto gessato;2;Humanitas
23/10/2018;09:56;14:30;MARCELLA MATTEO;M;30/01/1988;;7725;7725 - Resezione cuneiforme del femore;3;Humanitas
23/10/2018;;;;;;;7725;7725 - Resezione cuneiforme del femore;3;Humanitas
23/10/2018;;;;;;;7739;7739 - Altra sezione di altre ossa, escluse quelle faccia…;3;Humanitas
23/10/2018;;;;;;;7739;7739 - Altra sezione di altre ossa, escluse quelle faccia…;3;Humanitas
23/10/2018;;;;;;;7809;7809 - Innesto osseo di altre ossa;3;Humanitas
23/10/2018;;;;;;;7809;7809 - Innesto osseo di altre ossa;3;Humanitas
23/10/2018;;;;;;;8385;8385 - Altri cambiamenti di lunghezza di muscoli e tendin…;3;Humanitas
23/10/2018;;;;;;;8385;8385 - Altri cambiamenti di lunghezza di muscoli e tendin…;3;Humanitas
23/10/2018;15:48;15:52;PICCABLOTTO FEDERICO;M;07/04/2004;;9929;9929 - Iniezione o infusione di altre sostanze terapeutic…;1;Humanitas
23/10/2018;;;;;;;9929;9929 - Iniezione o infusione di altre sostanze terapeutic…;1;Humanitas
23/10/2018;16:49;16:57;BERTOLASI DANIEL;M;25/02/2005;;8118;8118 - Artroeresi dell’articolazione sottoastragalica;1;Humanitas
24/10/2018;08:33;08:54;UMILE ASIA CHIARA;F;27/09/2005;;7760;7760 - Asportazione locale di lesione o tessuto osseo, se…;2;Humanitas
24/10/2018;09:36;09:46;CROTTI MARTINA;F;03/03/2006;;8118;8118 - Artroeresi dell’articolazione sottoastragalica;1;Humanitas
24/10/2018;10:24;10:38;FUSARI REBECCA;F;05/12/1998;;8118;8118 - Artroeresi dell’articolazione sottoastragalica;1;Humanitas
24/10/2018;11:33;12:07;ORLANDO DAVIDE;M;24/04/2004;;7865;7865 - Rimozione di dispositivo impiantato dal femore;2;Humanitas
24/10/2018;;;;;;;7867;7867 - Rimozione di dispositivo impiantato da tibia e fib…;2;Humanitas
24/10/2018;;;;;;;9929;9929 - Iniezione o infusione di altre sostanze terapeutic…;2;Humanitas
24/10/2018;13:29;13:45;FERRARA SIMONE;M;25/10/2001;;8118;8118 - Artroeresi dell’articolazione sottoastragalica;1;Humanitas
30/10/2018;08:46;09:16;DE ROSA GIOVANNI;M;06/11/2007;;7825;7825 - Accorciamento del femore;2;Humanitas
30/10/2018;;;;;;;8385;8385 - Altri cambiamenti di lunghezza di muscoli e tendin…;2;Humanitas
30/10/2018;;;;;;;9353;9353 - Applicazione di altro corsetto gessato;2;Humanitas
30/10/2018;10:11;10:32;LAGATTOLLA MARCELLO;M;06/11/2014;;7865;7865 - Rimozione di dispositivo impiantato dal femore;2;Humanitas
30/10/2018;11:51;12:39;CASIRAGHI BEATRICE;F;12/03/2012;;8385;8385 - Altri cambiamenti di lunghezza di muscoli e tendin…;2;Humanitas
30/10/2018;13:36;14:32;BORAS ARIANA;F;15/12/1976;;7738;7738 - Altra sezione del tarso e metatarso;2;Humanitas
30/10/2018;;;;;;;9353;9353 - Applicazione di altro corsetto gessato;2;Humanitas
30/10/2018;15:51;16:41;FIUMIANI TIMOTHY;M;30/12/2004;;7728;7728 - Resezione cuneiforme del tarso e metatarso;1;Humanitas
30/10/2018;;;;;;;7728;7728 - Resezione cuneiforme del tarso e metatarso;1;Humanitas
30/10/2018;;;;;;;8117;8117 - Altra fusione del piede;1;Humanitas
30/10/2018;;;;;;;8117;8117 - Altra fusione del piede;1;Humanitas
30/10/2018;;;;;;;9929;9929 - Iniezione o infusione di altre sostanze terapeutic…;1;Humanitas
30/10/2018;;;;;;;9929;9929 - Iniezione o infusione di altre sostanze terapeutic…;1;Humanitas
30/10/2018;;;;;;;9353;9353 - Applicazione di altro corsetto gessato;1;Humanitas
30/10/2018;;;;;;;9353;9353 - Applicazione di altro corsetto gessato;1;Humanitas
31/10/2018;08:11;08:15;BIANCHESSI MATILDE FRANESCA;F;24/07/2008;;8385;8385 - Altri cambiamenti di lunghezza di muscoli e tendin…;1;Humanitas
31/10/2018;09:03;09:41;DIOUM SEYNABU SOPHIA;F;11/03/2009;;7825;7825 - Accorciamento del femore;1;Humanitas
31/10/2018;;;;;;;7825;7825 - Accorciamento del femore;1;Humanitas
31/10/2018;10:29;11:28;TRAVERSO ANDREA;M;15/01/2003;;7865;7865 - Rimozione di dispositivo impiantato dal femore;1;Humanitas
31/10/2018;;;;;;;7865;7865 - Rimozione di dispositivo impiantato dal femore;1;Humanitas
31/10/2018;12:07;12:14;FERRARA MATTEO;M;17/01/2008;;8118;8118 - Artroeresi dell’articolazione sottoastragalica;1;Humanitas
31/10/2018;12:57;13:18;FUMAGALLI STEFANIA;F;17/07/1974;;7867;7867 - Rimozione di dispositivo impiantato da tibia e fib…;1;Humanitas
31/10/2018;14:45;14:55;SCACCABAROZZI ELISA;F;01/03/2012;;8832;8832 - Artrografia con contrasto;2;Humanitas
31/10/2018;15:59;17:27;TUMEO FEDERICO;M;10/05/2006;;7867;7867 - Rimozione di dispositivo impiantato da tibia e fib…;1;Humanitas
31/10/2018;;;;;;;9929;9929 - Iniezione o infusione di altre sostanze terapeutic…;1;Humanitas
06/11/2018;08:50;11:16;INTRA RICCARDO;M;09/03/2002;;7728;7728 - Resezione cuneiforme del tarso e metatarso;1;Humanitas
06/11/2018;;;;;;;7728;7728 - Resezione cuneiforme del tarso e metatarso;1;Humanitas
06/11/2018;;;;;;;7738;7738 - Altra sezione del tarso e metatarso;1;Humanitas
06/11/2018;;;;;;;7738;7738 - Altra sezione del tarso e metatarso;1;Humanitas
06/11/2018;;;;;;;8385;8385 - Altri cambiamenti di lunghezza di muscoli e tendin…;1;Humanitas
06/11/2018;;;;;;;8385;8385 - Altri cambiamenti di lunghezza di muscoli e tendin…;1;Humanitas
06/11/2018;;;;;;;8375;8375 - Trasposizione o trapianto di tendini;1;Humanitas
06/11/2018;;;;;;;8375;8375 - Trasposizione o trapianto di tendini;1;Humanitas
06/11/2018;;;;;;;9353;9353 - Applicazione di altro corsetto gessato;1;Humanitas
06/11/2018;;;;;;;9353;9353 - Applicazione di altro corsetto gessato;1;Humanitas
06/11/2018;12:02;12:09;VIGNATI AMELIE;F;06/01/2004;;8118;8118 - Artroeresi dell’articolazione sottoastragalica;3;Humanitas
06/11/2018;13:23;14:02;MAIFREDI MATTIA;M;31/12/2005;;7865;7865 - Rimozione di dispositivo impiantato dal femore;1;Humanitas
06/11/2018;;;;;;;7825;7825 - Accorciamento del femore;1;Humanitas
06/11/2018;15:56;16:52;BADOLATO ANDREA;M;18/03/1994;;7735;7735 - Altra sezione del femore;2;Humanitas
06/11/2018;;;;;;;8385;8385 - Altri cambiamenti di lunghezza di muscoli e tendin…;2;Humanitas
06/11/2018;;;;;;;8385;8385 - Altri cambiamenti di lunghezza di muscoli e tendin…;2;Humanitas
07/11/2018;08:20;08:38;ARCIFA LORENZO;M;11/02/2011;;9929;9929 - Iniezione o infusione di altre sostanze terapeutic…;1;Humanitas
07/11/2018;;;;;;;9929;9929 - Iniezione o infusione di altre sostanze terapeutic…;1;Humanitas
07/11/2018;;;;;;;9353;9353 - Applicazione di altro corsetto gessato;1;Humanitas
07/11/2018;;;;;;;9353;9353 - Applicazione di altro corsetto gessato;1;Humanitas
07/11/2018;09:32;11:24;LEZZI MARTINA;F;20/02/2008;;7865;7865 - Rimozione di dispositivo impiantato dal femore;1;Humanitas
07/11/2018;;;;;;;7825;7825 - Accorciamento del femore;1;Humanitas
07/11/2018;;;;;;;7827;7827 - Accorciamento di tibia e fibula;1;Humanitas
07/11/2018;12:15;13:14;MEREU KATIUSCIA;F;15/09/1970;;7728;7728 - Resezione cuneiforme del tarso e metatarso;2;Humanitas
07/11/2018;;;;;;;8385;8385 - Altri cambiamenti di lunghezza di muscoli e tendin…;2;Humanitas
07/11/2018;;;;;;;8118;8118 - Artroeresi dell’articolazione sottoastragalica;2;Humanitas
07/11/2018;14:28;15:32;CAMPANELLA CLAUDIO;M;21/06/2000;;7728;7728 - Resezione cuneiforme del tarso e metatarso;1;Humanitas
07/11/2018;;;;;;;7738;7738 - Altra sezione del tarso e metatarso;1;Humanitas
07/11/2018;;;;;;;8385;8385 - Altri cambiamenti di lunghezza di muscoli e tendin…;1;Humanitas
07/11/2018;;;;;;;9353;9353 - Applicazione di altro corsetto gessato;1;Humanitas
07/11/2018;16:47;18:11;POLLICHIENI VITTORIA;F;27/03/2002;;7725;7725 - Resezione cuneiforme del femore;2;Humanitas
07/11/2018;;;;;;;7728;7728 - Resezione cuneiforme del tarso e metatarso;2;Humanitas
13/11/2018;08:35;08:46;FOGAZZI GAIA;F;03/02/2006;;8385;8385 - Altri cambiamenti di lunghezza di muscoli e tendin…;2;Humanitas
13/11/2018;;;;;;;8385;8385 - Altri cambiamenti di lunghezza di muscoli e tendin…;2;Humanitas
13/11/2018;10:13;10:36;ERSPAMER IDA;F;15/11/2006;;8118;8118 - Artroeresi dell’articolazione sottoastragalica;2;Humanitas
13/11/2018;;;;;;;8385;8385 - Altri cambiamenti di lunghezza di muscoli e tendin…;2;Humanitas
13/11/2018;11:42;12:04;ZINGARIELLO MICHELE;M;06/12/1975;;8385;8385 - Altri cambiamenti di lunghezza di muscoli e tendin…;2;Humanitas
13/11/2018;;;;;;;8385;8385 - Altri cambiamenti di lunghezza di muscoli e tendin…;2;Humanitas
13/11/2018;13:36;14:09;MAIORI ENNIO;M;24/11/1950;;8385;8385 - Altri cambiamenti di lunghezza di muscoli e tendin…;2;Humanitas
13/11/2018;;;;;;;8385;8385 - Altri cambiamenti di lunghezza di muscoli e tendin…;2;Humanitas
14/11/2018;08:09;08:17;PULEO ANTONIO;M;27/03/2003;;8118;8118 - Artroeresi dell’articolazione sottoastragalica;1;Humanitas
14/11/2018;08:36;08:45;SALA MELANIA;F;11/11/2000;;8118;8118 - Artroeresi dell’articolazione sottoastragalica;1;Humanitas
14/11/2018;10:27;10:45;PEDRAZZINI LARA;F;25/01/2008;;7862;7862 - Rimozione di dispositivo impiantato dall’omero;1;Humanitas
14/11/2018;11:40;13:14;GAMBA JACOPO;M;23/01/2006;;7725;7725 - Resezione cuneiforme del femore;2;Humanitas
14/11/2018;15:40;18:16;DE LUCA MICHELANGELO;M;04/12/2003;;7725;7725 - Resezione cuneiforme del femore;2;Humanitas
14/11/2018;;;;;;;7725;7725 - Resezione cuneiforme del femore;2;Humanitas
14/11/2018;;;;;;;9929;9929 - Iniezione o infusione di altre sostanze terapeutic…;2;Humanitas
14/11/2018;;;;;;;9929;9929 - Iniezione o infusione di altre sostanze terapeutic…;2;Humanitas
20/11/2018;09:15;11:20;CHOUMA RAYAN;M;18/02/2010;;7725;7725 - Resezione cuneiforme del femore;2;Humanitas
20/11/2018;;;;;;;7825;7825 - Accorciamento del femore;2;Humanitas
20/11/2018;;;;;;;8385;8385 - Altri cambiamenti di lunghezza di muscoli e tendin…;2;Humanitas
20/11/2018;;;;;;;8385;8385 - Altri cambiamenti di lunghezza di muscoli e tendin…;2;Humanitas
20/11/2018;;;;;;;9353;9353 - Applicazione di altro corsetto gessato;2;Humanitas
20/11/2018;;;;;;;9353;9353 - Applicazione di altro corsetto gessato;2;Humanitas
20/11/2018;12:35;13:40;FILOMENA PIERANGELO;M;28/12/2004;;7728;7728 - Resezione cuneiforme del tarso e metatarso;2;Humanitas
20/11/2018;;;;;;;7728;7728 - Resezione cuneiforme del tarso e metatarso;2;Humanitas
20/11/2018;;;;;;;7738;7738 - Altra sezione del tarso e metatarso;2;Humanitas
20/11/2018;;;;;;;7738;7738 - Altra sezione del tarso e metatarso;2;Humanitas
20/11/2018;;;;;;;8117;8117 - Altra fusione del piede;2;Humanitas
20/11/2018;;;;;;;8117;8117 - Altra fusione del piede;2;Humanitas
20/11/2018;;;;;;;9353;9353 - Applicazione di altro corsetto gessato;2;Humanitas
20/11/2018;;;;;;;9353;9353 - Applicazione di altro corsetto gessato;2;Humanitas
20/11/2018;14:58;16:01;ALFANO CHIARA GRAZIA;F;01/07/2009;;7725;7725 - Resezione cuneiforme del femore;2;Humanitas
20/11/2018;16:49;16:54;MANETTI GRETA ZOE ROSANNA;F;19/08/2001;;9929;9929 - Iniezione o infusione di altre sostanze terapeutic…;1;Humanitas
21/11/2018;09:16;09:26;JONES DYLAN TREY;M;14/04/2003;;8118;8118 - Artroeresi dell’articolazione sottoastragalica;1;Humanitas
21/11/2018;09:48;10:00;CITARELLI MARIADALIA;F;23/05/2005;;8118;8118 - Artroeresi dell’articolazione sottoastragalica;1;Humanitas
21/11/2018;11:30;12:30;LAZZARI EMMA;F;22/01/2014;;7738;7738 - Altra sezione del tarso e metatarso;2;Humanitas
21/11/2018;;;;;;;7728;7728 - Resezione cuneiforme del tarso e metatarso;2;Humanitas
21/11/2018;;;;;;;8412;8412 - Amputazione a livello del piede;2;Humanitas
21/11/2018;;;;;;;9353;9353 - Applicazione di altro corsetto gessato;2;Humanitas
21/11/2018;13:54;14:47;MUSTAC ANTONIA;F;17/01/2009;;8385;8385 - Altri cambiamenti di lunghezza di muscoli e tendin…;2;Humanitas
21/11/2018;;;;;;;8385;8385 - Altri cambiamenti di lunghezza di muscoli e tendin…;2;Humanitas
21/11/2018;;;;;;;8375;8375 - Trasposizione o trapianto di tendini;2;Humanitas
21/11/2018;;;;;;;9353;9353 - Applicazione di altro corsetto gessato;2;Humanitas
21/11/2018;;;;;;;9353;9353 - Applicazione di altro corsetto gessato;2;Humanitas
21/11/2018;16:02;17:00;MERONI SAMUELE;M;23/06/2009;;7825;7825 - Accorciamento del femore;2;Humanitas
21/11/2018;;;;;;;7825;7825 - Accorciamento del femore;2;Humanitas
21/11/2018;;;;;;;8385;8385 - Altri cambiamenti di lunghezza di muscoli e tendin…;2;Humanitas
21/11/2018;;;;;;;8385;8385 - Altri cambiamenti di lunghezza di muscoli e tendin…;2;Humanitas
21/11/2018;;;;;;;9929;9929 - Iniezione o infusione di altre sostanze terapeutic…;2;Humanitas
21/11/2018;;;;;;;9929;9929 - Iniezione o infusione di altre sostanze terapeutic…;2;Humanitas
27/11/2018;08:56;09:59;FAROLFI RICCARDO;M;27/07/1998;;7865;7865 - Rimozione di dispositivo impiantato dal femore;2;Humanitas
27/11/2018;;;;;;;8385;8385 - Altri cambiamenti di lunghezza di muscoli e tendin…;2;Humanitas
27/11/2018;;;;;;;8375;8375 - Trasposizione o trapianto di tendini;2;Humanitas
27/11/2018;;;;;;;9929;9929 - Iniezione o infusione di altre sostanze terapeutic…;2;Humanitas
27/11/2018;;;;;;;9353;9353 - Applicazione di altro corsetto gessato;2;Humanitas
27/11/2018;11:26;11:37;TIBOLLO GIOVANNI;M;20/12/2009;;9929;9929 - Iniezione o infusione di altre sostanze terapeutic…;1;Humanitas
27/11/2018;;;;;;;9353;9353 - Applicazione di altro corsetto gessato;1;Humanitas
27/11/2018;12:52;13:26;CHIAROLANZA FRANCESCO;M;25/03/1970;;8385;8385 - Altri cambiamenti di lunghezza di muscoli e tendin…;2;Humanitas
27/11/2018;;;;;;;8385;8385 - Altri cambiamenti di lunghezza di muscoli e tendin…;2;Humanitas
27/11/2018;;;;;;;8375;8375 - Trasposizione o trapianto di tendini;2;Humanitas
27/11/2018;;;;;;;8375;8375 - Trasposizione o trapianto di tendini;2;Humanitas
28/11/2018;08:10;08:18;REGGI SIMONE;M;03/08/2005;;8118;8118 - Artroeresi dell’articolazione sottoastragalica;1;Humanitas
28/11/2018;08:57;09:08;CANZANO ELISA;F;14/03/2007;;8118;8118 - Artroeresi dell’articolazione sottoastragalica;1;Humanitas
28/11/2018;10:30;12:09;BADAS DAVIDE;M;03/09/2000;;7728;7728 - Resezione cuneiforme del tarso e metatarso;2;Humanitas
28/11/2018;;;;;;;7728;7728 - Resezione cuneiforme del tarso e metatarso;2;Humanitas
28/11/2018;;;;;;;8385;8385 - Altri cambiamenti di lunghezza di muscoli e tendin…;2;Humanitas
28/11/2018;;;;;;;8385;8385 - Altri cambiamenti di lunghezza di muscoli e tendin…;2;Humanitas
28/11/2018;;;;;;;8375;8375 - Trasposizione o trapianto di tendini;2;Humanitas
28/11/2018;;;;;;;8375;8375 - Trasposizione o trapianto di tendini;2;Humanitas
28/11/2018;;;;;;;9353;9353 - Applicazione di altro corsetto gessato;2;Humanitas
28/11/2018;;;;;;;9353;9353 - Applicazione di altro corsetto gessato;2;Humanitas
28/11/2018;15:21;17:03;ZITO ILARIA;F;18/01/1997;;8151;8151 - Sostituzione totale dell’anca;4;Humanitas
28/11/2018;;;;;;;77;77 - Superficie di appoggio della protesi d’anca, ceram…;4;Humanitas
28/11/2018;;;;;;;8385;8385 - Altri cambiamenti di lunghezza di muscoli e tendin…;4;Humanitas
28/11/2018;17:17;18:15;GRASSI EMILIANO;M;30/12/1968;;8151;8151 - Sostituzione totale dell’anca;4;Humanitas
28/11/2018;;;;;;;77;77 - Superficie di appoggio della protesi d’anca, ceram…;4;Humanitas
04/12/2018;08:23;08:25;PALMERO NOEMI;F;31/10/2005;;8832;8832 - Artrografia con contrasto;2;Humanitas
04/12/2018;;;;;;;8192;8192 - Iniezione di sostanze terapeutiche nell’articolazi…;2;Humanitas
04/12/2018;09:40;10:40;SALA ALESSANDRO;M;01/08/2006;;7738;7738 - Altra sezione del tarso e metatarso;2;Humanitas
04/12/2018;;;;;;;7728;7728 - Resezione cuneiforme del tarso e metatarso;2;Humanitas
04/12/2018;11:44;12:53;CONTINI MARTINA;F;19/10/2006;;7825;7825 - Accorciamento del femore;1;Humanitas
04/12/2018;;;;;;;7827;7827 - Accorciamento di tibia e fibula;1;Humanitas
04/12/2018;14:31;15:54;RIAZ TANZEELA;F;08/10/2001;;7865;7865 - Rimozione di dispositivo impiantato dal femore;2;Humanitas
04/12/2018;;;;;;;7867;7867 - Rimozione di dispositivo impiantato da tibia e fib…;2;Humanitas
04/12/2018;;;;;;;8375;8375 - Trasposizione o trapianto di tendini;2;Humanitas
04/12/2018;17:10;19:12;PASSARELLI MARCO;M;02/05/2003;;8385;8385 - Altri cambiamenti di lunghezza di muscoli e tendin…;2;Humanitas
04/12/2018;;;;;;;8385;8385 - Altri cambiamenti di lunghezza di muscoli e tendin…;2;Humanitas
05/12/2018;08:02;08:20;DI LORENZO ALESSANDRO;M;19/12/2012;;9929;9929 - Iniezione o infusione di altre sostanze terapeutic…;1;Humanitas
05/12/2018;;;;;;;9929;9929 - Iniezione o infusione di altre sostanze terapeutic…;1;Humanitas
05/12/2018;;;;;;;9353;9353 - Applicazione di altro corsetto gessato;1;Humanitas
05/12/2018;;;;;;;9353;9353 - Applicazione di altro corsetto gessato;1;Humanitas
05/12/2018;09:07;09:16;BONI BEATRICE;F;20/10/2004;;8118;8118 - Artroeresi dell’articolazione sottoastragalica;1;Humanitas
05/12/2018;10:03;10:15;GALEONI LUCA CHATO;M;18/04/2002;;8118;8118 - Artroeresi dell’articolazione sottoastragalica;2;Humanitas
05/12/2018;11:19;12:49;D'AMORE DALILA;F;01/04/2002;;8385;8385 - Altri cambiamenti di lunghezza di muscoli e tendin…;3;Humanitas
05/12/2018;;;;;;;8375;8375 - Trasposizione o trapianto di tendini;3;Humanitas
05/12/2018;;;;;;;9929;9929 - Iniezione o infusione di altre sostanze terapeutic…;3;Humanitas
05/12/2018;;;;;;;9353;9353 - Applicazione di altro corsetto gessato;3;Humanitas
05/12/2018;14:14;14:33;MITOLO UMBERTO;M;25/09/2004;;7827;7827 - Accorciamento di tibia e fibula;1;Humanitas
05/12/2018;;;;;;;7827;7827 - Accorciamento di tibia e fibula;1;Humanitas
05/12/2018;15:32;16:15;NAVA EMMA;F;09/07/2002;;7865;7865 - Rimozione di dispositivo impiantato dal femore;2;Humanitas
05/12/2018;;;;;;;7867;7867 - Rimozione di dispositivo impiantato da tibia e fib…;2;Humanitas
11/12/2018;08:27;08:36;CONFORTO EDOARDO;M;01/12/2004;;8118;8118 - Artroeresi dell’articolazione sottoastragalica;1;Humanitas
11/12/2018;09:52;10:50;PRADELLA SUSANNA;F;24/12/1965;;7735;7735 - Altra sezione del femore;2;Humanitas
11/12/2018;;;;;;;8385;8385 - Altri cambiamenti di lunghezza di muscoli e tendin…;2;Humanitas
11/12/2018;12:43;15:17;MAVIGLIA BONAVENTURA;M;08/04/2012;;7725;7725 - Resezione cuneiforme del femore;2;Humanitas
11/12/2018;;;;;;;7725;7725 - Resezione cuneiforme del femore;2;Humanitas
11/12/2018;;;;;;;7739;7739 - Altra sezione di altre ossa, escluse quelle faccia…;2;Humanitas
11/12/2018;;;;;;;9929;9929 - Iniezione o infusione di altre sostanze terapeutic…;2;Humanitas
12/12/2018;08:26;08:42;LORDI ROSARIA;F;12/03/1992;;8385;8385 - Altri cambiamenti di lunghezza di muscoli e tendin…;1;Humanitas
12/12/2018;;;;;;;9929;9929 - Iniezione o infusione di altre sostanze terapeutic…;1;Humanitas
12/12/2018;11:21;13:52;IURES GIANPIER;M;19/08/1999;;7725;7725 - Resezione cuneiforme del femore;2;Humanitas
12/12/2018;;;;;;;7739;7739 - Altra sezione di altre ossa, escluse quelle faccia…;2;Humanitas
12/12/2018;;;;;;;9929;9929 - Iniezione o infusione di altre sostanze terapeutic…;2;Humanitas
12/12/2018;;;;;;;9929;9929 - Iniezione o infusione di altre sostanze terapeutic…;2;Humanitas
18/12/2018;08:52;08:58;BIGI CHIARA;F;24/01/2003;;8118;8118 - Artroeresi dell’articolazione sottoastragalica;2;Humanitas
18/12/2018;09:37;09:40;LA VIOLA CAROLINA;F;28/06/2004;;8118;8118 - Artroeresi dell’articolazione sottoastragalica;2;Humanitas
18/12/2018;10:27;11:13;VAVASSORI AURORA;F;29/09/2006;;7867;7867 - Rimozione di dispositivo impiantato da tibia e fib…;1;Humanitas
18/12/2018;;;;;;;7867;7867 - Rimozione di dispositivo impiantato da tibia e fib…;1;Humanitas
18/12/2018;12:07;12:47;CAMANNI ZOE;F;24/10/2008;;7865;7865 - Rimozione di dispositivo impiantato dal femore;2;Humanitas
18/12/2018;;;;;;;7825;7825 - Accorciamento del femore;2;Humanitas
18/12/2018;14:22;16:03;MOLINARI MATTIA;M;08/02/2002;;7728;7728 - Resezione cuneiforme del tarso e metatarso;2;Humanitas
18/12/2018;;;;;;;8385;8385 - Altri cambiamenti di lunghezza di muscoli e tendin…;2;Humanitas
18/12/2018;;;;;;;8385;8385 - Altri cambiamenti di lunghezza di muscoli e tendin…;2;Humanitas
18/12/2018;;;;;;;9929;9929 - Iniezione o infusione di altre sostanze terapeutic…;2;Humanitas
18/12/2018;;;;;;;9929;9929 - Iniezione o infusione di altre sostanze terapeutic…;2;Humanitas
18/12/2018;;;;;;;9353;9353 - Applicazione di altro corsetto gessato;2;Humanitas
18/12/2018;;;;;;;9353;9353 - Applicazione di altro corsetto gessato;2;Humanitas
19/12/2018;08:15;08:30;CATOLINO GIORGIA;F;07/09/2010;;9929;9929 - Iniezione o infusione di altre sostanze terapeutic…;1;Humanitas
19/12/2018;;;;;;;9929;9929 - Iniezione o infusione di altre sostanze terapeutic…;1;Humanitas
19/12/2018;;;;;;;9353;9353 - Applicazione di altro corsetto gessato;1;Humanitas
19/12/2018;;;;;;;9353;9353 - Applicazione di altro corsetto gessato;1;Humanitas
19/12/2018;09:39;10:04;SANVITO SOFIA MARIA VITTORIA;F;20/10/2001;;7728;7728 - Resezione cuneiforme del tarso e metatarso;2;Humanitas
19/12/2018;;;;;;;8385;8385 - Altri cambiamenti di lunghezza di muscoli e tendin…;2;Humanitas
19/12/2018;11:05;11:38;LIGATO LAURA ROSELLA;F;02/06/1975;;7738;7738 - Altra sezione del tarso e metatarso;2;Humanitas
19/12/2018;;;;;;;7798;7798 - Ostectomia totale del tarso e del metatarso;2;Humanitas
19/12/2018;;;;;;;8385;8385 - Altri cambiamenti di lunghezza di muscoli e tendin…;2;Humanitas
19/12/2018;;;;;;;9353;9353 - Applicazione di altro corsetto gessato;2;Humanitas
19/12/2018;12:31;12:40;CRESSONI FRANCESCO;M;12/05/2003;;8118;8118 - Artroeresi dell’articolazione sottoastragalica;3;Humanitas
19/12/2018;13:49;14:23;LIGATO LAURA ROSELLA;F;02/06/1975;;7738;7738 - Altra sezione del tarso e metatarso;2;Humanitas
19/12/2018;;;;;;;9353;9353 - Applicazione di altro corsetto gessato;2;Humanitas
19/12/2018;15:41;16:57;MUNARI RICCARDO;M;01/06/2003;;7738;7738 - Altra sezione del tarso e metatarso;2;Humanitas
19/12/2018;;;;;;;7728;7728 - Resezione cuneiforme del tarso e metatarso;2;Humanitas
19/12/2018;;;;;;;8385;8385 - Altri cambiamenti di lunghezza di muscoli e tendin…;2;Humanitas
19/12/2018;;;;;;;9353;9353 - Applicazione di altro corsetto gessato;2;Humanitas
19/12/2018;18:08;18:30;CASTIGLIONI FRANCESCO;M;21/09/1927;;806;806 - Asportazione di cartilagine semilunare del ginocch…;3;Humanitas
19/12/2018;;;;;;;8026;8026 - Artroscopia del ginocchio;3;Humanitas
08/01/2019;09:14;09:57;DI PIETRO ROBERTA;F;26/04/2003;;7728;7728 - Resezione cuneiforme del tarso e metatarso;3;Humanitas
08/01/2019;;;;;;;7728;7728 - Resezione cuneiforme del tarso e metatarso;3;Humanitas
08/01/2019;;;;;;;8385;8385 - Altri cambiamenti di lunghezza di muscoli e tendin…;3;Humanitas
08/01/2019;;;;;;;8385;8385 - Altri cambiamenti di lunghezza di muscoli e tendin…;3;Humanitas
08/01/2019;;;;;;;9353;9353 - Applicazione di altro corsetto gessato;3;Humanitas
08/01/2019;;;;;;;9353;9353 - Applicazione di altro corsetto gessato;3;Humanitas
08/01/2019;11:34;12:39;PIRRELLO ALESSIA;F;11/08/2009;;7865;7865 - Rimozione di dispositivo impiantato dal femore;1;Humanitas
08/01/2019;;;;;;;7865;7865 - Rimozione di dispositivo impiantato dal femore;1;Humanitas
09/01/2019;08:39;09:38;IVALDI FRANCESCO;M;16/12/2003;;7865;7865 - Rimozione di dispositivo impiantato dal femore;1;Humanitas
09/01/2019;;;;;;;8118;8118 - Artroeresi dell’articolazione sottoastragalica;1;Humanitas
09/01/2019;10:06;10:15;BACCHIEGA RICCARDO;M;07/12/2005;;8118;8118 - Artroeresi dell’articolazione sottoastragalica;1;Humanitas
09/01/2019;11:16;12:03;PEDRAZZI FRANCESCO GIORGIO ANTONIO;M;03/03/2005;;7865;7865 - Rimozione di dispositivo impiantato dal femore;2;Humanitas
09/01/2019;14:04;16:35;BRECCOLOTTI FRANCESCO;M;19/06/1999;;7735;7735 - Altra sezione del femore;2;Humanitas
09/01/2019;;;;;;;7735;7735 - Altra sezione del femore;2;Humanitas
09/01/2019;;;;;;;7737;7737 - Altra sezione della tibia e fibula;2;Humanitas
15/01/2019;08:15;08:53;GALEANDRO FEDERICO;M;28/02/2012;;9929;9929 - Iniezione o infusione di altre sostanze terapeutic…;2;Humanitas
15/01/2019;;;;;;;9929;9929 - Iniezione o infusione di altre sostanze terapeutic…;2;Humanitas
15/01/2019;;;;;;;9353;9353 - Applicazione di altro corsetto gessato;2;Humanitas
15/01/2019;;;;;;;9353;9353 - Applicazione di altro corsetto gessato;2;Humanitas
15/01/2019;09:56;10:41;CIOFFI VINCENZO MARIA;M;06/09/2005;;7825;7825 - Accorciamento del femore;2;Humanitas
15/01/2019;;;;;;;7825;7825 - Accorciamento del femore;2;Humanitas
15/01/2019;12:08;13:23;GIAMBELLI CATERINA MARIA GIUSEPPIN;F;04/11/2004;;7728;7728 - Resezione cuneiforme del tarso e metatarso;2;Humanitas
15/01/2019;;;;;;;7738;7738 - Altra sezione del tarso e metatarso;2;Humanitas
15/01/2019;;;;;;;9929;9929 - Iniezione o infusione di altre sostanze terapeutic…;2;Humanitas
15/01/2019;;;;;;;9353;9353 - Applicazione di altro corsetto gessato;2;Humanitas
16/01/2019;08:43;09:27;PAGNOTTA FRANCESCA;F;19/03/2008;;8385;8385 - Altri cambiamenti di lunghezza di muscoli e tendin…;2;Humanitas
16/01/2019;;;;;;;8385;8385 - Altri cambiamenti di lunghezza di muscoli e tendin…;2;Humanitas
16/01/2019;;;;;;;8375;8375 - Trasposizione o trapianto di tendini;2;Humanitas
16/01/2019;;;;;;;8375;8375 - Trasposizione o trapianto di tendini;2;Humanitas
16/01/2019;10:30;10:48;SHKREPA AMBRA;F;25/05/2015;;9929;9929 - Iniezione o infusione di altre sostanze terapeutic…;1;Humanitas
16/01/2019;;;;;;;9929;9929 - Iniezione o infusione di altre sostanze terapeutic…;1;Humanitas
16/01/2019;;;;;;;9353;9353 - Applicazione di altro corsetto gessato;1;Humanitas
16/01/2019;;;;;;;9353;9353 - Applicazione di altro corsetto gessato;1;Humanitas
16/01/2019;11:50;12:10;CECCANTI CHRISTIAN;M;09/01/2006;;7865;7865 - Rimozione di dispositivo impiantato dal femore;1;Humanitas
16/01/2019;;;;;;;7865;7865 - Rimozione di dispositivo impiantato dal femore;1;Humanitas
16/01/2019;12:54;13:00;TACCONELLI ELENA SOFIA;F;15/06/2005;;8118;8118 - Artroeresi dell’articolazione sottoastragalica;2;Humanitas
16/01/2019;14:53;15:28;VISCONTI EDOARDO AMEDEO BRUNO;M;20/10/2004;;7827;7827 - Accorciamento di tibia e fibula;2;Humanitas
16/01/2019;;;;;;;7827;7827 - Accorciamento di tibia e fibula;2;Humanitas
16/01/2019;;;;;;;8118;8118 - Artroeresi dell’articolazione sottoastragalica;2;Humanitas
22/01/2019;08:54;09:57;DALLATOMASINA GIADA;F;08/04/1984;;7728;7728 - Resezione cuneiforme del tarso e metatarso;2;Humanitas
22/01/2019;;;;;;;8114;8114 - Fusione mediotarsica;2;Humanitas
22/01/2019;;;;;;;8385;8385 - Altri cambiamenti di lunghezza di muscoli e tendin…;2;Humanitas
22/01/2019;;;;;;;9353;9353 - Applicazione di altro corsetto gessato;2;Humanitas
22/01/2019;10:31;10:50;ROMAGNOLI ELISA;F;24/04/2003;;8118;8118 - Artroeresi dell’articolazione sottoastragalica;2;Humanitas
22/01/2019;;;;;;;8385;8385 - Altri cambiamenti di lunghezza di muscoli e tendin…;2;Humanitas
22/01/2019;12:21;14:20;GAUDINO NICOLA;M;04/11/1975;;7728;7728 - Resezione cuneiforme del tarso e metatarso;2;Humanitas
22/01/2019;;;;;;;7728;7728 - Resezione cuneiforme del tarso e metatarso;2;Humanitas
22/01/2019;;;;;;;8114;8114 - Fusione mediotarsica;2;Humanitas
22/01/2019;;;;;;;8114;8114 - Fusione mediotarsica;2;Humanitas
22/01/2019;;;;;;;8385;8385 - Altri cambiamenti di lunghezza di muscoli e tendin…;2;Humanitas
22/01/2019;;;;;;;8385;8385 - Altri cambiamenti di lunghezza di muscoli e tendin…;2;Humanitas
22/01/2019;;;;;;;9353;9353 - Applicazione di altro corsetto gessato;2;Humanitas
22/01/2019;;;;;;;9353;9353 - Applicazione di altro corsetto gessato;2;Humanitas
22/01/2019;16:13;17:29;ARCHIATI ELENA;F;18/09/2002;;7728;7728 - Resezione cuneiforme del tarso e metatarso;1;Humanitas
22/01/2019;;;;;;;8114;8114 - Fusione mediotarsica;1;Humanitas
22/01/2019;;;;;;;7868;7868 - Rimozione di dispositivo impiantato da tarso e met…;1;Humanitas
22/01/2019;;;;;;;9353;9353 - Applicazione di altro corsetto gessato;1;Humanitas
23/01/2019;08:06;08:14;UREA ELENA COSMINA;F;06/11/2011;;9929;9929 - Iniezione o infusione di altre sostanze terapeutic…;1;Humanitas
23/01/2019;;;;;;;9353;9353 - Applicazione di altro corsetto gessato;1;Humanitas
23/01/2019;08:55;09:02;SALA LORENZO;M;25/11/1999;;9929;9929 - Iniezione o infusione di altre sostanze terapeutic…;1;Humanitas
23/01/2019;;;;;;;9929;9929 - Iniezione o infusione di altre sostanze terapeutic…;1;Humanitas
23/01/2019;10:04;10:11;RATTOTTI FILIPPO;M;09/10/2003;;8118;8118 - Artroeresi dell’articolazione sottoastragalica;1;Humanitas
23/01/2019;11:07;11:29;D'ANNA VINCENZO;M;11/05/2003;;7868;7868 - Rimozione di dispositivo impiantato da tarso e met…;1;Humanitas
23/01/2019;12:55;13:55;CAMELI LEONE;M;11/07/2013;;7825;7825 - Accorciamento del femore;1;Humanitas
23/01/2019;;;;;;;7825;7825 - Accorciamento del femore;1;Humanitas
23/01/2019;;;;;;;8385;8385 - Altri cambiamenti di lunghezza di muscoli e tendin…;1;Humanitas
23/01/2019;;;;;;;8385;8385 - Altri cambiamenti di lunghezza di muscoli e tendin…;1;Humanitas
23/01/2019;;;;;;;9929;9929 - Iniezione o infusione di altre sostanze terapeutic…;1;Humanitas
23/01/2019;;;;;;;9929;9929 - Iniezione o infusione di altre sostanze terapeutic…;1;Humanitas
28/01/2019;10:04;11:09;PRONZATO MARIA ADELAIDE;F;12/09/1948;;8180;8180 - Sostituzione totale della spalla (con protesi sint…;2;Humanitas
28/01/2019;12:24;13:24;LONGOBARDI ANDREA;M;06/11/1940;;8180;8180 - Sostituzione totale della spalla (con protesi sint…;2;Humanitas
29/01/2019;08:28;10:56;DE TOMMASO GIOVANNI;M;14/02/2010;;7825;7825 - Accorciamento del femore;1;Humanitas
29/01/2019;;;;;;;7825;7825 - Accorciamento del femore;1;Humanitas
29/01/2019;;;;;;;8385;8385 - Altri cambiamenti di lunghezza di muscoli e tendin…;1;Humanitas
29/01/2019;;;;;;;8385;8385 - Altri cambiamenti di lunghezza di muscoli e tendin…;1;Humanitas
29/01/2019;;;;;;;8375;8375 - Trasposizione o trapianto di tendini;1;Humanitas
29/01/2019;;;;;;;8375;8375 - Trasposizione o trapianto di tendini;1;Humanitas
29/01/2019;11:46;12:33;GENITO DOMENICO;M;19/01/2011;;8385;8385 - Altri cambiamenti di lunghezza di muscoli e tendin…;2;Humanitas
29/01/2019;;;;;;;8385;8385 - Altri cambiamenti di lunghezza di muscoli e tendin…;2;Humanitas
29/01/2019;;;;;;;9929;9929 - Iniezione o infusione di altre sostanze terapeutic…;2;Humanitas
29/01/2019;;;;;;;9929;9929 - Iniezione o infusione di altre sostanze terapeutic…;2;Humanitas
29/01/2019;;;;;;;9353;9353 - Applicazione di altro corsetto gessato;2;Humanitas
29/01/2019;;;;;;;9353;9353 - Applicazione di altro corsetto gessato;2;Humanitas
29/01/2019;14:01;14:17;AMATI TOMMASO;M;06/07/2012;;7825;7825 - Accorciamento del femore;2;Humanitas
29/01/2019;15:00;15:05;MARIANI GIACOMO;M;25/01/2005;;8118;8118 - Artroeresi dell’articolazione sottoastragalica;2;Humanitas
29/01/2019;16:16;17:27;CANNAS MAURIZIO;M;09/07/2004;;7825;7825 - Accorciamento del femore;1;Humanitas
29/01/2019;;;;;;;7825;7825 - Accorciamento del femore;1;Humanitas
30/01/2019;08:12;08:19;SANGIOVANNI GIULIA;F;22/11/2004;;8385;8385 - Altri cambiamenti di lunghezza di muscoli e tendin…;2;Humanitas
30/01/2019;;;;;;;8385;8385 - Altri cambiamenti di lunghezza di muscoli e tendin…;2;Humanitas
30/01/2019;09:02;09:12;RONCATO JACOPO ASCANIO;M;08/09/2004;;8118;8118 - Artroeresi dell’articolazione sottoastragalica;2;Humanitas
30/01/2019;09:51;10:01;ALDINI CAMILLA;F;26/08/2004;;8118;8118 - Artroeresi dell’articolazione sottoastragalica;1;Humanitas
06/02/2019;08:23;08:35;BOSI RISHI;M;27/11/2005;;8118;8118 - Artroeresi dell’articolazione sottoastragalica;1;Humanitas
06/02/2019;09:08;09:21;FIATI SALVATORE;M;08/04/2004;;8118;8118 - Artroeresi dell’articolazione sottoastragalica;1;Humanitas
06/02/2019;10:40;11:34;BALDESSARI LORENZO;M;03/10/2006;;7825;7825 - Accorciamento del femore;1;Humanitas
06/02/2019;13:05;15:10;CASSENTI CRISTIAN GIOACCHINO SALVA;M;31/07/2001;;7735;7735 - Altra sezione del femore;3;Humanitas
06/02/2019;;;;;;;7865;7865 - Rimozione di dispositivo impiantato dal femore;3;Humanitas
06/02/2019;;;;;;;9929;9929 - Iniezione o infusione di altre sostanze terapeutic…;3;Humanitas
06/02/2019;;;;;;;9929;9929 - Iniezione o infusione di altre sostanze terapeutic…;3;Humanitas
06/02/2019;16:46;17:58;BALDESSARI LORENZO;M;03/10/2006;;7865;7865 - Rimozione di dispositivo impiantato dal femore;1;Humanitas
06/02/2019;;;;;;;7825;7825 - Accorciamento del femore;1;Humanitas
12/02/2019;08:16;08:20;GARDIOLO GIOELE;M;06/12/2011;;9929;9929 - Iniezione o infusione di altre sostanze terapeutic…;1;Humanitas
12/02/2019;;;;;;;9353;9353 - Applicazione di altro corsetto gessato;1;Humanitas
12/02/2019;09:11;09:26;CANTAVENERA ANGELA;F;09/02/1960;;7738;7738 - Altra sezione del tarso e metatarso;2;Humanitas
12/02/2019;;;;;;;8116;8116 - Fusione metatarsofalangea;2;Humanitas
12/02/2019;10:28;11:05;GUERRA CHRISTIAN;M;19/04/2002;;7865;7865 - Rimozione di dispositivo impiantato dal femore;2;Humanitas
12/02/2019;;;;;;;7865;7865 - Rimozione di dispositivo impiantato dal femore;2;Humanitas
12/02/2019;12:43;13:52;PENSIERI ANDREA;M;11/05/1975;;7738;7738 - Altra sezione del tarso e metatarso;2;Humanitas
12/02/2019;;;;;;;8385;8385 - Altri cambiamenti di lunghezza di muscoli e tendin…;2;Humanitas
12/02/2019;;;;;;;8375;8375 - Trasposizione o trapianto di tendini;2;Humanitas
12/02/2019;;;;;;;9353;9353 - Applicazione di altro corsetto gessato;2;Humanitas
12/02/2019;14:56;15:03;CAJOZZO MARIA SOFIA;F;11/03/2005;;8118;8118 - Artroeresi dell’articolazione sottoastragalica;1;Humanitas
12/02/2019;15:48;16:18;SUMMA ELISA;F;10/02/2006;;8118;8118 - Artroeresi dell’articolazione sottoastragalica;1;Humanitas
13/02/2019;08:08;08:20;MAGGI ALESSANDRO;M;27/07/2012;;8385;8385 - Altri cambiamenti di lunghezza di muscoli e tendin…;1;Humanitas
13/02/2019;;;;;;;8385;8385 - Altri cambiamenti di lunghezza di muscoli e tendin…;1;Humanitas
13/02/2019;;;;;;;9929;9929 - Iniezione o infusione di altre sostanze terapeutic…;1;Humanitas
13/02/2019;;;;;;;9929;9929 - Iniezione o infusione di altre sostanze terapeutic…;1;Humanitas
13/02/2019;09:01;09:06;GIOIA STEFANO;M;20/04/1996;;9929;9929 - Iniezione o infusione di altre sostanze terapeutic…;1;Humanitas
13/02/2019;;;;;;;9929;9929 - Iniezione o infusione di altre sostanze terapeutic…;1;Humanitas
13/02/2019;10:13;11:03;BELLETTI EMMA;F;16/11/2007;;7825;7825 - Accorciamento del femore;2;Humanitas
13/02/2019;;;;;;;7825;7825 - Accorciamento del femore;2;Humanitas
13/02/2019;;;;;;;7827;7827 - Accorciamento di tibia e fibula;2;Humanitas
13/02/2019;11:55;12:36;ALMEIDA JIMENEZ ALEXIA MARIA;F;23/08/2011;;7825;7825 - Accorciamento del femore;1;Humanitas
13/02/2019;;;;;;;7825;7825 - Accorciamento del femore;1;Humanitas
13/02/2019;13:53;14:01;ALBANO NICOLO';M;08/05/2005;;8118;8118 - Artroeresi dell’articolazione sottoastragalica;2;Humanitas
13/02/2019;15:04;15:47;LANATA' ELEONORA;F;20/10/1997;;7865;7865 - Rimozione di dispositivo impiantato dal femore;1;Humanitas
13/02/2019;;;;;;;7868;7868 - Rimozione di dispositivo impiantato da tarso e met…;1;Humanitas
19/02/2019;08:13;08:21;ROMANO LUCREZIA;F;21/08/2004;;8118;8118 - Artroeresi dell’articolazione sottoastragalica;1;Humanitas
19/02/2019;09:19;09:45;DI LAGO KAROL MARIA;F;18/07/2005;;7738;7738 - Altra sezione del tarso e metatarso;1;Humanitas
19/02/2019;;;;;;;8118;8118 - Artroeresi dell’articolazione sottoastragalica;1;Humanitas
19/02/2019;12:17;12:30;GATTI FABIO;M;31/12/1966;;7868;7868 - Rimozione di dispositivo impiantato da tarso e met…;2;Humanitas
19/02/2019;13:55;14:19;DI LEONARDO PAOLA MARIA;F;04/08/1965;;7932;7932 - Riduzione cruenta di frattura del radio e dell’uln…;3;Humanitas
19/02/2019;;;;;;;9353;9353 - Applicazione di altro corsetto gessato;3;Humanitas
19/02/2019;15:58;16:54;DE SIO LUCA;M;10/02/1998;;8385;8385 - Altri cambiamenti di lunghezza di muscoli e tendin…;2;Humanitas
20/02/2019;08:23;08:35;D'ANZI LORENZO OTTAVIO ANTONIO;M;06/04/2004;;8118;8118 - Artroeresi dell’articolazione sottoastragalica;1;Humanitas
20/02/2019;10:20;11:50;MAHMOOD KASHIF;M;08/10/1998;;7735;7735 - Altra sezione del femore;1;Humanitas
20/02/2019;;;;;;;8385;8385 - Altri cambiamenti di lunghezza di muscoli e tendin…;1;Humanitas
20/02/2019;;;;;;;9353;9353 - Applicazione di altro corsetto gessato;1;Humanitas
20/02/2019;14:06;15:10;CASSONE GIULIA;F;30/08/2005;;7738;7738 - Altra sezione del tarso e metatarso;2;Humanitas
20/02/2019;;;;;;;8385;8385 - Altri cambiamenti di lunghezza di muscoli e tendin…;2;Humanitas
20/02/2019;;;;;;;9353;9353 - Applicazione di altro corsetto gessato;2;Humanitas
26/02/2019;08:31;09:28;ALFONSI GIAMPIERO;M;22/09/2000;;8385;8385 - Altri cambiamenti di lunghezza di muscoli e tendin…;2;Humanitas
26/02/2019;;;;;;;8375;8375 - Trasposizione o trapianto di tendini;2;Humanitas
26/02/2019;;;;;;;9353;9353 - Applicazione di altro corsetto gessato;2;Humanitas
26/02/2019;10:17;10:39;ANESA STEFANO;M;10/03/1970;;8385;8385 - Altri cambiamenti di lunghezza di muscoli e tendin…;2;Humanitas
26/02/2019;12:49;14:39;CIAGLIA JACOPO ANTONIO;M;27/11/2007;;7725;7725 - Resezione cuneiforme del femore;1;Humanitas
26/02/2019;;;;;;;7865;7865 - Rimozione di dispositivo impiantato dal femore;1;Humanitas
26/02/2019;;;;;;;8832;8832 - Artrografia con contrasto;1;Humanitas
27/02/2019;08:39;09:19;CARONE CHRISTIAN;M;01/07/2005;;8118;8118 - Artroeresi dell’articolazione sottoastragalica;1;Humanitas
27/02/2019;;;;;;;8385;8385 - Altri cambiamenti di lunghezza di muscoli e tendin…;1;Humanitas
27/02/2019;09:55;10:12;VIRECA SIMONE;M;07/06/2004;;8118;8118 - Artroeresi dell’articolazione sottoastragalica;1;Humanitas
27/02/2019;11:17;12:15;SUT ROXANA MARIA;F;15/03/2002;;7865;7865 - Rimozione di dispositivo impiantato dal femore;1;Humanitas
05/03/2019;09:33;10:01;MONTI BEATRICE;F;05/05/2004;;7865;7865 - Rimozione di dispositivo impiantato dal femore;2;Humanitas
05/03/2019;;;;;;;7865;7865 - Rimozione di dispositivo impiantato dal femore;2;Humanitas
05/03/2019;;;;;;;9929;9929 - Iniezione o infusione di altre sostanze terapeutic…;2;Humanitas
05/03/2019;;;;;;;9929;9929 - Iniezione o infusione di altre sostanze terapeutic…;2;Humanitas
05/03/2019;11:05;12:15;APARO JENNIFER;F;01/04/2007;;7865;7865 - Rimozione di dispositivo impiantato dal femore;2;Humanitas
05/03/2019;;;;;;;7867;7867 - Rimozione di dispositivo impiantato da tibia e fib…;2;Humanitas
05/03/2019;;;;;;;7825;7825 - Accorciamento del femore;2;Humanitas
06/03/2019;08:15;08:25;TROKA DAVID;M;07/01/2001;;8385;8385 - Altri cambiamenti di lunghezza di muscoli e tendin…;1;Humanitas
06/03/2019;;;;;;;8385;8385 - Altri cambiamenti di lunghezza di muscoli e tendin…;1;Humanitas
06/03/2019;;;;;;;9929;9929 - Iniezione o infusione di altre sostanze terapeutic…;1;Humanitas
06/03/2019;;;;;;;9929;9929 - Iniezione o infusione di altre sostanze terapeutic…;1;Humanitas
06/03/2019;09:23;09:33;OMIZZOLO VITTORIA;F;04/08/2013;;9929;9929 - Iniezione o infusione di altre sostanze terapeutic…;2;Humanitas
06/03/2019;;;;;;;9929;9929 - Iniezione o infusione di altre sostanze terapeutic…;2;Humanitas
06/03/2019;;;;;;;9353;9353 - Applicazione di altro corsetto gessato;2;Humanitas
06/03/2019;;;;;;;9353;9353 - Applicazione di altro corsetto gessato;2;Humanitas
06/03/2019;10:58;12:00;NAPOLANO MARCO;M;12/11/2003;;7728;7728 - Resezione cuneiforme del tarso e metatarso;2;Humanitas
06/03/2019;;;;;;;7738;7738 - Altra sezione del tarso e metatarso;2;Humanitas
06/03/2019;;;;;;;9353;9353 - Applicazione di altro corsetto gessato;2;Humanitas
06/03/2019;13:42;14:50;LABADINI STEFANO;M;02/05/1970;;8385;8385 - Altri cambiamenti di lunghezza di muscoli e tendin…;2;Humanitas
06/03/2019;;;;;;;8385;8385 - Altri cambiamenti di lunghezza di muscoli e tendin…;2;Humanitas
06/03/2019;;;;;;;7728;7728 - Resezione cuneiforme del tarso e metatarso;2;Humanitas
06/03/2019;;;;;;;7751;7751 - Asportazione di borsite con correzione dei tessuti…;2;Humanitas
06/03/2019;;;;;;;8196;8196 - Altra riparazione articolare;2;Humanitas
06/03/2019;;;;;;;8196;8196 - Altra riparazione articolare;2;Humanitas
12/03/2019;08:25;09:27;STASOLLA FEDERICO;M;05/11/2009;;7825;7825 - Accorciamento del femore;2;Humanitas
12/03/2019;;;;;;;7825;7825 - Accorciamento del femore;2;Humanitas
12/03/2019;10:58;11:38;LENZO MATTIA;M;09/10/1993;;7865;7865 - Rimozione di dispositivo impiantato dal femore;2;Humanitas
13/03/2019;08:38;08:52;NAVARRA MARTINA;F;12/01/2002;;8385;8385 - Altri cambiamenti di lunghezza di muscoli e tendin…;2;Humanitas
13/03/2019;;;;;;;9929;9929 - Iniezione o infusione di altre sostanze terapeutic…;2;Humanitas
13/03/2019;;;;;;;9353;9353 - Applicazione di altro corsetto gessato;2;Humanitas
13/03/2019;10:32;12:11;AMENDOLA MARIA;F;19/05/2008;;7825;7825 - Accorciamento del femore;3;Humanitas
13/03/2019;;;;;;;7825;7825 - Accorciamento del femore;3;Humanitas
13/03/2019;12:47;12:54;COLLI GABRIELLA;F;22/01/1969;;8201;8201 - Esplorazione della fascia tendinea della mano;2;Humanitas
13/03/2019;13:55;14:49;RONCACCI VIRGINIA;F;10/11/2004;;7825;7825 - Accorciamento del femore;2;Humanitas
13/03/2019;;;;;;;7825;7825 - Accorciamento del femore;2;Humanitas
13/03/2019;16:15;17:09;CHERUBINO JESSICA;F;18/10/1995;;7728;7728 - Resezione cuneiforme del tarso e metatarso;2;Humanitas
13/03/2019;;;;;;;7738;7738 - Altra sezione del tarso e metatarso;2;Humanitas
13/03/2019;;;;;;;8385;8385 - Altri cambiamenti di lunghezza di muscoli e tendin…;2;Humanitas
13/03/2019;;;;;;;9353;9353 - Applicazione di altro corsetto gessato;2;Humanitas
19/03/2019;08:24;08:36;BROGNOLI MARIA GIULIA;F;11/11/2003;;8118;8118 - Artroeresi dell’articolazione sottoastragalica;1;Humanitas
19/03/2019;09:22;10:00;GUGLIELMO GIULIA;F;01/03/2008;;7865;7865 - Rimozione di dispositivo impiantato dal femore;2;Humanitas
19/03/2019;;;;;;;7865;7865 - Rimozione di dispositivo impiantato dal femore;2;Humanitas
19/03/2019;11:03;11:16;ZUPPARDO ANGELO;M;16/05/2005;;7825;7825 - Accorciamento del femore;2;Humanitas
20/03/2019;10:02;10:15;ALINOVI VALENTINA;F;03/10/2005;;8118;8118 - Artroeresi dell’articolazione sottoastragalica;3;Humanitas
20/03/2019;12:42;14:12;CROSETTO AMEDEO DOMENICO;M;18/03/2005;;8385;8385 - Altri cambiamenti di lunghezza di muscoli e tendin…;2;Humanitas
20/03/2019;;;;;;;8385;8385 - Altri cambiamenti di lunghezza di muscoli e tendin…;2;Humanitas
20/03/2019;16:01;17:05;PITTUI NICOLA;M;12/02/2005;;7825;7825 - Accorciamento del femore;2;Humanitas
20/03/2019;;;;;;;7827;7827 - Accorciamento di tibia e fibula;2;Humanitas
20/03/2019;;;;;;;7827;7827 - Accorciamento di tibia e fibula;2;Humanitas
26/03/2019;08:44;09:27;SANCROTTI SOFIA;F;14/02/2007;;7825;7825 - Accorciamento del femore;2;Humanitas
26/03/2019;;;;;;;7825;7825 - Accorciamento del femore;2;Humanitas
26/03/2019;;;;;;;8118;8118 - Artroeresi dell’articolazione sottoastragalica;2;Humanitas
26/03/2019;12:09;12:30;FILOSA CHRISTIAN;M;09/10/2010;;8385;8385 - Altri cambiamenti di lunghezza di muscoli e tendin…;1;Humanitas
26/03/2019;;;;;;;9929;9929 - Iniezione o infusione di altre sostanze terapeutic…;1;Humanitas
26/03/2019;;;;;;;9929;9929 - Iniezione o infusione di altre sostanze terapeutic…;1;Humanitas
26/03/2019;;;;;;;9353;9353 - Applicazione di altro corsetto gessato;1;Humanitas
26/03/2019;;;;;;;9353;9353 - Applicazione di altro corsetto gessato;1;Humanitas
27/03/2019;09:34;09:39;SCARPATI SARA;F;15/07/2000;;8385;8385 - Altri cambiamenti di lunghezza di muscoli e tendin…;1;Humanitas
27/03/2019;;;;;;;8385;8385 - Altri cambiamenti di lunghezza di muscoli e tendin…;1;Humanitas
27/03/2019;11:27;11:43;DAMIANI FABRIZIO;M;09/07/1972;;806;806 - Asportazione di cartilagine semilunare del ginocch…;3;Humanitas
27/03/2019;;;;;;;8026;8026 - Artroscopia del ginocchio;3;Humanitas
27/03/2019;13:01;14:06;AZZATO FRANCESCO MARIA;M;15/08/2009;;7728;7728 - Resezione cuneiforme del tarso e metatarso;1;Humanitas
27/03/2019;;;;;;;8120;8120 - Artrodesi di articolazioni non specificate;1;Humanitas
27/03/2019;;;;;;;9929;9929 - Iniezione o infusione di altre sostanze terapeutic…;1;Humanitas
27/03/2019;;;;;;;9353;9353 - Applicazione di altro corsetto gessato;1;Humanitas
27/03/2019;16:19;17:15;CURTI CATERINA;F;08/03/1938;;9152;9152 - Esame microscopico di campione di sistema muscolos…;2;Humanitas
02/04/2019;08:24;08:52;DEPIETRI CRISTINA;F;01/07/1999;;7868;7868 - Rimozione di dispositivo impiantato da tarso e met…;1;Humanitas
02/04/2019;;;;;;;7868;7868 - Rimozione di dispositivo impiantato da tarso e met…;1;Humanitas
02/04/2019;09:51;10:42;DI ROSA RICCARDO;M;26/09/2006;;7867;7867 - Rimozione di dispositivo impiantato da tibia e fib…;1;Humanitas
02/04/2019;;;;;;;7867;7867 - Rimozione di dispositivo impiantato da tibia e fib…;1;Humanitas
02/04/2019;13:08;13:50;GLORIOSO FRANCESCA;F;18/03/1945;;7751;7751 - Asportazione di borsite con correzione dei tessuti…;2;Humanitas
02/04/2019;;;;;;;7937;7937 - Riduzione cruenta di frattura di tarso e metatarso…;2;Humanitas
02/04/2019;;;;;;;7738;7738 - Altra sezione del tarso e metatarso;2;Humanitas
02/04/2019;;;;;;;8128;8128 - Fusione interfalangea;2;Humanitas
02/04/2019;;;;;;;8385;8385 - Altri cambiamenti di lunghezza di muscoli e tendin…;2;Humanitas
03/04/2019;08:40;09:33;SEDRA CARLOS;M;03/10/2008;;7865;7865 - Rimozione di dispositivo impiantato dal femore;1;Humanitas
03/04/2019;;;;;;;7865;7865 - Rimozione di dispositivo impiantato dal femore;1;Humanitas
03/04/2019;;;;;;;9929;9929 - Iniezione o infusione di altre sostanze terapeutic…;1;Humanitas
03/04/2019;;;;;;;9929;9929 - Iniezione o infusione di altre sostanze terapeutic…;1;Humanitas
03/04/2019;11:36;12:08;DEL MONACO GIULIA;F;06/08/2006;;7868;7868 - Rimozione di dispositivo impiantato da tarso e met…;1;Humanitas
03/04/2019;;;;;;;7868;7868 - Rimozione di dispositivo impiantato da tarso e met…;1;Humanitas
03/04/2019;16:05;18:32;VOLTASIO LAURA;F;17/10/2006;;8385;8385 - Altri cambiamenti di lunghezza di muscoli e tendin…;2;Humanitas
03/04/2019;;;;;;;8385;8385 - Altri cambiamenti di lunghezza di muscoli e tendin…;2;Humanitas
03/04/2019;;;;;;;8375;8375 - Trasposizione o trapianto di tendini;2;Humanitas
03/04/2019;;;;;;;8375;8375 - Trasposizione o trapianto di tendini;2;Humanitas
03/04/2019;;;;;;;7728;7728 - Resezione cuneiforme del tarso e metatarso;2;Humanitas
03/04/2019;;;;;;;7728;7728 - Resezione cuneiforme del tarso e metatarso;2;Humanitas
03/04/2019;;;;;;;7825;7825 - Accorciamento del femore;2;Humanitas
03/04/2019;;;;;;;7825;7825 - Accorciamento del femore;2;Humanitas
03/04/2019;;;;;;;9353;9353 - Applicazione di altro corsetto gessato;2;Humanitas
03/04/2019;;;;;;;9353;9353 - Applicazione di altro corsetto gessato;2;Humanitas
09/04/2019;10:32;11:18;CAFFIO ROBERTA MARIA;F;13/08/2010;;7827;7827 - Accorciamento di tibia e fibula;2;Humanitas
09/04/2019;;;;;;;7827;7827 - Accorciamento di tibia e fibula;2;Humanitas
09/04/2019;12:20;13:20;BUENO TAMAR;F;29/10/1998;;8684;8684 - Correzione di cicatrice o briglia retrattile della…;2;Humanitas
09/04/2019;;;;;;;8339;8339 - Asportazione di lesione di altri tessuti molli;2;Humanitas
09/04/2019;15:09;16:01;MARCELLA MATTEO;M;30/01/1988;;7735;7735 - Altra sezione del femore;2;Humanitas
09/04/2019;;;;;;;8385;8385 - Altri cambiamenti di lunghezza di muscoli e tendin…;2;Humanitas
09/04/2019;;;;;;;8385;8385 - Altri cambiamenti di lunghezza di muscoli e tendin…;2;Humanitas
10/04/2019;08:30;09:10;GARMA MENENDEZ ARIANNA NAOMI;F;29/05/2000;;8385;8385 - Altri cambiamenti di lunghezza di muscoli e tendin…;2;Humanitas
10/04/2019;;;;;;;8375;8375 - Trasposizione o trapianto di tendini;2;Humanitas
10/04/2019;;;;;;;9929;9929 - Iniezione o infusione di altre sostanze terapeutic…;2;Humanitas
10/04/2019;;;;;;;9353;9353 - Applicazione di altro corsetto gessato;2;Humanitas
10/04/2019;10:03;10:20;MARCELLA MATTEO;M;30/01/1988;;9344;9344 - Altra trazione scheletrica;2;Humanitas
10/04/2019;11:30;12:06;ROSSANIGO EDOARDO;M;18/03/2006;;7867;7867 - Rimozione di dispositivo impiantato da tibia e fib…;2;Humanitas
10/04/2019;;;;;;;7867;7867 - Rimozione di dispositivo impiantato da tibia e fib…;2;Humanitas
10/04/2019;14:43;16:13;NIZZERO MAURIZIO;M;01/03/1945;;8154;8154 - Sostituzione totale del ginocchio;3;Humanitas
16/04/2019;08:06;08:12;FAGNANI MICHELE;M;01/12/2001;;9929;9929 - Iniezione o infusione di altre sostanze terapeutic…;1;Humanitas
16/04/2019;;;;;;;9929;9929 - Iniezione o infusione di altre sostanze terapeutic…;1;Humanitas
16/04/2019;10:15;10:22;MARINO VITTORIA;F;04/10/2007;;8118;8118 - Artroeresi dell’articolazione sottoastragalica;2;Humanitas
16/04/2019;12:38;13:35;ALESSANDRI ANTONELLA SONIA;F;05/09/1963;;7738;7738 - Altra sezione del tarso e metatarso;2;Humanitas
16/04/2019;;;;;;;407;407 - Altra resezione o asportazione dei nervi cranici e…;2;Humanitas
16/04/2019;14:01;14:39;GRAMPA GIOVANNA MARIA;F;22/05/1965;;7932;7932 - Riduzione cruenta di frattura del radio e dell’uln…;2;Humanitas
16/04/2019;;;;;;;9353;9353 - Applicazione di altro corsetto gessato;2;Humanitas
16/04/2019;16:11;16:41;LOI FRANCESCO;M;19/08/2001;;7735;7735 - Altra sezione del femore;2;Humanitas
07/05/2019;08:39;09:57;CASTELLANO THOMAS SALVATORE;M;08/01/2007;;7825;7825 - Accorciamento del femore;1;Humanitas
07/05/2019;;;;;;;7825;7825 - Accorciamento del femore;1;Humanitas
07/05/2019;;;;;;;7865;7865 - Rimozione di dispositivo impiantato dal femore;1;Humanitas
07/05/2019;;;;;;;7865;7865 - Rimozione di dispositivo impiantato dal femore;1;Humanitas
07/05/2019;10:49;12:05;WALLIS ANGUS;M;06/03/1965;;7738;7738 - Altra sezione del tarso e metatarso;2;Humanitas
07/05/2019;;;;;;;8385;8385 - Altri cambiamenti di lunghezza di muscoli e tendin…;2;Humanitas
07/05/2019;13:03;13:35;TERREN ALBERTO;M;28/07/1971;;8385;8385 - Altri cambiamenti di lunghezza di muscoli e tendin…;1;Humanitas
07/05/2019;;;;;;;8385;8385 - Altri cambiamenti di lunghezza di muscoli e tendin…;1;Humanitas
07/05/2019;;;;;;;9929;9929 - Iniezione o infusione di altre sostanze terapeutic…;1;Humanitas
07/05/2019;;;;;;;9929;9929 - Iniezione o infusione di altre sostanze terapeutic…;1;Humanitas
08/05/2019;10:26;10:57;PALAU PEDRO;M;11/11/1967;;7867;7867 - Rimozione di dispositivo impiantato da tibia e fib…;2;Humanitas
08/05/2019;12:14;13:21;GALLI MASSIMILIANO;M;16/10/2001;;7738;7738 - Altra sezione del tarso e metatarso;2;Humanitas
08/05/2019;;;;;;;8117;8117 - Altra fusione del piede;2;Humanitas
08/05/2019;;;;;;;8385;8385 - Altri cambiamenti di lunghezza di muscoli e tendin…;2;Humanitas
08/05/2019;;;;;;;8385;8385 - Altri cambiamenti di lunghezza di muscoli e tendin…;2;Humanitas
08/05/2019;;;;;;;9353;9353 - Applicazione di altro corsetto gessato;2;Humanitas
08/05/2019;14:45;15:08;PAPPALETTERA CARLO;M;27/02/1963;;8026;8026 - Artroscopia del ginocchio;3;Humanitas
14/05/2019;08:32;09:03;RICCA ERIKA;F;22/10/2001;;8385;8385 - Altri cambiamenti di lunghezza di muscoli e tendin…;1;Humanitas
14/05/2019;;;;;;;8385;8385 - Altri cambiamenti di lunghezza di muscoli e tendin…;1;Humanitas
14/05/2019;10:19;10:37;DEIMICHEI LEANDRO;M;14/06/2011;;8385;8385 - Altri cambiamenti di lunghezza di muscoli e tendin…;2;Humanitas
14/05/2019;12:12;14:20;LEONE DAMIANO;M;09/08/1982;;7738;7738 - Altra sezione del tarso e metatarso;2;Humanitas
14/05/2019;;;;;;;8385;8385 - Altri cambiamenti di lunghezza di muscoli e tendin…;2;Humanitas
14/05/2019;;;;;;;8385;8385 - Altri cambiamenti di lunghezza di muscoli e tendin…;2;Humanitas
14/05/2019;;;;;;;9353;9353 - Applicazione di altro corsetto gessato;2;Humanitas
14/05/2019;;;;;;;9353;9353 - Applicazione di altro corsetto gessato;2;Humanitas
14/05/2019;;;;;;;8117;8117 - Altra fusione del piede;2;Humanitas
14/05/2019;16:27;18:10;D'ADDABBO MARCO;M;10/08/2002;;7729;7729 - Resezione cuneiforme di altre ossa, escluse quelle…;2;Humanitas
14/05/2019;;;;;;;7725;7725 - Resezione cuneiforme del femore;2;Humanitas
14/05/2019;;;;;;;7809;7809 - Innesto osseo di altre ossa;2;Humanitas
14/05/2019;;;;;;;7738;7738 - Altra sezione del tarso e metatarso;2;Humanitas
14/05/2019;;;;;;;8375;8375 - Trasposizione o trapianto di tendini;2;Humanitas
14/05/2019;;;;;;;8385;8385 - Altri cambiamenti di lunghezza di muscoli e tendin…;2;Humanitas
14/05/2019;;;;;;;8385;8385 - Altri cambiamenti di lunghezza di muscoli e tendin…;2;Humanitas
15/05/2019;08:37;08:51;ZANET MARZIA;F;12/08/2006;;8118;8118 - Artroeresi dell’articolazione sottoastragalica;2;Humanitas
15/05/2019;15:15;16:31;CORRADO GIORGIO FRANCESCO PIO;M;02/03/2005;;7725;7725 - Resezione cuneiforme del femore;2;Humanitas
15/05/2019;17:48;19:10;MARMOTTINI RUGINI MATTEO;M;12/09/2006;;7728;7728 - Resezione cuneiforme del tarso e metatarso;2;Humanitas
15/05/2019;;;;;;;8385;8385 - Altri cambiamenti di lunghezza di muscoli e tendin…;2;Humanitas
15/05/2019;;;;;;;8118;8118 - Artroeresi dell’articolazione sottoastragalica;2;Humanitas
15/05/2019;;;;;;;9353;9353 - Applicazione di altro corsetto gessato;2;Humanitas
21/05/2019;08:18;08:25;SUBIETA SANTOYO AUGUSTO;M;27/10/2004;;8118;8118 - Artroeresi dell’articolazione sottoastragalica;2;Humanitas
21/05/2019;09:30;11:20;NEGRI LEONARDO;M;13/12/2013;;7722;7722 - Resezione cuneiforme dell’omero;3;Humanitas
21/05/2019;;;;;;;9353;9353 - Applicazione di altro corsetto gessato;3;Humanitas
21/05/2019;12:22;13:27;GEORGIEVA LINELI;F;29/09/2008;;7825;7825 - Accorciamento del femore;2;Humanitas
21/05/2019;;;;;;;7825;7825 - Accorciamento del femore;2;Humanitas
21/05/2019;15:59;17:16;EZZAHIR YASSIR;M;21/12/2006;;7728;7728 - Resezione cuneiforme del tarso e metatarso;3;Humanitas
21/05/2019;;;;;;;7738;7738 - Altra sezione del tarso e metatarso;3;Humanitas
21/05/2019;;;;;;;8375;8375 - Trasposizione o trapianto di tendini;3;Humanitas
21/05/2019;;;;;;;8118;8118 - Artroeresi dell’articolazione sottoastragalica;3;Humanitas
21/05/2019;;;;;;;9929;9929 - Iniezione o infusione di altre sostanze terapeutic…;3;Humanitas
21/05/2019;;;;;;;9929;9929 - Iniezione o infusione di altre sostanze terapeutic…;3;Humanitas
21/05/2019;;;;;;;9353;9353 - Applicazione di altro corsetto gessato;3;Humanitas
22/05/2019;08:25;08:35;FINIZIO CLAUDIO;M;25/09/2003;;7868;7868 - Rimozione di dispositivo impiantato da tarso e met…;1;Humanitas
22/05/2019;10:21;11:28;IASIELLO ANGELO;M;12/10/2007;;7825;7825 - Accorciamento del femore;1;Humanitas
22/05/2019;;;;;;;7827;7827 - Accorciamento di tibia e fibula;1;Humanitas
22/05/2019;12:09;12:22;PRIFTI VALERIA;F;28/04/2005;;8832;8832 - Artrografia con contrasto;2;Humanitas
22/05/2019;;;;;;;8832;8832 - Artrografia con contrasto;2;Humanitas
28/05/2019;08:00;08:04;DE LUCA MICHELANGELO;M;04/12/2003;;9929;9929 - Iniezione o infusione di altre sostanze terapeutic…;2;Humanitas
28/05/2019;;;;;;;9929;9929 - Iniezione o infusione di altre sostanze terapeutic…;2;Humanitas
28/05/2019;09:13;10:14;CABRAAL LIYANA MOHOTTAGE SATHNID;M;05/10/2005;;7825;7825 - Accorciamento del femore;2;Humanitas
28/05/2019;;;;;;;8385;8385 - Altri cambiamenti di lunghezza di muscoli e tendin…;2;Humanitas
28/05/2019;;;;;;;9353;9353 - Applicazione di altro corsetto gessato;2;Humanitas
28/05/2019;11:25;13:24;ZANZOTTERA ELENA;F;03/10/2005;;8385;8385 - Altri cambiamenti di lunghezza di muscoli e tendin…;3;Humanitas
28/05/2019;;;;;;;8377;8377 - Trasposizione o trapianto di muscoli;3;Humanitas
28/05/2019;;;;;;;7728;7728 - Resezione cuneiforme del tarso e metatarso;3;Humanitas
28/05/2019;;;;;;;9353;9353 - Applicazione di altro corsetto gessato;3;Humanitas
28/05/2019;;;;;;;9353;9353 - Applicazione di altro corsetto gessato;3;Humanitas
29/05/2019;09:34;09:43;SPADA GIULIA;F;14/11/2004;;8385;8385 - Altri cambiamenti di lunghezza di muscoli e tendin…;2;Humanitas
29/05/2019;;;;;;;8385;8385 - Altri cambiamenti di lunghezza di muscoli e tendin…;2;Humanitas
29/05/2019;10:16;10:27;SACCHI ALESSANDRO;M;18/04/2005;;8118;8118 - Artroeresi dell’articolazione sottoastragalica;1;Humanitas
29/05/2019;11:24;12:38;MAIFREDI MATTIA;M;31/12/2005;;7865;7865 - Rimozione di dispositivo impiantato dal femore;2;Humanitas
29/05/2019;;;;;;;7867;7867 - Rimozione di dispositivo impiantato da tibia e fib…;2;Humanitas
29/05/2019;;;;;;;9929;9929 - Iniezione o infusione di altre sostanze terapeutic…;2;Humanitas
04/06/2019;08:17;08:26;CARRIERO ELISA;F;05/06/2001;;9929;9929 - Iniezione o infusione di altre sostanze terapeutic…;2;Humanitas
04/06/2019;;;;;;;9929;9929 - Iniezione o infusione di altre sostanze terapeutic…;2;Humanitas
04/06/2019;09:09;09:22;KARIM ADEM;M;08/05/2011;;8385;8385 - Altri cambiamenti di lunghezza di muscoli e tendin…;2;Humanitas
04/06/2019;;;;;;;9353;9353 - Applicazione di altro corsetto gessato;2;Humanitas
04/06/2019;10:34;11:06;VIOLA MARIA ELENA;F;19/12/1963;;7738;7738 - Altra sezione del tarso e metatarso;2;Humanitas
04/06/2019;;;;;;;8128;8128 - Fusione interfalangea;2;Humanitas
04/06/2019;;;;;;;8385;8385 - Altri cambiamenti di lunghezza di muscoli e tendin…;2;Humanitas
05/06/2019;08:26;09:30;GAZZOLA ANDREA;M;28/02/2005;;7825;7825 - Accorciamento del femore;3;Humanitas
05/06/2019;;;;;;;7825;7825 - Accorciamento del femore;3;Humanitas
05/06/2019;11:25;11:50;ESPOSITO ANNA MARIA;F;29/08/1966;;7868;7868 - Rimozione di dispositivo impiantato da tarso e met…;2;Humanitas
05/06/2019;;;;;;;8385;8385 - Altri cambiamenti di lunghezza di muscoli e tendin…;2;Humanitas
05/06/2019;;;;;;;8385;8385 - Altri cambiamenti di lunghezza di muscoli e tendin…;2;Humanitas
11/06/2019;08:35;09:15;BIELLA EDOARDO;M;16/07/2007;;7825;7825 - Accorciamento del femore;2;Humanitas
11/06/2019;;;;;;;7827;7827 - Accorciamento di tibia e fibula;2;Humanitas
11/06/2019;09:59;10:37;MARAZZI TOMMASO;M;29/03/2004;;7827;7827 - Accorciamento di tibia e fibula;1;Humanitas
11/06/2019;;;;;;;7827;7827 - Accorciamento di tibia e fibula;1;Humanitas
11/06/2019;11:28;11:43;ISIDORO SIMONE;M;14/07/2001;;7868;7868 - Rimozione di dispositivo impiantato da tarso e met…;2;Humanitas
11/06/2019;;;;;;;7868;7868 - Rimozione di dispositivo impiantato da tarso e met…;2;Humanitas
12/06/2019;08:19;08:25;BASSO MAIA;F;23/01/2010;;8826;8826 - Altra radiografia di pelvi e anca;2;Humanitas
12/06/2019;;;;;;;8826;8826 - Altra radiografia di pelvi e anca;2;Humanitas
12/06/2019;12:43;16:20;COPPOLA MANUEL;M;08/02/2006;;7728;7728 - Resezione cuneiforme del tarso e metatarso;2;Humanitas
12/06/2019;;;;;;;7728;7728 - Resezione cuneiforme del tarso e metatarso;2;Humanitas
12/06/2019;;;;;;;7738;7738 - Altra sezione del tarso e metatarso;2;Humanitas
12/06/2019;;;;;;;7738;7738 - Altra sezione del tarso e metatarso;2;Humanitas
12/06/2019;;;;;;;8385;8385 - Altri cambiamenti di lunghezza di muscoli e tendin…;2;Humanitas
12/06/2019;;;;;;;8385;8385 - Altri cambiamenti di lunghezza di muscoli e tendin…;2;Humanitas
12/06/2019;;;;;;;8375;8375 - Trasposizione o trapianto di tendini;2;Humanitas
12/06/2019;;;;;;;8375;8375 - Trasposizione o trapianto di tendini;2;Humanitas
12/06/2019;;;;;;;7865;7865 - Rimozione di dispositivo impiantato dal femore;2;Humanitas
12/06/2019;;;;;;;7865;7865 - Rimozione di dispositivo impiantato dal femore;2;Humanitas
12/06/2019;;;;;;;9353;9353 - Applicazione di altro corsetto gessato;2;Humanitas
12/06/2019;;;;;;;9353;9353 - Applicazione di altro corsetto gessato;2;Humanitas
18/06/2019;08:49;09:38;MORI UBALDINI CAROLINA;F;18/04/2006;;7827;7827 - Accorciamento di tibia e fibula;3;Humanitas
18/06/2019;;;;;;;7827;7827 - Accorciamento di tibia e fibula;3;Humanitas
18/06/2019;11:56;14:38;SALTARELLI LORENZO MATTIA;M;16/03/1999;;7725;7725 - Resezione cuneiforme del femore;3;Humanitas
18/06/2019;;;;;;;7729;7729 - Resezione cuneiforme di altre ossa, escluse quelle…;3;Humanitas
18/06/2019;;;;;;;7809;7809 - Innesto osseo di altre ossa;3;Humanitas
18/06/2019;;;;;;;8385;8385 - Altri cambiamenti di lunghezza di muscoli e tendin…;3;Humanitas
18/06/2019;;;;;;;8385;8385 - Altri cambiamenti di lunghezza di muscoli e tendin…;3;Humanitas
18/06/2019;;;;;;;9929;9929 - Iniezione o infusione di altre sostanze terapeutic…;3;Humanitas
18/06/2019;;;;;;;9929;9929 - Iniezione o infusione di altre sostanze terapeutic…;3;Humanitas
18/06/2019;;;;;;;7865;7865 - Rimozione di dispositivo impiantato dal femore;3;Humanitas
19/06/2019;08:26;08:36;GENTILE VERONICA;F;05/01/2007;;8118;8118 - Artroeresi dell’articolazione sottoastragalica;1;Humanitas
19/06/2019;09:26;09:37;TALARICO VIOLA;F;05/03/2017;;8291;8291 - Lisi di aderenze della mano;1;Humanitas
19/06/2019;10:19;10:31;PATRUNO RICCARDO;M;23/11/2004;;8118;8118 - Artroeresi dell’articolazione sottoastragalica;2;Humanitas
19/06/2019;12:16;13:32;GAGLIANO TOMMASO;M;04/06/2007;;7825;7825 - Accorciamento del femore;2;Humanitas
19/06/2019;;;;;;;7827;7827 - Accorciamento di tibia e fibula;2;Humanitas
25/06/2019;10:20;10:31;SCHETTINO CLAUDIA;F;04/05/1994;;8385;8385 - Altri cambiamenti di lunghezza di muscoli e tendin…;1;Humanitas
25/06/2019;;;;;;;8385;8385 - Altri cambiamenti di lunghezza di muscoli e tendin…;1;Humanitas
25/06/2019;;;;;;;9929;9929 - Iniezione o infusione di altre sostanze terapeutic…;1;Humanitas
25/06/2019;;;;;;;9929;9929 - Iniezione o infusione di altre sostanze terapeutic…;1;Humanitas
25/06/2019;11:29;12:17;SACCO ALESSIA;F;27/09/2001;;7868;7868 - Rimozione di dispositivo impiantato da tarso e met…;1;Humanitas
25/06/2019;;;;;;;7868;7868 - Rimozione di dispositivo impiantato da tarso e met…;1;Humanitas
25/06/2019;13:46;14:16;MURABITO SALVATORE;M;19/08/2002;;8385;8385 - Altri cambiamenti di lunghezza di muscoli e tendin…;3;Humanitas
25/06/2019;;;;;;;8385;8385 - Altri cambiamenti di lunghezza di muscoli e tendin…;3;Humanitas
25/06/2019;;;;;;;9929;9929 - Iniezione o infusione di altre sostanze terapeutic…;3;Humanitas
25/06/2019;;;;;;;9929;9929 - Iniezione o infusione di altre sostanze terapeutic…;3;Humanitas
26/06/2019;10:34;10:41;LODI MATILDE;F;21/09/2000;;8832;8832 - Artrografia con contrasto;1;Humanitas
26/06/2019;;;;;;;8192;8192 - Iniezione di sostanze terapeutiche nell’articolazi…;1;Humanitas
26/06/2019;11:50;12:39;ERARIO ANTONIO PIO;M;02/11/2008;;7825;7825 - Accorciamento del femore;1;Humanitas
26/06/2019;;;;;;;9929;9929 - Iniezione o infusione di altre sostanze terapeutic…;1;Humanitas
02/07/2019;09:27;09:33;MAISTO CARLO;M;29/09/2007;;8832;8832 - Artrografia con contrasto;1;Humanitas
02/07/2019;;;;;;;8192;8192 - Iniezione di sostanze terapeutiche nell’articolazi…;1;Humanitas
02/07/2019;10:46;10:59;PARAPINI TOMMASO;M;23/01/2004;;8118;8118 - Artroeresi dell’articolazione sottoastragalica;1;Humanitas
02/07/2019;12:16;13:59;BELLETTI EMMA;F;16/11/2007;;7825;7825 - Accorciamento del femore;2;Humanitas
02/07/2019;;;;;;;7827;7827 - Accorciamento di tibia e fibula;2;Humanitas
02/07/2019;;;;;;;7865;7865 - Rimozione di dispositivo impiantato dal femore;2;Humanitas
02/07/2019;;;;;;;7867;7867 - Rimozione di dispositivo impiantato da tibia e fib…;2;Humanitas
03/07/2019;08:23;08:35;ADAMO CRISTIANA;F;22/01/2012;;8291;8291 - Lisi di aderenze della mano;1;Humanitas
03/07/2019;09:39;09:44;PALATTELLA CAROLINA;F;27/02/2015;;9929;9929 - Iniezione o infusione di altre sostanze terapeutic…;1;Humanitas
03/07/2019;;;;;;;9353;9353 - Applicazione di altro corsetto gessato;1;Humanitas
09/07/2019;08:27;09:00;AUTUORI GIULIA ARIANNA;F;15/05/2005;;7865;7865 - Rimozione di dispositivo impiantato dal femore;1;Humanitas
09/07/2019;10:53;11:07;HUSSENET HELENE NADEGDA VICTOIRE;F;27/03/2011;;7862;7862 - Rimozione di dispositivo impiantato dall’omero;2;Humanitas
09/07/2019;12:55;15:52;LIBERALATO GIORGIA;F;10/11/2007;;7725;7725 - Resezione cuneiforme del femore;2;Humanitas
09/07/2019;;;;;;;7739;7739 - Altra sezione di altre ossa, escluse quelle faccia…;2;Humanitas
09/07/2019;;;;;;;7825;7825 - Accorciamento del femore;2;Humanitas
09/07/2019;;;;;;;8118;8118 - Artroeresi dell’articolazione sottoastragalica;2;Humanitas
09/07/2019;;;;;;;8385;8385 - Altri cambiamenti di lunghezza di muscoli e tendin…;2;Humanitas
03/09/2019;09:08;09:19;PERSIANO PAOLO;M;29/11/2001;;8118;8118 - Artroeresi dell’articolazione sottoastragalica;2;Humanitas
03/09/2019;09:52;09:57;ALDINI CAMILLA;F;26/08/2004;;8118;8118 - Artroeresi dell’articolazione sottoastragalica;2;Humanitas
03/09/2019;10:50;12:07;DEL FABBRO SAMUELE;M;06/11/2006;;7827;7827 - Accorciamento di tibia e fibula;1;Humanitas
03/09/2019;;;;;;;7827;7827 - Accorciamento di tibia e fibula;1;Humanitas
03/09/2019;;;;;;;7867;7867 - Rimozione di dispositivo impiantato da tibia e fib…;1;Humanitas
03/09/2019;;;;;;;7867;7867 - Rimozione di dispositivo impiantato da tibia e fib…;1;Humanitas
04/09/2019;08:13;08:25;MALETTA ERIKA TERESA MARIA;F;24/04/2006;;8118;8118 - Artroeresi dell’articolazione sottoastragalica;1;Humanitas
04/09/2019;09:18;10:05;GAMALERI ASIA;F;22/08/2007;;7825;7825 - Accorciamento del femore;2;Humanitas
04/09/2019;;;;;;;7827;7827 - Accorciamento di tibia e fibula;2;Humanitas
10/09/2019;08:34;08:47;DE RUVO GABRIELE;M;25/10/2006;;8118;8118 - Artroeresi dell’articolazione sottoastragalica;2;Humanitas
10/09/2019;10:05;11:06;TURSI LEONARDO;M;10/06/2004;;8375;8375 - Trasposizione o trapianto di tendini;1;Humanitas
10/09/2019;;;;;;;8118;8118 - Artroeresi dell’articolazione sottoastragalica;1;Humanitas
10/09/2019;12:33;13:49;BROMBIN ELISABETTA;F;22/07/2003;;7725;7725 - Resezione cuneiforme del femore;2;Humanitas
10/09/2019;15:20;15:59;CARRA MANOLO;M;17/05/2007;;8375;8375 - Trasposizione o trapianto di tendini;2;Humanitas
10/09/2019;;;;;;;8385;8385 - Altri cambiamenti di lunghezza di muscoli e tendin…;2;Humanitas
10/09/2019;;;;;;;7728;7728 - Resezione cuneiforme del tarso e metatarso;2;Humanitas
10/09/2019;;;;;;;9353;9353 - Applicazione di altro corsetto gessato;2;Humanitas
11/09/2019;08:11;08:24;TIMIS ALBERTO IONUT;M;06/09/1999;;7868;7868 - Rimozione di dispositivo impiantato da tarso e met…;1;Humanitas
11/09/2019;09:08;10:10;CANNAS MAURIZIO;M;09/07/2004;;7865;7865 - Rimozione di dispositivo impiantato dal femore;1;Humanitas
11/09/2019;;;;;;;7865;7865 - Rimozione di dispositivo impiantato dal femore;1;Humanitas
11/09/2019;11:29;11:55;PICCABLOTTO FEDERICO;M;07/04/2004;;8385;8385 - Altri cambiamenti di lunghezza di muscoli e tendin…;1;Humanitas
11/09/2019;12:36;12:54;INVERNIZZI EDOARDO LEON;M;21/07/2004;;8118;8118 - Artroeresi dell’articolazione sottoastragalica;1;Humanitas
17/09/2019;09:34;09:44;GALANTE GLORIA;F;31/10/2007;;8118;8118 - Artroeresi dell’articolazione sottoastragalica;1;Humanitas
17/09/2019;10:40;11:03;SCIURBA CRISTIANO;M;25/07/2001;;8385;8385 - Altri cambiamenti di lunghezza di muscoli e tendin…;2;Humanitas
17/09/2019;14:26;15:23;IPOGINO ANDREA;M;07/09/2007;;7825;7825 - Accorciamento del femore;2;Humanitas
17/09/2019;;;;;;;7825;7825 - Accorciamento del femore;2;Humanitas
18/09/2019;08:14;08:29;GABBAN FILIPPO;M;22/08/2014;;9929;9929 - Iniezione o infusione di altre sostanze terapeutic…;1;Humanitas
18/09/2019;;;;;;;9929;9929 - Iniezione o infusione di altre sostanze terapeutic…;1;Humanitas
18/09/2019;10:37;12:39;CONFALONIERI LUCA;M;28/03/2007;;7728;7728 - Resezione cuneiforme del tarso e metatarso;1;Humanitas
18/09/2019;;;;;;;8385;8385 - Altri cambiamenti di lunghezza di muscoli e tendin…;1;Humanitas
18/09/2019;;;;;;;8385;8385 - Altri cambiamenti di lunghezza di muscoli e tendin…;1;Humanitas
18/09/2019;17:06;17:11;ESTASIO MATTEO;M;19/02/2007;;9929;9929 - Iniezione o infusione di altre sostanze terapeutic…;1;Humanitas
18/09/2019;;;;;;;9929;9929 - Iniezione o infusione di altre sostanze terapeutic…;1;Humanitas
24/09/2019;08:26;08:56;ERSPAMER IDA;F;15/11/2006;;8385;8385 - Altri cambiamenti di lunghezza di muscoli e tendin…;1;Humanitas
24/09/2019;;;;;;;8118;8118 - Artroeresi dell’articolazione sottoastragalica;1;Humanitas
24/09/2019;09:41;09:55;NEGRO GIORGIA;F;30/06/2012;;9929;9929 - Iniezione o infusione di altre sostanze terapeutic…;1;Humanitas
24/09/2019;;;;;;;9353;9353 - Applicazione di altro corsetto gessato;1;Humanitas
24/09/2019;10:49;11:16;TORRE ALICE;F;01/02/2007;;8118;8118 - Artroeresi dell’articolazione sottoastragalica;1;Humanitas
24/09/2019;12:24;13:14;TOSI IRENE;F;02/11/2001;;7738;7738 - Altra sezione del tarso e metatarso;2;Humanitas
24/09/2019;;;;;;;8364;8364 - Altra sutura di tendini;2;Humanitas
24/09/2019;;;;;;;7868;7868 - Rimozione di dispositivo impiantato da tarso e met…;2;Humanitas
24/09/2019;;;;;;;9353;9353 - Applicazione di altro corsetto gessato;2;Humanitas
24/09/2019;14:43;16:25;ALFANO CHIARA GRAZIA;F;01/07/2009;;7865;7865 - Rimozione di dispositivo impiantato dal femore;1;Humanitas
24/09/2019;;;;;;;7865;7865 - Rimozione di dispositivo impiantato dal femore;1;Humanitas
25/09/2019;08:29;08:35;VICARDI ALESSIA;F;20/05/2014;;9929;9929 - Iniezione o infusione di altre sostanze terapeutic…;1;Humanitas
25/09/2019;;;;;;;9353;9353 - Applicazione di altro corsetto gessato;1;Humanitas
25/09/2019;08:52;09:04;BRIGNOLI GIULIO;M;06/07/2015;;9929;9929 - Iniezione o infusione di altre sostanze terapeutic…;1;Humanitas
25/09/2019;;;;;;;9353;9353 - Applicazione di altro corsetto gessato;1;Humanitas
25/09/2019;10:08;10:23;ATTANASI FEDERICO;M;11/07/2006;;8118;8118 - Artroeresi dell’articolazione sottoastragalica;1;Humanitas
25/09/2019;11:09;11:25;GRANA FILIPPO;M;29/05/2005;;8118;8118 - Artroeresi dell’articolazione sottoastragalica;1;Humanitas
01/10/2019;08:07;08:15;MASSA NOEMI;F;22/01/2013;;9929;9929 - Iniezione o infusione di altre sostanze terapeutic…;1;Humanitas
01/10/2019;;;;;;;9353;9353 - Applicazione di altro corsetto gessato;1;Humanitas
01/10/2019;08:58;09:21;GIANGRECO ANDREA;M;21/05/2006;;7865;7865 - Rimozione di dispositivo impiantato dal femore;2;Humanitas
01/10/2019;;;;;;;7865;7865 - Rimozione di dispositivo impiantato dal femore;2;Humanitas
01/10/2019;10:40;11:42;BONETTI RICCARDO;M;04/08/2006;;7827;7827 - Accorciamento di tibia e fibula;2;Humanitas
01/10/2019;12:47;13:09;ELSAWAF DANIA MOHAMED ELSAYED;F;17/12/2008;;7738;7738 - Altra sezione del tarso e metatarso;2;Humanitas
01/10/2019;15:53;17:17;SCOGNAMIGLIO ALESSIO;M;15/08/2002;;7728;7728 - Resezione cuneiforme del tarso e metatarso;2;Humanitas
01/10/2019;;;;;;;7728;7728 - Resezione cuneiforme del tarso e metatarso;2;Humanitas
01/10/2019;;;;;;;7738;7738 - Altra sezione del tarso e metatarso;2;Humanitas
01/10/2019;;;;;;;7738;7738 - Altra sezione del tarso e metatarso;2;Humanitas
01/10/2019;;;;;;;8385;8385 - Altri cambiamenti di lunghezza di muscoli e tendin…;2;Humanitas
01/10/2019;;;;;;;8385;8385 - Altri cambiamenti di lunghezza di muscoli e tendin…;2;Humanitas
01/10/2019;;;;;;;9929;9929 - Iniezione o infusione di altre sostanze terapeutic…;2;Humanitas
01/10/2019;;;;;;;9929;9929 - Iniezione o infusione di altre sostanze terapeutic…;2;Humanitas
02/10/2019;08:30;09:02;IALONGO GRETA;F;14/10/2009;;7865;7865 - Rimozione di dispositivo impiantato dal femore;1;Humanitas
02/10/2019;;;;;;;7865;7865 - Rimozione di dispositivo impiantato dal femore;1;Humanitas
02/10/2019;10:22;11:15;POLONI CRISTIAN;M;09/07/2004;;7865;7865 - Rimozione di dispositivo impiantato dal femore;2;Humanitas
02/10/2019;;;;;;;7865;7865 - Rimozione di dispositivo impiantato dal femore;2;Humanitas
02/10/2019;12:08;13:03;HENNEDIGE VISMI CHIARA FERNANDO;F;26/09/2005;;8118;8118 - Artroeresi dell’articolazione sottoastragalica;2;Humanitas
02/10/2019;;;;;;;7751;7751 - Asportazione di borsite con correzione dei tessuti…;2;Humanitas
02/10/2019;14:04;14:45;CECCHETTI VALERIA;F;25/06/2002;;7735;7735 - Altra sezione del femore;1;Humanitas
08/10/2019;07:58;08:15;CATOLINO GIORGIA;F;07/09/2010;;9929;9929 - Iniezione o infusione di altre sostanze terapeutic…;1;Humanitas
08/10/2019;;;;;;;9929;9929 - Iniezione o infusione di altre sostanze terapeutic…;1;Humanitas
08/10/2019;;;;;;;9353;9353 - Applicazione di altro corsetto gessato;1;Humanitas
08/10/2019;;;;;;;9353;9353 - Applicazione di altro corsetto gessato;1;Humanitas
08/10/2019;11:22;12:43;PERINELLI EDOARDO;M;12/08/2002;;8385;8385 - Altri cambiamenti di lunghezza di muscoli e tendin…;2;Humanitas
08/10/2019;;;;;;;7728;7728 - Resezione cuneiforme del tarso e metatarso;2;Humanitas
08/10/2019;;;;;;;8129;8129 - Artrodesi di altra articolazione specificata;2;Humanitas
08/10/2019;;;;;;;9353;9353 - Applicazione di altro corsetto gessato;2;Humanitas
09/10/2019;08:13;08:59;DELL'ACQUA SVEVA;F;13/10/2005;;7865;7865 - Rimozione di dispositivo impiantato dal femore;1;Humanitas
09/10/2019;;;;;;;7865;7865 - Rimozione di dispositivo impiantato dal femore;1;Humanitas
09/10/2019;11:00;12:28;PASINI LUDOVICO;M;20/07/2009;;7825;7825 - Accorciamento del femore;2;Humanitas
09/10/2019;;;;;;;7825;7825 - Accorciamento del femore;2;Humanitas
09/10/2019;;;;;;;9929;9929 - Iniezione o infusione di altre sostanze terapeutic…;2;Humanitas
09/10/2019;;;;;;;9929;9929 - Iniezione o infusione di altre sostanze terapeutic…;2;Humanitas
09/10/2019;13:12;13:55;BANDITELLI ANDREA;M;27/11/2001;;8385;8385 - Altri cambiamenti di lunghezza di muscoli e tendin…;2;Humanitas
09/10/2019;;;;;;;8385;8385 - Altri cambiamenti di lunghezza di muscoli e tendin…;2;Humanitas
09/10/2019;16:12;17:13;DEL DIN GABRIELE;M;08/01/2011;;7865;7865 - Rimozione di dispositivo impiantato dal femore;1;Humanitas
15/10/2019;08:16;08:24;CANNELLA MARCO;M;13/10/2006;;8118;8118 - Artroeresi dell’articolazione sottoastragalica;1;Humanitas
15/10/2019;09:38;10:37;IACUBINO PIETRO;M;01/06/2006;;7825;7825 - Accorciamento del femore;1;Humanitas
15/10/2019;;;;;;;7827;7827 - Accorciamento di tibia e fibula;1;Humanitas
15/10/2019;;;;;;;7827;7827 - Accorciamento di tibia e fibula;1;Humanitas
15/10/2019;11:16;11:21;TIRABOSCHI MARIA PAOLA;F;12/09/1964;;8044;8044 - Incisione di capsula articolare, legamenti o carti…;2;Humanitas
15/10/2019;12:37;13:39;GIAMBELLI CATERINA MARIA GIUSEPPIN;F;04/11/2004;;7728;7728 - Resezione cuneiforme del tarso e metatarso;2;Humanitas
15/10/2019;;;;;;;738;738 - Interventi sul feto per facilitare il parto;2;Humanitas
15/10/2019;;;;;;;8385;8385 - Altri cambiamenti di lunghezza di muscoli e tendin…;2;Humanitas
15/10/2019;;;;;;;9353;9353 - Applicazione di altro corsetto gessato;2;Humanitas
15/10/2019;15:15;17:06;POLLICHIENI VITTORIA;F;27/03/2002;;7725;7725 - Resezione cuneiforme del femore;2;Humanitas
15/10/2019;;;;;;;7735;7735 - Altra sezione del femore;2;Humanitas
15/10/2019;;;;;;;7738;7738 - Altra sezione del tarso e metatarso;2;Humanitas
15/10/2019;;;;;;;8385;8385 - Altri cambiamenti di lunghezza di muscoli e tendin…;2;Humanitas
15/10/2019;;;;;;;9353;9353 - Applicazione di altro corsetto gessato;2;Humanitas
16/10/2019;08:14;08:19;COSTANTINI ASIA;F;01/12/2006;;9929;9929 - Iniezione o infusione di altre sostanze terapeutic…;3;Humanitas
16/10/2019;09:12;10:58;MONTINARO SIMONE;M;13/09/2007;;7825;7825 - Accorciamento del femore;2;Humanitas
16/10/2019;;;;;;;7827;7827 - Accorciamento di tibia e fibula;2;Humanitas
16/10/2019;;;;;;;7827;7827 - Accorciamento di tibia e fibula;2;Humanitas
22/10/2019;09:50;10:41;FIATI SALVATORE;M;08/04/2004;;8118;8118 - Artroeresi dell’articolazione sottoastragalica;2;Humanitas
22/10/2019;11:23;11:27;ALINOVI VALENTINA;F;03/10/2005;;8118;8118 - Artroeresi dell’articolazione sottoastragalica;2;Humanitas
22/10/2019;12:36;15:50;SANGALLI CLAUDIA;F;18/02/2004;;7738;7738 - Altra sezione del tarso e metatarso;2;Humanitas
22/10/2019;;;;;;;7738;7738 - Altra sezione del tarso e metatarso;2;Humanitas
22/10/2019;;;;;;;7728;7728 - Resezione cuneiforme del tarso e metatarso;2;Humanitas
22/10/2019;;;;;;;7728;7728 - Resezione cuneiforme del tarso e metatarso;2;Humanitas
22/10/2019;;;;;;;8385;8385 - Altri cambiamenti di lunghezza di muscoli e tendin…;2;Humanitas
22/10/2019;;;;;;;8385;8385 - Altri cambiamenti di lunghezza di muscoli e tendin…;2;Humanitas
22/10/2019;;;;;;;8375;8375 - Trasposizione o trapianto di tendini;2;Humanitas
22/10/2019;;;;;;;8375;8375 - Trasposizione o trapianto di tendini;2;Humanitas
22/10/2019;;;;;;;9353;9353 - Applicazione di altro corsetto gessato;2;Humanitas
22/10/2019;;;;;;;9353;9353 - Applicazione di altro corsetto gessato;2;Humanitas
23/10/2019;08:19;08:57;SANTELLA ANNA MARIA;F;13/07/2007;;7827;7827 - Accorciamento di tibia e fibula;1;Humanitas
23/10/2019;;;;;;;7827;7827 - Accorciamento di tibia e fibula;1;Humanitas
29/10/2019;08:23;08:30;MAZZOLETTI LEONARDO;M;04/08/2013;;9929;9929 - Iniezione o infusione di altre sostanze terapeutic…;1;Humanitas
29/10/2019;;;;;;;9353;9353 - Applicazione di altro corsetto gessato;1;Humanitas
29/10/2019;09:23;10:08;ARRIGONI FEDERICO;M;12/04/2007;;7827;7827 - Accorciamento di tibia e fibula;1;Humanitas
29/10/2019;;;;;;;7827;7827 - Accorciamento di tibia e fibula;1;Humanitas
29/10/2019;11:35;12:24;TAGLIAFERRI FILIPPO;M;31/03/2007;;7827;7827 - Accorciamento di tibia e fibula;2;Humanitas
29/10/2019;;;;;;;7728;7728 - Resezione cuneiforme del tarso e metatarso;2;Humanitas
29/10/2019;;;;;;;8385;8385 - Altri cambiamenti di lunghezza di muscoli e tendin…;2;Humanitas
30/10/2019;08:13;08:22;UREA ELENA COSMINA;F;06/11/2011;;9929;9929 - Iniezione o infusione di altre sostanze terapeutic…;1;Humanitas
30/10/2019;;;;;;;9353;9353 - Applicazione di altro corsetto gessato;1;Humanitas
30/10/2019;08:40;08:47;SEMINARA LEONARDO;M;06/05/2012;;9929;9929 - Iniezione o infusione di altre sostanze terapeutic…;1;Humanitas
30/10/2019;;;;;;;9353;9353 - Applicazione di altro corsetto gessato;1;Humanitas
30/10/2019;09:28;09:41;CITARELLI MARIADALIA;F;23/05/2005;;8118;8118 - Artroeresi dell’articolazione sottoastragalica;1;Humanitas
30/10/2019;10:15;11:00;RUBINO RAFFAELE;M;13/09/2005;;8118;8118 - Artroeresi dell’articolazione sottoastragalica;1;Humanitas
30/10/2019;;;;;;;7867;7867 - Rimozione di dispositivo impiantato da tibia e fib…;1;Humanitas
30/10/2019;13:01;13:18;FUSAGLIA ANDREA;M;13/06/1970;;806;806 - Asportazione di cartilagine semilunare del ginocch…;3;Humanitas
30/10/2019;;;;;;;8026;8026 - Artroscopia del ginocchio;3;Humanitas
05/11/2019;08:33;09:10;FONSECA DENNIS;M;02/07/2002;;7867;7867 - Rimozione di dispositivo impiantato da tibia e fib…;1;Humanitas
05/11/2019;;;;;;;7865;7865 - Rimozione di dispositivo impiantato dal femore;1;Humanitas
05/11/2019;10:29;11:44;ALBU ELENA CATALINA;F;29/03/1982;;8375;8375 - Trasposizione o trapianto di tendini;1;Humanitas
05/11/2019;;;;;;;8129;8129 - Artrodesi di altra articolazione specificata;1;Humanitas
05/11/2019;;;;;;;9353;9353 - Applicazione di altro corsetto gessato;1;Humanitas
05/11/2019;13:00;13:42;MAGNANINI DIEGO;M;06/11/2011;;7825;7825 - Accorciamento del femore;1;Humanitas
05/11/2019;;;;;;;7825;7825 - Accorciamento del femore;1;Humanitas
05/11/2019;;;;;;;9929;9929 - Iniezione o infusione di altre sostanze terapeutic…;1;Humanitas
05/11/2019;;;;;;;9353;9353 - Applicazione di altro corsetto gessato;1;Humanitas
05/11/2019;14:43;14:48;DI CRISCENZO STEFANO;M;09/11/2004;;8118;8118 - Artroeresi dell’articolazione sottoastragalica;2;Humanitas
05/11/2019;17:06;19:40;DE MONTI GRETA;F;25/08/2011;;7725;7725 - Resezione cuneiforme del femore;2;Humanitas
05/11/2019;;;;;;;7735;7735 - Altra sezione del femore;2;Humanitas
06/11/2019;08:18;08:29;CATTIVELLI MATTEO;M;04/08/2005;;8118;8118 - Artroeresi dell’articolazione sottoastragalica;1;Humanitas
06/11/2019;09:10;10:06;OMIZZOLO VITTORIA;F;04/08/2013;;8385;8385 - Altri cambiamenti di lunghezza di muscoli e tendin…;2;Humanitas
06/11/2019;;;;;;;9929;9929 - Iniezione o infusione di altre sostanze terapeutic…;2;Humanitas
06/11/2019;;;;;;;9929;9929 - Iniezione o infusione di altre sostanze terapeutic…;2;Humanitas
06/11/2019;;;;;;;9353;9353 - Applicazione di altro corsetto gessato;2;Humanitas
06/11/2019;;;;;;;9353;9353 - Applicazione di altro corsetto gessato;2;Humanitas
06/11/2019;11:15;11:45;PURICELLI CESARE EZIO MARIA;M;15/05/2007;;7825;7825 - Accorciamento del femore;1;Humanitas
06/11/2019;12:58;13:36;DIOUM SEYNABU SOPHIA;F;11/03/2009;;7865;7865 - Rimozione di dispositivo impiantato dal femore;1;Humanitas
06/11/2019;;;;;;;7865;7865 - Rimozione di dispositivo impiantato dal femore;1;Humanitas
06/11/2019;13:55;14:07;GARAVELLI SOFIA;F;14/02/2015;;9929;9929 - Iniezione o infusione di altre sostanze terapeutic…;2;Humanitas
06/11/2019;;;;;;;9353;9353 - Applicazione di altro corsetto gessato;2;Humanitas
12/11/2019;08:08;08:26;CANOVI MIA;F;18/04/2016;;9929;9929 - Iniezione o infusione di altre sostanze terapeutic…;2;Humanitas
12/11/2019;;;;;;;9929;9929 - Iniezione o infusione di altre sostanze terapeutic…;2;Humanitas
12/11/2019;;;;;;;9353;9353 - Applicazione di altro corsetto gessato;2;Humanitas
12/11/2019;;;;;;;9353;9353 - Applicazione di altro corsetto gessato;2;Humanitas
12/11/2019;08:51;09:00;ORLANDINI ADRIAN GABRIEL;M;28/01/2006;;7868;7868 - Rimozione di dispositivo impiantato da tarso e met…;1;Humanitas
12/11/2019;10:21;11:59;DI PONZIO MICHELANGELO;M;07/02/2006;;7827;7827 - Accorciamento di tibia e fibula;1;Humanitas
12/11/2019;;;;;;;7825;7825 - Accorciamento del femore;1;Humanitas
12/11/2019;;;;;;;7865;7865 - Rimozione di dispositivo impiantato dal femore;1;Humanitas
12/11/2019;;;;;;;7865;7865 - Rimozione di dispositivo impiantato dal femore;1;Humanitas
12/11/2019;12:50;13:37;LOVATO CRISTINA;F;23/05/2003;;7867;7867 - Rimozione di dispositivo impiantato da tibia e fib…;2;Humanitas
12/11/2019;;;;;;;7867;7867 - Rimozione di dispositivo impiantato da tibia e fib…;2;Humanitas
12/11/2019;15:12;17:20;SEGU' LORENZO;M;27/09/2008;;8385;8385 - Altri cambiamenti di lunghezza di muscoli e tendin…;1;Humanitas
12/11/2019;;;;;;;8375;8375 - Trasposizione o trapianto di tendini;1;Humanitas
12/11/2019;;;;;;;7728;7728 - Resezione cuneiforme del tarso e metatarso;1;Humanitas
12/11/2019;;;;;;;7738;7738 - Altra sezione del tarso e metatarso;1;Humanitas
12/11/2019;;;;;;;7825;7825 - Accorciamento del femore;1;Humanitas
12/11/2019;;;;;;;9353;9353 - Applicazione di altro corsetto gessato;1;Humanitas
13/11/2019;08:13;08:16;PODOLSKYY BOHDAN;M;04/11/2004;;9929;9929 - Iniezione o infusione di altre sostanze terapeutic…;1;Humanitas
13/11/2019;08:51;09:50;GABBIADINI EDOARDO;M;13/03/2005;;7827;7827 - Accorciamento di tibia e fibula;1;Humanitas
13/11/2019;10:46;11:05;CAPPELLO FEDERICO;M;19/08/2001;;7867;7867 - Rimozione di dispositivo impiantato da tibia e fib…;1;Humanitas
13/11/2019;;;;;;;7867;7867 - Rimozione di dispositivo impiantato da tibia e fib…;1;Humanitas
13/11/2019;11:50;11:58;MENEGAZZI JACOPO;M;20/01/2006;;8118;8118 - Artroeresi dell’articolazione sottoastragalica;2;Humanitas
13/11/2019;12:45;13:08;FIGARI ALBERTA;F;30/01/1964;;7738;7738 - Altra sezione del tarso e metatarso;2;Humanitas
13/11/2019;;;;;;;7759;7759 - Altra asportazione di borsite;2;Humanitas
19/11/2019;08:36;08:53;AVINO RAFFAELE;M;19/12/2006;;7867;7867 - Rimozione di dispositivo impiantato da tibia e fib…;2;Humanitas
19/11/2019;09:47;10:12;BAGNATO RAFFAELE;M;14/06/1998;;8385;8385 - Altri cambiamenti di lunghezza di muscoli e tendin…;2;Humanitas
19/11/2019;;;;;;;9353;9353 - Applicazione di altro corsetto gessato;2;Humanitas
19/11/2019;12:33;15:07;FIESOLI LAVINIA ANGELICA;F;01/12/2010;;7725;7725 - Resezione cuneiforme del femore;2;Humanitas
19/11/2019;;;;;;;7739;7739 - Altra sezione di altre ossa, escluse quelle faccia…;2;Humanitas
19/11/2019;;;;;;;8196;8196 - Altra riparazione articolare;2;Humanitas
20/11/2019;08:20;08:31;RUBINO ALESSIO;M;24/01/2006;;8118;8118 - Artroeresi dell’articolazione sottoastragalica;1;Humanitas
20/11/2019;09:20;10:19;FAGNANI MICHELE;M;01/12/2001;;8385;8385 - Altri cambiamenti di lunghezza di muscoli e tendin…;2;Humanitas
20/11/2019;;;;;;;9353;9353 - Applicazione di altro corsetto gessato;2;Humanitas
26/11/2019;08:07;08:16;RATTI AURORA;F;03/08/2008;;8118;8118 - Artroeresi dell’articolazione sottoastragalica;1;Humanitas
26/11/2019;09:51;10:42;COSSU LORENA;F;10/12/2008;;7825;7825 - Accorciamento del femore;1;Humanitas
26/11/2019;;;;;;;7825;7825 - Accorciamento del femore;1;Humanitas
26/11/2019;13:29;16:57;DI MICCO ROSARIO;M;02/11/2006;;7725;7725 - Resezione cuneiforme del femore;2;Humanitas
26/11/2019;;;;;;;7725;7725 - Resezione cuneiforme del femore;2;Humanitas
26/11/2019;;;;;;;7738;7738 - Altra sezione del tarso e metatarso;2;Humanitas
26/11/2019;;;;;;;7730;7730 - Altra sezione dell’osso, sede non specificata;2;Humanitas
26/11/2019;;;;;;;8385;8385 - Altri cambiamenti di lunghezza di muscoli e tendin…;2;Humanitas
27/11/2019;08:11;08:28;TORRACCA CARLO;M;01/03/2004;;8118;8118 - Artroeresi dell’articolazione sottoastragalica;1;Humanitas
27/11/2019;09:11;09:12;CATOGGIO ILENIA;F;22/05/2005;;9929;9929 - Iniezione o infusione di altre sostanze terapeutic…;1;Humanitas
27/11/2019;09:28;09:38;STRANO EMANUELE ROSARIO;M;29/04/2006;;8118;8118 - Artroeresi dell’articolazione sottoastragalica;1;Humanitas
27/11/2019;10:46;11:48;VATTIATO FEDERICO PIO;M;22/08/1993;;7865;7865 - Rimozione di dispositivo impiantato dal femore;2;Humanitas
27/11/2019;;;;;;;7865;7865 - Rimozione di dispositivo impiantato dal femore;2;Humanitas
27/11/2019;12:35;13:30;NAVARRA MARTINA;F;12/01/2002;;8385;8385 - Altri cambiamenti di lunghezza di muscoli e tendin…;3;Humanitas
27/11/2019;;;;;;;9353;9353 - Applicazione di altro corsetto gessato;3;Humanitas
03/12/2019;08:32;08:39;PIRRELLO ALESSIA;F;11/08/2009;;8832;8832 - Artrografia con contrasto;1;Humanitas
03/12/2019;10:52;13:04;SCIBILIA IOLANDA;F;09/07/2011;;7738;7738 - Altra sezione del tarso e metatarso;2;Humanitas
03/12/2019;;;;;;;7738;7738 - Altra sezione del tarso e metatarso;2;Humanitas
03/12/2019;;;;;;;7728;7728 - Resezione cuneiforme del tarso e metatarso;2;Humanitas
03/12/2019;;;;;;;7728;7728 - Resezione cuneiforme del tarso e metatarso;2;Humanitas
03/12/2019;;;;;;;9353;9353 - Applicazione di altro corsetto gessato;2;Humanitas
03/12/2019;;;;;;;9353;9353 - Applicazione di altro corsetto gessato;2;Humanitas
03/12/2019;14:41;15:09;CAMPAGNA MARIARCA;F;30/01/2006;;7738;7738 - Altra sezione del tarso e metatarso;2;Humanitas
03/12/2019;17:17;18:10;SOZZO GIOVANNA ELENA;F;17/03/2002;;7865;7865 - Rimozione di dispositivo impiantato dal femore;1;Humanitas
03/12/2019;;;;;;;7865;7865 - Rimozione di dispositivo impiantato dal femore;1;Humanitas
04/12/2019;08:32;08:53;GARDIOLO GIOELE;M;06/12/2011;;8385;8385 - Altri cambiamenti di lunghezza di muscoli e tendin…;1;Humanitas
04/12/2019;;;;;;;9353;9353 - Applicazione di altro corsetto gessato;1;Humanitas
04/12/2019;09:36;09:43;VESELINOVIC CARLOTTA;F;25/07/2007;;8118;8118 - Artroeresi dell’articolazione sottoastragalica;2;Humanitas
04/12/2019;10:37;10:49;BACCHIEGA RICCARDO;M;07/12/2005;;8118;8118 - Artroeresi dell’articolazione sottoastragalica;1;Humanitas
10/12/2019;08:29;10:00;BALAU JESSICA ANDREA;F;25/03/2010;;8385;8385 - Altri cambiamenti di lunghezza di muscoli e tendin…;2;Humanitas
10/12/2019;;;;;;;8385;8385 - Altri cambiamenti di lunghezza di muscoli e tendin…;2;Humanitas
10/12/2019;;;;;;;9353;9353 - Applicazione di altro corsetto gessato;2;Humanitas
10/12/2019;;;;;;;9353;9353 - Applicazione di altro corsetto gessato;2;Humanitas
10/12/2019;10:51;13:50;VERDARO LUCA;M;02/09/2009;;7725;7725 - Resezione cuneiforme del femore;2;Humanitas
10/12/2019;;;;;;;7730;7730 - Altra sezione dell’osso, sede non specificata;2;Humanitas
10/12/2019;15:07;15:51;AMBROGI MARIAVIOLA;F;02/08/2006;;7825;7825 - Accorciamento del femore;2;Humanitas
10/12/2019;;;;;;;7825;7825 - Accorciamento del femore;2;Humanitas
10/12/2019;16:53;17:21;GARLINI TOMMASO;M;07/12/2005;;7865;7865 - Rimozione di dispositivo impiantato dal femore;2;Humanitas
10/12/2019;;;;;;;7865;7865 - Rimozione di dispositivo impiantato dal femore;2;Humanitas
11/12/2019;08:18;09:05;ACUNTO DIEGO;M;01/06/2005;;7825;7825 - Accorciamento del femore;1;Humanitas
11/12/2019;10:08;10:14;FORLEO GIORGIO;M;28/09/2006;;8118;8118 - Artroeresi dell’articolazione sottoastragalica;2;Humanitas
11/12/2019;10:47;11:36;CONTI LORENZO;M;23/10/2004;;7827;7827 - Accorciamento di tibia e fibula;2;Humanitas
11/12/2019;;;;;;;7827;7827 - Accorciamento di tibia e fibula;2;Humanitas
11/12/2019;12:04;12:11;CANDELA LUCA;M;22/03/2005;;8118;8118 - Artroeresi dell’articolazione sottoastragalica;2;Humanitas
11/12/2019;12:45;13:27;RATTI STEFANO;M;24/02/2003;;7865;7865 - Rimozione di dispositivo impiantato dal femore;1;Humanitas
18/12/2019;08:22;08:32;BALLERINI ANDREA;M;20/05/2005;;8118;8118 - Artroeresi dell’articolazione sottoastragalica;1;Humanitas
18/12/2019;09:30;10:14;BUTA VOZZOLO SHALOM;F;11/09/2008;;7825;7825 - Accorciamento del femore;1;Humanitas
18/12/2019;;;;;;;7825;7825 - Accorciamento del femore;1;Humanitas
18/12/2019;11:17;11:58;CIANA MATTEO;M;12/01/2006;;7825;7825 - Accorciamento del femore;2;Humanitas
18/12/2019;;;;;;;7825;7825 - Accorciamento del femore;2;Humanitas
18/12/2019;;;;;;;8118;8118 - Artroeresi dell’articolazione sottoastragalica;2;Humanitas
18/12/2019;12:51;13:06;CAPUCCIATI EDOARDO;M;16/11/2010;;8385;8385 - Altri cambiamenti di lunghezza di muscoli e tendin…;2;Humanitas
18/12/2019;;;;;;;9929;9929 - Iniezione o infusione di altre sostanze terapeutic…;2;Humanitas
18/12/2019;;;;;;;9353;9353 - Applicazione di altro corsetto gessato;2;Humanitas
18/12/2019;14:37;15:14;LEO GABRIELE;M;09/09/2009;;864;864 - Ricostruzione della palpebra con lembo tarsocongiu…;2;Humanitas
18/12/2019;16:09;16:14;DELLA TOFFOLA VERONICA;F;17/03/2003;;8118;8118 - Artroeresi dell’articolazione sottoastragalica;2;Humanitas
07/01/2020;08:29;08:37;FARCHICA ARIANNA;F;12/08/2009;;9929;9929 - Iniezione o infusione di altre sostanze terapeutic…;1;Humanitas
07/01/2020;;;;;;;9353;9353 - Applicazione di altro corsetto gessato;1;Humanitas
07/01/2020;09:50;10:28;AMATI TOMMASO;M;06/07/2012;;7865;7865 - Rimozione di dispositivo impiantato dal femore;1;Humanitas
07/01/2020;12:04;13:00;CERONI MAIRE;F;09/04/2013;;7827;7827 - Accorciamento di tibia e fibula;2;Humanitas
07/01/2020;14:51;15:21;MONOPOLI CARLOTTA;F;11/11/2005;;7867;7867 - Rimozione di dispositivo impiantato da tibia e fib…;1;Humanitas
07/01/2020;16:22;17:00;FRATUCELLO MATTEO;M;18/02/2006;;7865;7865 - Rimozione di dispositivo impiantato dal femore;1;Humanitas
08/01/2020;08:50;09:54;CHIMENTI LUDOVICA;F;22/10/2008;;7825;7825 - Accorciamento del femore;1;Humanitas
08/01/2020;;;;;;;7825;7825 - Accorciamento del femore;1;Humanitas
08/01/2020;10:56;11:20;PUGLISI MATTIA;M;22/03/2006;;8385;8385 - Altri cambiamenti di lunghezza di muscoli e tendin…;2;Humanitas
08/01/2020;12:04;12:20;CALO' ANTEA;F;17/10/1998;;7867;7867 - Rimozione di dispositivo impiantato da tibia e fib…;1;Humanitas
08/01/2020;;;;;;;7867;7867 - Rimozione di dispositivo impiantato da tibia e fib…;1;Humanitas
08/01/2020;13:10;14:56;DRAGONETTI MATTEO;M;20/10/1986;;8375;8375 - Trasposizione o trapianto di tendini;2;Humanitas
08/01/2020;;;;;;;8385;8385 - Altri cambiamenti di lunghezza di muscoli e tendin…;2;Humanitas
08/01/2020;;;;;;;7728;7728 - Resezione cuneiforme del tarso e metatarso;2;Humanitas
08/01/2020;;;;;;;7738;7738 - Altra sezione del tarso e metatarso;2;Humanitas
08/01/2020;;;;;;;9353;9353 - Applicazione di altro corsetto gessato;2;Humanitas
14/01/2020;08:46;10:41;RIZZO MANUEL;M;19/10/2007;;7825;7825 - Accorciamento del femore;2;Humanitas
14/01/2020;;;;;;;7827;7827 - Accorciamento di tibia e fibula;2;Humanitas
14/01/2020;;;;;;;7865;7865 - Rimozione di dispositivo impiantato dal femore;2;Humanitas
14/01/2020;;;;;;;7867;7867 - Rimozione di dispositivo impiantato da tibia e fib…;2;Humanitas
14/01/2020;11:12;11:50;MERONI SAMUELE;M;23/06/2009;;8385;8385 - Altri cambiamenti di lunghezza di muscoli e tendin…;1;Humanitas
14/01/2020;;;;;;;9929;9929 - Iniezione o infusione di altre sostanze terapeutic…;1;Humanitas
14/01/2020;;;;;;;9929;9929 - Iniezione o infusione di altre sostanze terapeutic…;1;Humanitas
14/01/2020;;;;;;;9353;9353 - Applicazione di altro corsetto gessato;1;Humanitas
14/01/2020;12:29;13:04;DETOCCHI MICHELE;M;22/03/2005;;7867;7867 - Rimozione di dispositivo impiantato da tibia e fib…;2;Humanitas
14/01/2020;;;;;;;7867;7867 - Rimozione di dispositivo impiantato da tibia e fib…;2;Humanitas
14/01/2020;;;;;;;9929;9929 - Iniezione o infusione di altre sostanze terapeutic…;2;Humanitas
14/01/2020;14:24;16:00;MARTINO DARIO PIO;M;05/12/1997;;7728;7728 - Resezione cuneiforme del tarso e metatarso;2;Humanitas
14/01/2020;;;;;;;7738;7738 - Altra sezione del tarso e metatarso;2;Humanitas
14/01/2020;;;;;;;9929;9929 - Iniezione o infusione di altre sostanze terapeutic…;2;Humanitas
14/01/2020;;;;;;;9353;9353 - Applicazione di altro corsetto gessato;2;Humanitas
14/01/2020;17:07;18:06;IPPOLITI LUCA;M;03/09/2006;;7737;7737 - Altra sezione della tibia e fibula;2;Humanitas
14/01/2020;;;;;;;9353;9353 - Applicazione di altro corsetto gessato;2;Humanitas
15/01/2020;08:22;09:25;GASHI GIOELE;M;15/12/2011;;8385;8385 - Altri cambiamenti di lunghezza di muscoli e tendin…;1;Humanitas
15/01/2020;;;;;;;8385;8385 - Altri cambiamenti di lunghezza di muscoli e tendin…;1;Humanitas
15/01/2020;;;;;;;9929;9929 - Iniezione o infusione di altre sostanze terapeutic…;1;Humanitas
15/01/2020;;;;;;;9929;9929 - Iniezione o infusione di altre sostanze terapeutic…;1;Humanitas
15/01/2020;;;;;;;9353;9353 - Applicazione di altro corsetto gessato;1;Humanitas
15/01/2020;;;;;;;9353;9353 - Applicazione di altro corsetto gessato;1;Humanitas
15/01/2020;10:00;10:14;FRIGENI SIMONE LUIGI;M;08/04/2006;;8118;8118 - Artroeresi dell’articolazione sottoastragalica;1;Humanitas
15/01/2020;10:57;11:38;SANCROTTI SOFIA;F;14/02/2007;;7865;7865 - Rimozione di dispositivo impiantato dal femore;2;Humanitas
15/01/2020;;;;;;;7865;7865 - Rimozione di dispositivo impiantato dal femore;2;Humanitas
15/01/2020;12:47;14:08;MORETTI PIETRO;M;17/10/2006;;7738;7738 - Altra sezione del tarso e metatarso;2;Humanitas
15/01/2020;;;;;;;7738;7738 - Altra sezione del tarso e metatarso;2;Humanitas
15/01/2020;;;;;;;8117;8117 - Altra fusione del piede;2;Humanitas
15/01/2020;;;;;;;8117;8117 - Altra fusione del piede;2;Humanitas
15/01/2020;;;;;;;8385;8385 - Altri cambiamenti di lunghezza di muscoli e tendin…;2;Humanitas
15/01/2020;;;;;;;8385;8385 - Altri cambiamenti di lunghezza di muscoli e tendin…;2;Humanitas
15/01/2020;;;;;;;9353;9353 - Applicazione di altro corsetto gessato;2;Humanitas
15/01/2020;;;;;;;9353;9353 - Applicazione di altro corsetto gessato;2;Humanitas
21/01/2020;08:21;08:33;BALBO ARIANNA;F;30/08/2008;;8118;8118 - Artroeresi dell’articolazione sottoastragalica;1;Humanitas
21/01/2020;08:59;09:14;BERGER GIORGIO;M;13/01/2013;;9929;9929 - Iniezione o infusione di altre sostanze terapeutic…;2;Humanitas
21/01/2020;;;;;;;9929;9929 - Iniezione o infusione di altre sostanze terapeutic…;2;Humanitas
21/01/2020;;;;;;;9353;9353 - Applicazione di altro corsetto gessato;2;Humanitas
21/01/2020;10:49;12:23;IGNIZIO MATTIA;M;18/12/2007;;7783;7783 - Altra osteotomia parziale del radio e dell’ulna;2;Humanitas
21/01/2020;;;;;;;9353;9353 - Applicazione di altro corsetto gessato;2;Humanitas
21/01/2020;15:01;16:35;SALA LORENZO;M;25/11/1999;;7728;7728 - Resezione cuneiforme del tarso e metatarso;2;Humanitas
21/01/2020;;;;;;;7728;7728 - Resezione cuneiforme del tarso e metatarso;2;Humanitas
21/01/2020;;;;;;;7738;7738 - Altra sezione del tarso e metatarso;2;Humanitas
21/01/2020;;;;;;;7738;7738 - Altra sezione del tarso e metatarso;2;Humanitas
21/01/2020;;;;;;;8117;8117 - Altra fusione del piede;2;Humanitas
21/01/2020;;;;;;;8117;8117 - Altra fusione del piede;2;Humanitas
21/01/2020;;;;;;;9929;9929 - Iniezione o infusione di altre sostanze terapeutic…;2;Humanitas
21/01/2020;;;;;;;9929;9929 - Iniezione o infusione di altre sostanze terapeutic…;2;Humanitas
21/01/2020;;;;;;;9353;9353 - Applicazione di altro corsetto gessato;2;Humanitas
21/01/2020;;;;;;;9353;9353 - Applicazione di altro corsetto gessato;2;Humanitas
22/01/2020;08:18;08:26;SCIANO' EMMA;F;13/05/2012;;9929;9929 - Iniezione o infusione di altre sostanze terapeutic…;1;Humanitas
22/01/2020;;;;;;;9353;9353 - Applicazione di altro corsetto gessato;1;Humanitas
22/01/2020;09:14;09:27;TIBOLLO GIOVANNI;M;20/12/2009;;9929;9929 - Iniezione o infusione di altre sostanze terapeutic…;1;Humanitas
22/01/2020;;;;;;;9929;9929 - Iniezione o infusione di altre sostanze terapeutic…;1;Humanitas
22/01/2020;;;;;;;9353;9353 - Applicazione di altro corsetto gessato;1;Humanitas
22/01/2020;10:17;10:25;DEL MONACO GIULIA;F;06/08/2006;;8118;8118 - Artroeresi dell’articolazione sottoastragalica;1;Humanitas
22/01/2020;11:22;11:33;MARELLI PIETRO;M;24/05/2006;;8118;8118 - Artroeresi dell’articolazione sottoastragalica;1;Humanitas
28/01/2020;08:28;08:39;CARIONI SIMONE;M;26/11/2004;;8118;8118 - Artroeresi dell’articolazione sottoastragalica;1;Humanitas
28/01/2020;09:23;09:45;SCRICCIOLO GRETA;F;03/10/1999;;7751;7751 - Asportazione di borsite con correzione dei tessuti…;1;Humanitas
28/01/2020;;;;;;;7937;7937 - Riduzione cruenta di frattura di tarso e metatarso…;1;Humanitas
28/01/2020;10:56;11:28;GAMBA JACOPO;M;23/01/2006;;7825;7825 - Accorciamento del femore;2;Humanitas
28/01/2020;13:02;14:20;SARTOR CAMILLA;F;03/10/2005;;8385;8385 - Altri cambiamenti di lunghezza di muscoli e tendin…;2;Humanitas
28/01/2020;;;;;;;8385;8385 - Altri cambiamenti di lunghezza di muscoli e tendin…;2;Humanitas
28/01/2020;;;;;;;7728;7728 - Resezione cuneiforme del tarso e metatarso;2;Humanitas
28/01/2020;;;;;;;7728;7728 - Resezione cuneiforme del tarso e metatarso;2;Humanitas
29/01/2020;08:30;09:43;COZZOLI RICCARDO ANDREA;M;02/04/2007;;7825;7825 - Accorciamento del femore;1;Humanitas
29/01/2020;11:42;13:25;RUBBINO EMANUELE MARIA;M;02/09/2002;;8385;8385 - Altri cambiamenti di lunghezza di muscoli e tendin…;2;Humanitas
29/01/2020;;;;;;;8385;8385 - Altri cambiamenti di lunghezza di muscoli e tendin…;2;Humanitas
29/01/2020;;;;;;;8375;8375 - Trasposizione o trapianto di tendini;2;Humanitas
29/01/2020;;;;;;;8375;8375 - Trasposizione o trapianto di tendini;2;Humanitas
04/02/2020;08:40;08:52;BORTOLETTO ISACCO;M;17/03/2007;;7867;7867 - Rimozione di dispositivo impiantato da tibia e fib…;1;Humanitas
04/02/2020;15:33;16:42;ALMI MATTEO;M;27/09/2004;;7865;7865 - Rimozione di dispositivo impiantato dal femore;1;Humanitas
04/02/2020;;;;;;;7865;7865 - Rimozione di dispositivo impiantato dal femore;1;Humanitas
04/02/2020;;;;;;;8385;8385 - Altri cambiamenti di lunghezza di muscoli e tendin…;1;Humanitas
04/02/2020;;;;;;;8385;8385 - Altri cambiamenti di lunghezza di muscoli e tendin…;1;Humanitas
04/02/2020;;;;;;;9929;9929 - Iniezione o infusione di altre sostanze terapeutic…;1;Humanitas
04/02/2020;;;;;;;9929;9929 - Iniezione o infusione di altre sostanze terapeutic…;1;Humanitas
04/02/2020;;;;;;;8832;8832 - Artrografia con contrasto;1;Humanitas
04/02/2020;;;;;;;8192;8192 - Iniezione di sostanze terapeutiche nell’articolazi…;1;Humanitas
11/02/2020;08:31;08:48;ZUPPARDO ANGELO;M;16/05/2005;;7865;7865 - Rimozione di dispositivo impiantato dal femore;1;Humanitas
11/02/2020;10:19;11:12;SACCHI ALESSANDRO;M;20/11/2008;;7865;7865 - Rimozione di dispositivo impiantato dal femore;1;Humanitas
11/02/2020;;;;;;;7865;7865 - Rimozione di dispositivo impiantato dal femore;1;Humanitas
11/02/2020;;;;;;;8385;8385 - Altri cambiamenti di lunghezza di muscoli e tendin…;1;Humanitas
11/02/2020;14:19;17:15;MININ ALESSANDRO;M;27/01/2011;;7725;7725 - Resezione cuneiforme del femore;2;Humanitas
11/02/2020;;;;;;;7739;7739 - Altra sezione di altre ossa, escluse quelle faccia…;2;Humanitas
11/02/2020;;;;;;;8196;8196 - Altra riparazione articolare;2;Humanitas
11/02/2020;;;;;;;7809;7809 - Innesto osseo di altre ossa;2;Humanitas
12/02/2020;08:45;08:58;STANKOVIC CHRISTINA SHERLYN;F;26/08/2014;;9929;9929 - Iniezione o infusione di altre sostanze terapeutic…;2;Humanitas
12/02/2020;;;;;;;9929;9929 - Iniezione o infusione di altre sostanze terapeutic…;2;Humanitas
12/02/2020;10:45;10:55;PACIOTTI ELISA;F;16/04/2008;;8832;8832 - Artrografia con contrasto;2;Humanitas
18/02/2020;08:47;09:14;STASOLLA FEDERICO;M;05/11/2009;;7865;7865 - Rimozione di dispositivo impiantato dal femore;1;Humanitas
18/02/2020;;;;;;;7865;7865 - Rimozione di dispositivo impiantato dal femore;1;Humanitas
18/02/2020;11:47;12:11;ELSAWAF DANIA MOHAMED ELSAYED;F;17/12/2008;;7751;7751 - Asportazione di borsite con correzione dei tessuti…;2;Humanitas
18/02/2020;;;;;;;7973;7973 - Riduzione incruenta di lussazione del polso;2;Humanitas
18/02/2020;14:40;16:48;CERIANI VITTORIA;F;02/08/2006;;7725;7725 - Resezione cuneiforme del femore;2;Humanitas
18/02/2020;;;;;;;7739;7739 - Altra sezione di altre ossa, escluse quelle faccia…;2;Humanitas
18/02/2020;;;;;;;8196;8196 - Altra riparazione articolare;2;Humanitas
18/02/2020;;;;;;;7809;7809 - Innesto osseo di altre ossa;2;Humanitas
19/02/2020;08:32;08:56;POTENZA ANDREA;M;10/03/2007;;8832;8832 - Artrografia con contrasto;2;Humanitas
19/02/2020;;;;;;;8832;8832 - Artrografia con contrasto;2;Humanitas
19/02/2020;;;;;;;8192;8192 - Iniezione di sostanze terapeutiche nell’articolazi…;2;Humanitas
19/02/2020;10:04;10:25;AVRAM MARIA;F;03/09/1979;;8385;8385 - Altri cambiamenti di lunghezza di muscoli e tendin…;2;Humanitas
19/02/2020;11:46;12:44;DI NUNZIO MATTEO;M;28/06/2006;;7865;7865 - Rimozione di dispositivo impiantato dal femore;2;Humanitas
19/02/2020;;;;;;;7867;7867 - Rimozione di dispositivo impiantato da tibia e fib…;2;Humanitas
19/02/2020;;;;;;;7760;7760 - Asportazione locale di lesione o tessuto osseo, se…;2;Humanitas
26/05/2020;09:30;10:23;ALMEIDA JIMENEZ ALEXIA MARIA;F;23/08/2011;;7865;7865 - Rimozione di dispositivo impiantato dal femore;1;Humanitas
26/05/2020;;;;;;;7865;7865 - Rimozione di dispositivo impiantato dal femore;1;Humanitas
26/05/2020;11:29;12:33;BERNASCONI CHIARA;F;17/12/2006;;8385;8385 - Altri cambiamenti di lunghezza di muscoli e tendin…;2;Humanitas
26/05/2020;;;;;;;8375;8375 - Trasposizione o trapianto di tendini;2;Humanitas
26/05/2020;;;;;;;9353;9353 - Applicazione di altro corsetto gessato;2;Humanitas
09/06/2020;08:45;09:02;CIPOLLARO FRANCESCO PIO;M;29/03/2000;;8385;8385 - Altri cambiamenti di lunghezza di muscoli e tendin…;2;Humanitas
09/06/2020;;;;;;;8832;8832 - Artrografia con contrasto;2;Humanitas
09/06/2020;;;;;;;8192;8192 - Iniezione di sostanze terapeutiche nell’articolazi…;2;Humanitas
09/06/2020;10:31;11:21;CROCE SOFIA;F;07/11/2007;;7827;7827 - Accorciamento di tibia e fibula;1;Humanitas
09/06/2020;;;;;;;7827;7827 - Accorciamento di tibia e fibula;1;Humanitas
09/06/2020;12:31;13:15;VARANO JACOPO;M;19/01/2007;;7825;7825 - Accorciamento del femore;1;Humanitas
09/06/2020;;;;;;;7825;7825 - Accorciamento del femore;1;Humanitas
16/06/2020;08:33;09:20;GEORGIEVA LINELI;F;29/09/2008;;7865;7865 - Rimozione di dispositivo impiantato dal femore;1;Humanitas
16/06/2020;;;;;;;7865;7865 - Rimozione di dispositivo impiantato dal femore;1;Humanitas
16/06/2020;10:23;11:08;CHIMENTI LUDOVICA;F;22/10/2008;;7865;7865 - Rimozione di dispositivo impiantato dal femore;1;Humanitas
16/06/2020;;;;;;;7865;7865 - Rimozione di dispositivo impiantato dal femore;1;Humanitas
16/06/2020;12:50;13:29;TRAMONTANA ALICE;F;02/09/2005;;7825;7825 - Accorciamento del femore;1;Humanitas
23/06/2020;08:46;08:59;PERSICO BIANCA;F;08/07/2007;;8118;8118 - Artroeresi dell’articolazione sottoastragalica;2;Humanitas
23/06/2020;09:51;10:05;CROSO MATTEO;M;02/12/2010;;7863;7863 - Rimozione di dispositivo impiantato da radio e uln…;2;Humanitas
23/06/2020;11:03;11:06;PATANI LUKASZ;M;22/06/2006;;9929;9929 - Iniezione o infusione di altre sostanze terapeutic…;1;Humanitas
23/06/2020;;;;;;;9929;9929 - Iniezione o infusione di altre sostanze terapeutic…;1;Humanitas
30/06/2020;09:14;09:21;SANTACROCE ANTONIO;M;28/09/2007;;8118;8118 - Artroeresi dell’articolazione sottoastragalica;1;Humanitas
30/06/2020;10:46;11:32;ARRIVABENE LORENZO;M;27/10/2003;;8118;8118 - Artroeresi dell’articolazione sottoastragalica;1;Humanitas
30/06/2020;;;;;;;7751;7751 - Asportazione di borsite con correzione dei tessuti…;1;Humanitas
30/06/2020;;;;;;;7937;7937 - Riduzione cruenta di frattura di tarso e metatarso…;1;Humanitas
30/06/2020;12:36;13:18;CANGIOLI CARLO;M;25/08/2006;;8118;8118 - Artroeresi dell’articolazione sottoastragalica;2;Humanitas
30/06/2020;;;;;;;7825;7825 - Accorciamento del femore;2;Humanitas
30/06/2020;;;;;;;7825;7825 - Accorciamento del femore;2;Humanitas
30/06/2020;14:18;15:25;ERARIO ANTONIO PIO;M;02/11/2008;;7827;7827 - Accorciamento di tibia e fibula;2;Humanitas
30/06/2020;;;;;;;7865;7865 - Rimozione di dispositivo impiantato dal femore;2;Humanitas
07/07/2020;08:45;08:58;COSTANTINI ASIA;F;01/12/2006;;8385;8385 - Altri cambiamenti di lunghezza di muscoli e tendin…;1;Humanitas
07/07/2020;10:07;10:34;BETTELLA MARTINA;F;12/12/2009;;7825;7825 - Accorciamento del femore;1;Humanitas
07/07/2020;11:52;12:24;DI BERARDINO THOMAS;M;11/08/2003;;7865;7865 - Rimozione di dispositivo impiantato dal femore;1;Humanitas
07/07/2020;;;;;;;7865;7865 - Rimozione di dispositivo impiantato dal femore;1;Humanitas
07/07/2020;;;;;;;7868;7868 - Rimozione di dispositivo impiantato da tarso e met…;1;Humanitas
07/07/2020;13:43;14:40;KLASSEN JEFFREY LLOYD;M;19/07/1983;;8145;8145 - Altra riparazione dei legamenti crociati;2;Humanitas
07/07/2020;16:26;16:51;MONTINARO SIMONE;M;13/09/2007;;7865;7865 - Rimozione di dispositivo impiantato dal femore;1;Humanitas
07/07/2020;;;;;;;7867;7867 - Rimozione di dispositivo impiantato da tibia e fib…;1;Humanitas
07/07/2020;;;;;;;7867;7867 - Rimozione di dispositivo impiantato da tibia e fib…;1;Humanitas
14/07/2020;08:24;09:01;COZZANI THEA;F;19/09/2009;;8385;8385 - Altri cambiamenti di lunghezza di muscoli e tendin…;1;Humanitas
14/07/2020;;;;;;;8385;8385 - Altri cambiamenti di lunghezza di muscoli e tendin…;1;Humanitas
14/07/2020;;;;;;;9353;9353 - Applicazione di altro corsetto gessato;1;Humanitas
14/07/2020;;;;;;;9353;9353 - Applicazione di altro corsetto gessato;1;Humanitas
14/07/2020;10:18;10:51;RIVOSECCHI PIETRO;M;27/03/1990;;8339;8339 - Asportazione di lesione di altri tessuti molli;2;Humanitas
14/07/2020;11:34;11:46;BALLERINI ANDREA;M;20/05/2005;;7868;7868 - Rimozione di dispositivo impiantato da tarso e met…;1;Humanitas
14/07/2020;12:22;12:34;MITOLO SOFIA;F;27/05/2003;;7867;7867 - Rimozione di dispositivo impiantato da tibia e fib…;1;Humanitas
14/07/2020;14:01;15:23;CIOFFI VINCENZO MARIA;M;06/09/2005;;7825;7825 - Accorciamento del femore;2;Humanitas
14/07/2020;;;;;;;7825;7825 - Accorciamento del femore;2;Humanitas
14/07/2020;;;;;;;7865;7865 - Rimozione di dispositivo impiantato dal femore;2;Humanitas
14/07/2020;;;;;;;7865;7865 - Rimozione di dispositivo impiantato dal femore;2;Humanitas
14/07/2020;16:27;17:13;LEZZI MARTINA;F;20/02/2008;;7825;7825 - Accorciamento del femore;2;Humanitas
14/07/2020;;;;;;;7865;7865 - Rimozione di dispositivo impiantato dal femore;2;Humanitas
21/07/2020;08:15;08:23;GJELI ENES;M;20/06/2015;;9929;9929 - Iniezione o infusione di altre sostanze terapeutic…;1;Humanitas
21/07/2020;;;;;;;9353;9353 - Applicazione di altro corsetto gessato;1;Humanitas
21/07/2020;09:47;11:20;GARASEVIC DENIJEL ALEKSANDAR;M;30/11/2016;;8385;8385 - Altri cambiamenti di lunghezza di muscoli e tendin…;2;Humanitas
21/07/2020;;;;;;;3930;3930 - Sutura di vasi sanguigni non specificati;2;Humanitas
21/07/2020;13:04;13:54;ROVATTI LUDOVICO;M;21/11/2009;;7825;7825 - Accorciamento del femore;2;Humanitas
21/07/2020;;;;;;;7827;7827 - Accorciamento di tibia e fibula;2;Humanitas
21/07/2020;14:40;15:15;CIANA MATTEO;M;12/01/2006;;8118;8118 - Artroeresi dell’articolazione sottoastragalica;1;Humanitas
21/07/2020;;;;;;;7865;7865 - Rimozione di dispositivo impiantato dal femore;1;Humanitas
21/07/2020;;;;;;;7865;7865 - Rimozione di dispositivo impiantato dal femore;1;Humanitas
21/07/2020;16:00;16:16;DEL FABBRO SAMUELE;M;06/11/2006;;7867;7867 - Rimozione di dispositivo impiantato da tibia e fib…;1;Humanitas
21/07/2020;17:11;17:59;IPOGINO ANDREA;M;07/09/2007;;7865;7865 - Rimozione di dispositivo impiantato dal femore;1;Humanitas
21/07/2020;;;;;;;7865;7865 - Rimozione di dispositivo impiantato dal femore;1;Humanitas
01/09/2020;08:32;08:55;BASSI DAVIDE;M;17/01/2005;;7865;7865 - Rimozione di dispositivo impiantato dal femore;1;Humanitas
01/09/2020;;;;;;;7865;7865 - Rimozione di dispositivo impiantato dal femore;1;Humanitas
01/09/2020;09:38;09:47;PROFILI EMMA;F;29/11/2005;;8118;8118 - Artroeresi dell’articolazione sottoastragalica;1;Humanitas
01/09/2020;10:45;12:10;MARANO ALICE CATERINA;F;12/11/2006;;7867;7867 - Rimozione di dispositivo impiantato da tibia e fib…;1;Humanitas
01/09/2020;;;;;;;9929;9929 - Iniezione o infusione di altre sostanze terapeutic…;1;Humanitas
01/09/2020;12:46;12:55;BASCONE MIRKO;M;01/08/2006;;8118;8118 - Artroeresi dell’articolazione sottoastragalica;1;Humanitas
01/09/2020;14:28;15:22;BELLETTI EMMA;F;16/11/2007;;7865;7865 - Rimozione di dispositivo impiantato dal femore;1;Humanitas
01/09/2020;;;;;;;7867;7867 - Rimozione di dispositivo impiantato da tibia e fib…;1;Humanitas
01/09/2020;16:32;17:20;CIAGLIA JACOPO ANTONIO;M;27/11/2007;;7865;7865 - Rimozione di dispositivo impiantato dal femore;1;Humanitas
01/09/2020;;;;;;;9929;9929 - Iniezione o infusione di altre sostanze terapeutic…;1;Humanitas
01/09/2020;;;;;;;9929;9929 - Iniezione o infusione di altre sostanze terapeutic…;1;Humanitas
08/09/2020;08:19;08:40;TOMASINI AURORA;F;06/04/2005;;7867;7867 - Rimozione di dispositivo impiantato da tibia e fib…;1;Humanitas
08/09/2020;09:23;09:28;GARMA MENENDEZ ARIANNA NAOMI;F;29/05/2000;;9929;9929 - Iniezione o infusione di altre sostanze terapeutic…;1;Humanitas
08/09/2020;10:19;10:50;FRATUCELLO MATTEO;M;18/02/2006;;8385;8385 - Altri cambiamenti di lunghezza di muscoli e tendin…;1;Humanitas
08/09/2020;;;;;;;9929;9929 - Iniezione o infusione di altre sostanze terapeutic…;1;Humanitas
08/09/2020;;;;;;;9929;9929 - Iniezione o infusione di altre sostanze terapeutic…;1;Humanitas
08/09/2020;;;;;;;8832;8832 - Artrografia con contrasto;1;Humanitas
08/09/2020;;;;;;;8192;8192 - Iniezione di sostanze terapeutiche nell’articolazi…;1;Humanitas
08/09/2020;13:24;15:50;RANIERI AURORA;F;10/05/2008;;7737;7737 - Altra sezione della tibia e fibula;2;Humanitas
08/09/2020;;;;;;;7737;7737 - Altra sezione della tibia e fibula;2;Humanitas
08/09/2020;;;;;;;8385;8385 - Altri cambiamenti di lunghezza di muscoli e tendin…;2;Humanitas
08/09/2020;;;;;;;9353;9353 - Applicazione di altro corsetto gessato;2;Humanitas
08/09/2020;;;;;;;9353;9353 - Applicazione di altro corsetto gessato;2;Humanitas
15/09/2020;08:15;08:30;FARINA OFELIA;F;16/01/2008;;8080;8080 - Altra asportazione o demolizione locale di lesione…;1;Humanitas
15/09/2020;09:16;10:00;DI CARLO SILVIA;F;16/01/2006;;7867;7867 - Rimozione di dispositivo impiantato da tibia e fib…;1;Humanitas
15/09/2020;10:48;11:35;DE PACE DENNIS;M;12/06/2004;;7865;7865 - Rimozione di dispositivo impiantato dal femore;1;Humanitas
15/09/2020;;;;;;;7865;7865 - Rimozione di dispositivo impiantato dal femore;1;Humanitas
15/09/2020;;;;;;;7867;7867 - Rimozione di dispositivo impiantato da tibia e fib…;1;Humanitas
15/09/2020;;;;;;;7867;7867 - Rimozione di dispositivo impiantato da tibia e fib…;1;Humanitas
15/09/2020;12:08;12:17;GALLONI AMBRA FANNY;F;03/02/2006;;8118;8118 - Artroeresi dell’articolazione sottoastragalica;1;Humanitas
15/09/2020;13:18;13:55;RUGGIRELLO PAOLO;M;06/09/2006;;8118;8118 - Artroeresi dell’articolazione sottoastragalica;1;Humanitas
15/09/2020;14:59;16:29;BERTONA ALESSANDRO;M;15/01/2003;;7865;7865 - Rimozione di dispositivo impiantato dal femore;1;Humanitas
15/09/2020;;;;;;;7867;7867 - Rimozione di dispositivo impiantato da tibia e fib…;1;Humanitas
22/09/2020;08:39;09:50;DE PONTI SIMONE;M;19/12/2005;;7825;7825 - Accorciamento del femore;1;Humanitas
22/09/2020;;;;;;;7825;7825 - Accorciamento del femore;1;Humanitas
22/09/2020;10:40;10:55;LODI MATILDE;F;21/09/2000;;8832;8832 - Artrografia con contrasto;1;Humanitas
22/09/2020;;;;;;;8832;8832 - Artrografia con contrasto;1;Humanitas
22/09/2020;;;;;;;8192;8192 - Iniezione di sostanze terapeutiche nell’articolazi…;1;Humanitas
22/09/2020;;;;;;;8192;8192 - Iniezione di sostanze terapeutiche nell’articolazi…;1;Humanitas
22/09/2020;;;;;;;9929;9929 - Iniezione o infusione di altre sostanze terapeutic…;1;Humanitas
22/09/2020;;;;;;;9929;9929 - Iniezione o infusione di altre sostanze terapeutic…;1;Humanitas
22/09/2020;15:20;16:52;DI BLASIO ANTONIO;M;10/02/2005;;7730;7730 - Altra sezione dell’osso, sede non specificata;2;Humanitas
22/09/2020;;;;;;;8375;8375 - Trasposizione o trapianto di tendini;2;Humanitas
22/09/2020;;;;;;;8385;8385 - Altri cambiamenti di lunghezza di muscoli e tendin…;2;Humanitas
22/09/2020;;;;;;;9353;9353 - Applicazione di altro corsetto gessato;2;Humanitas
29/09/2020;08:24;08:27;D'ANDREA EMANUELE;M;08/01/2013;;8385;8385 - Altri cambiamenti di lunghezza di muscoli e tendin…;1;Humanitas
29/09/2020;;;;;;;8385;8385 - Altri cambiamenti di lunghezza di muscoli e tendin…;1;Humanitas
29/09/2020;08:45;08:57;GARAVELLI SOFIA;F;14/02/2015;;9929;9929 - Iniezione o infusione di altre sostanze terapeutic…;2;Humanitas
29/09/2020;;;;;;;9353;9353 - Applicazione di altro corsetto gessato;2;Humanitas
06/10/2020;08:20;08:29;RE DIONIGI ARIANNA;F;03/12/2004;;8118;8118 - Artroeresi dell’articolazione sottoastragalica;1;Humanitas
06/10/2020;09:02;09:14;IACCARINO SOFIA;F;09/01/2018;;8201;8201 - Esplorazione della fascia tendinea della mano;2;Humanitas
06/10/2020;10:41;11:35;PEDICINI FEDERICA MARIA LUISA;F;22/06/2012;;7862;7862 - Rimozione di dispositivo impiantato dall’omero;2;Humanitas
06/10/2020;12:12;12:26;FERNANDEZ PLAZA BIANCA;F;11/02/2014;;8832;8832 - Artrografia con contrasto;2;Humanitas
06/10/2020;13:05;13:23;REITER RICCARDO;M;16/07/2007;;8026;8026 - Artroscopia del ginocchio;3;Humanitas
06/10/2020;;;;;;;8076;8076 - Sinoviectomia del ginocchio;3;Humanitas
06/10/2020;14:52;15:08;MARINI CARLO DARIO LEONARDO;M;10/01/2007;;8118;8118 - Artroeresi dell’articolazione sottoastragalica;1;Humanitas
06/10/2020;16:08;16:29;VALLINO MATTIA;M;11/09/2007;;7825;7825 - Accorciamento del femore;1;Humanitas
13/10/2020;08:07;08:17;CARRARA ARIANNA;F;20/08/2003;;8118;8118 - Artroeresi dell’articolazione sottoastragalica;1;Humanitas
13/10/2020;09:00;09:33;CONTE SIMONA;F;29/07/2005;;7865;7865 - Rimozione di dispositivo impiantato dal femore;1;Humanitas
13/10/2020;;;;;;;7865;7865 - Rimozione di dispositivo impiantato dal femore;1;Humanitas
13/10/2020;10:00;10:28;SODDU ALESSIO;M;06/11/2004;;8118;8118 - Artroeresi dell’articolazione sottoastragalica;2;Humanitas
13/10/2020;11:47;12:54;CHIAIA ROMEO POMPEO;M;02/11/2012;;7731;7731 - Altra sezione della scapola, clavicola e torace (c…;2;Humanitas
20/10/2020;08:27;09:13;GUANELLA PIETRO FRANCESCO;M;05/03/1965;;7867;7867 - Rimozione di dispositivo impiantato da tibia e fib…;2;Humanitas
20/10/2020;;;;;;;7867;7867 - Rimozione di dispositivo impiantato da tibia e fib…;2;Humanitas
27/10/2020;09:01;09:12;ZANDA LORENZO;M;10/12/2002;;8385;8385 - Altri cambiamenti di lunghezza di muscoli e tendin…;2;Humanitas
27/10/2020;;;;;;;8192;8192 - Iniezione di sostanze terapeutiche nell’articolazi…;2;Humanitas
27/10/2020;10:11;10:53;ROMAGNOLI FEDERICA;F;05/02/2004;;7867;7867 - Rimozione di dispositivo impiantato da tibia e fib…;1;Humanitas
24/11/2020;08:45;09:16;COZZOLI RICCARDO ANDREA;M;02/04/2007;;7865;7865 - Rimozione di dispositivo impiantato dal femore;1;Humanitas
24/11/2020;;;;;;;7865;7865 - Rimozione di dispositivo impiantato dal femore;1;Humanitas
24/11/2020;10:23;11:18;MATTARELLO PAOLO;M;27/01/2007;;7825;7825 - Accorciamento del femore;1;Humanitas
24/11/2020;;;;;;;7825;7825 - Accorciamento del femore;1;Humanitas
24/11/2020;12:03;12:19;GIACALONE LORENZO GIUSEPPE;M;14/04/2005;;8832;8832 - Artrografia con contrasto;2;Humanitas
24/11/2020;;;;;;;8192;8192 - Iniezione di sostanze terapeutiche nell’articolazi…;2;Humanitas
24/11/2020;;;;;;;9929;9929 - Iniezione o infusione di altre sostanze terapeutic…;2;Humanitas
24/11/2020;13:45;14:23;MARIANI CHRISTIAN;M;06/04/2009;;7827;7827 - Accorciamento di tibia e fibula;1;Humanitas
24/11/2020;;;;;;;7827;7827 - Accorciamento di tibia e fibula;1;Humanitas
24/11/2020;15:25;15:45;GAZZOLA ANDREA;M;28/02/2005;;7865;7865 - Rimozione di dispositivo impiantato dal femore;2;Humanitas
24/11/2020;;;;;;;7865;7865 - Rimozione di dispositivo impiantato dal femore;2;Humanitas
15/12/2020;08:25;09:15;IASIELLO ANGELO;M;12/10/2007;;7865;7865 - Rimozione di dispositivo impiantato dal femore;1;Humanitas
15/12/2020;;;;;;;7867;7867 - Rimozione di dispositivo impiantato da tibia e fib…;1;Humanitas
15/12/2020;10:07;11:23;CAPPELLANO CHIARA;F;12/12/2006;;7825;7825 - Accorciamento del femore;2;Humanitas
15/12/2020;13:49;14:12;INTROZZI GIOELE;M;10/08/2003;;7868;7868 - Rimozione di dispositivo impiantato da tarso e met…;3;Humanitas
15/12/2020;;;;;;;7868;7868 - Rimozione di dispositivo impiantato da tarso e met…;3;Humanitas
15/12/2020;15:05;16:13;TURATI MARCO;M;20/10/2008;;7825;7825 - Accorciamento del femore;2;Humanitas
15/12/2020;16:56;17:03;SANGALLI CLAUDIA;F;18/02/2004;;9929;9929 - Iniezione o infusione di altre sostanze terapeutic…;1;Humanitas
15/12/2020;;;;;;;9929;9929 - Iniezione o infusione di altre sostanze terapeutic…;1;Humanitas
22/12/2020;07:56;08:15;COLOMBO RICCARDO;M;28/07/2009;;9929;9929 - Iniezione o infusione di altre sostanze terapeutic…;1;Humanitas
22/12/2020;;;;;;;9929;9929 - Iniezione o infusione di altre sostanze terapeutic…;1;Humanitas
22/12/2020;;;;;;;9353;9353 - Applicazione di altro corsetto gessato;1;Humanitas
22/12/2020;;;;;;;9353;9353 - Applicazione di altro corsetto gessato;1;Humanitas
22/12/2020;09:00;09:54;CHIARIELLO GIULIANO;M;29/05/2009;;7825;7825 - Accorciamento del femore;2;Humanitas
22/12/2020;;;;;;;8832;8832 - Artrografia con contrasto;2;Humanitas
22/12/2020;10:26;10:33;PERSICO BIANCA;F;08/07/2007;;8118;8118 - Artroeresi dell’articolazione sottoastragalica;2;Humanitas
22/12/2020;11:30;11:53;MERONI LUCA;M;21/03/2009;;7733;7733 - Altra sezione del radio e dell’ulna;2;Humanitas
22/12/2020;12:53;13:05;PAGLIAI FEDERICO;M;01/05/2006;;8118;8118 - Artroeresi dell’articolazione sottoastragalica;2;Humanitas
