Data;Inizio;Fine;Paziente;Sesso;DOB;Nosologico;Proc;Descrizione;Ruolo;Sede
20/07/2012;11:34;12:11;SCELSA ANTONIO;M;27/04/1991;;9346;9346 - Altre trazioni cutanee degli arti;3;Humanitas
25/07/2012;15:01;15:39;MUNARI MATTIA;M;03/05/1984;;7867;7867 - Rimozione di dispositivo impiantato da tibia e fib…;3;Humanitas
25/07/2012;;;;;;;7868;7868 - Rimozione di dispositivo impiantato da tarso e met…;3;Humanitas
25/07/2012;;;;;;;9353;9353 - Applicazione di altro corsetto gessato;3;Humanitas
25/07/2012;16:55;19:19;GIAMMARIA BARBARA;F;03/09/1980;;8742;8742 - Altra tomografia toracica;3;Humanitas
25/07/2012;;;;;;;7817;7817 - Applicazione di fissatore esterno di tibia e fibul…;3;Humanitas
25/07/2012;;;;;;;7818;7818 - Applicazione di fissatore esterno di tarso e metat…;3;Humanitas
25/07/2012;;;;;;;8111;8111 - Fusione della caviglia;3;Humanitas
25/07/2012;;;;;;;8112;8112 - Artrodesi triplice;3;Humanitas
25/07/2012;;;;;;;8113;8113 - Fusione sottoastragalica;3;Humanitas
01/08/2012;13:19;13:36;VIOLINO BRUNA;F;09/07/1948;;7867;7867 - Rimozione di dispositivo impiantato da tibia e fib…;2;Humanitas
01/08/2012;;;;;;;7868;7868 - Rimozione di dispositivo impiantato da tarso e met…;2;Humanitas
01/08/2012;14:12;14:28;VALLEJO LASCANO OSCAR;M;22/08/1979;;7862;7862 - Rimozione di dispositivo impiantato dall’omero;2;Humanitas
01/08/2012;;;;;;;9353;9353 - Applicazione di altro corsetto gessato;2;Humanitas
01/08/2012;14:55;15:07;FIORE LINA;F;08/10/1956;;7865;7865 - Rimozione di dispositivo impiantato dal femore;2;Humanitas
01/08/2012;15:41;16:02;CARUSO SALVATORE;M;03/02/1959;;7867;7867 - Rimozione di dispositivo impiantato da tibia e fib…;2;Humanitas
01/08/2012;;;;;;;7868;7868 - Rimozione di dispositivo impiantato da tarso e met…;2;Humanitas
07/09/2012;13:25;15:26;ABATE MIRIAM;F;29/05/2001;;8114;8114 - Fusione mediotarsica;4;Humanitas
07/09/2012;;;;;;;8114;8114 - Fusione mediotarsica;4;Humanitas
07/09/2012;;;;;;;7728;7728 - Resezione cuneiforme del tarso e metatarso;4;Humanitas
07/09/2012;;;;;;;7728;7728 - Resezione cuneiforme del tarso e metatarso;4;Humanitas
07/09/2012;;;;;;;7737;7737 - Altra sezione della tibia e fibula;4;Humanitas
07/09/2012;;;;;;;7737;7737 - Altra sezione della tibia e fibula;4;Humanitas
07/09/2012;16:33;17:40;MONTORSI GLORIA;F;23/08/1988;;8385;8385 - Altri cambiamenti di lunghezza di muscoli e tendin…;3;Humanitas
07/09/2012;;;;;;;8385;8385 - Altri cambiamenti di lunghezza di muscoli e tendin…;3;Humanitas
07/09/2012;;;;;;;7738;7738 - Altra sezione del tarso e metatarso;3;Humanitas
07/09/2012;;;;;;;7738;7738 - Altra sezione del tarso e metatarso;3;Humanitas
12/09/2012;08:19;08:27;BUSO SOFIA;F;12/06/2000;;8118;8118 - Artroeresi dell’articolazione sottoastragalica;2;Humanitas
12/09/2012;09:25;10:37;COZAC MARIA ELENA;F;21/09/1999;;8385;8385 - Altri cambiamenti di lunghezza di muscoli e tendin…;2;Humanitas
12/09/2012;;;;;;;8385;8385 - Altri cambiamenti di lunghezza di muscoli e tendin…;2;Humanitas
12/09/2012;;;;;;;7865;7865 - Rimozione di dispositivo impiantato dal femore;2;Humanitas
12/09/2012;;;;;;;7865;7865 - Rimozione di dispositivo impiantato dal femore;2;Humanitas
25/09/2012;10:49;11:58;LO PRESTI EUGENIA;F;10/12/1999;;7825;7825 - Accorciamento del femore;2;Humanitas
25/09/2012;;;;;;;7825;7825 - Accorciamento del femore;2;Humanitas
25/09/2012;;;;;;;8385;8385 - Altri cambiamenti di lunghezza di muscoli e tendin…;2;Humanitas
25/09/2012;;;;;;;9353;9353 - Applicazione di altro corsetto gessato;2;Humanitas
26/09/2012;08:18;08:38;MERLONI BENEDETTA;F;28/02/1998;;7867;7867 - Rimozione di dispositivo impiantato da tibia e fib…;2;Humanitas
26/09/2012;;;;;;;9929;9929 - Iniezione o infusione di altre sostanze terapeutic…;2;Humanitas
26/09/2012;;;;;;;9929;9929 - Iniezione o infusione di altre sostanze terapeutic…;2;Humanitas
26/09/2012;09:49;12:11;DE LUCA ELISA;F;23/08/1976;;8385;8385 - Altri cambiamenti di lunghezza di muscoli e tendin…;3;Humanitas
26/09/2012;;;;;;;8385;8385 - Altri cambiamenti di lunghezza di muscoli e tendin…;3;Humanitas
26/09/2012;;;;;;;8375;8375 - Trasposizione o trapianto di tendini;3;Humanitas
26/09/2012;;;;;;;8375;8375 - Trasposizione o trapianto di tendini;3;Humanitas
26/09/2012;;;;;;;7738;7738 - Altra sezione del tarso e metatarso;3;Humanitas
26/09/2012;;;;;;;7738;7738 - Altra sezione del tarso e metatarso;3;Humanitas
26/09/2012;;;;;;;9353;9353 - Applicazione di altro corsetto gessato;3;Humanitas
26/09/2012;;;;;;;9353;9353 - Applicazione di altro corsetto gessato;3;Humanitas
05/10/2012;13:55;15:00;CANNIZZARO ROSARIO;M;31/10/1947;;7727;7727 - Resezione cuneiforme della tibia e fibula;2;Humanitas
05/10/2012;;;;;;;8472;8472 - Applicazione di fissatore esterno, sistema ad anel…;2;Humanitas
05/10/2012;15:38;16:08;ROTA LUCIANO;M;30/12/1967;;7867;7867 - Rimozione di dispositivo impiantato da tibia e fib…;2;Humanitas
23/10/2012;13:42;16:14;TESFAZGHI ARIAM;F;02/09/1999;;7729;7729 - Resezione cuneiforme di altre ossa, escluse quelle…;3;Humanitas
23/10/2012;;;;;;;7725;7725 - Resezione cuneiforme del femore;3;Humanitas
23/10/2012;;;;;;;8385;8385 - Altri cambiamenti di lunghezza di muscoli e tendin…;3;Humanitas
24/10/2012;13:11;14:21;BENOCCI RICCARDO;M;06/02/1997;;7735;7735 - Altra sezione del femore;2;Humanitas
24/10/2012;;;;;;;8385;8385 - Altri cambiamenti di lunghezza di muscoli e tendin…;2;Humanitas
24/10/2012;;;;;;;9353;9353 - Applicazione di altro corsetto gessato;2;Humanitas
30/10/2012;17:07;17:20;MASTO MASSIMILIANO;M;06/07/1981;;9353;9353 - Applicazione di altro corsetto gessato;2;Humanitas
06/11/2012;10:37;12:18;IOFFREDO GABRIELE;M;19/07/2001;;7728;7728 - Resezione cuneiforme del tarso e metatarso;3;Humanitas
06/11/2012;;;;;;;7728;7728 - Resezione cuneiforme del tarso e metatarso;3;Humanitas
06/11/2012;;;;;;;8385;8385 - Altri cambiamenti di lunghezza di muscoli e tendin…;3;Humanitas
06/11/2012;;;;;;;9353;9353 - Applicazione di altro corsetto gessato;3;Humanitas
06/11/2012;;;;;;;9353;9353 - Applicazione di altro corsetto gessato;3;Humanitas
07/11/2012;14:25;17:03;MORNESE ARIANNA FEDERICA;F;16/01/2002;;8151;8151 - Sostituzione totale dell’anca;3;Humanitas
07/11/2012;;;;;;;8385;8385 - Altri cambiamenti di lunghezza di muscoli e tendin…;3;Humanitas
07/11/2012;;;;;;;8385;8385 - Altri cambiamenti di lunghezza di muscoli e tendin…;3;Humanitas
07/11/2012;;;;;;;7728;7728 - Resezione cuneiforme del tarso e metatarso;3;Humanitas
07/11/2012;;;;;;;7728;7728 - Resezione cuneiforme del tarso e metatarso;3;Humanitas
16/11/2012;08:26;08:51;FRATONI RICCARDO;M;15/09/1998;;8118;8118 - Artroeresi dell’articolazione sottoastragalica;1;Humanitas
17/11/2012;14:01;15:17;FEDELI JACOPO;M;29/04/1991;;7735;7735 - Altra sezione del femore;3;Humanitas
17/11/2012;;;;;;;8385;8385 - Altri cambiamenti di lunghezza di muscoli e tendin…;3;Humanitas
17/11/2012;;;;;;;8385;8385 - Altri cambiamenti di lunghezza di muscoli e tendin…;3;Humanitas
17/11/2012;;;;;;;9929;9929 - Iniezione o infusione di altre sostanze terapeutic…;3;Humanitas
28/11/2012;12:25;14:10;CASSANO ANDREA;M;17/04/1998;;7728;7728 - Resezione cuneiforme del tarso e metatarso;3;Humanitas
28/11/2012;;;;;;;8385;8385 - Altri cambiamenti di lunghezza di muscoli e tendin…;3;Humanitas
28/11/2012;;;;;;;9929;9929 - Iniezione o infusione di altre sostanze terapeutic…;3;Humanitas
28/11/2012;;;;;;;9353;9353 - Applicazione di altro corsetto gessato;3;Humanitas
11/12/2012;10:18;12:42;CORVAGLIA FRANCESCO;M;04/02/1998;;8385;8385 - Altri cambiamenti di lunghezza di muscoli e tendin…;3;Humanitas
11/12/2012;;;;;;;8385;8385 - Altri cambiamenti di lunghezza di muscoli e tendin…;3;Humanitas
11/12/2012;13:40;13:53;MAFFINI MARTINA;F;15/05/1999;;8118;8118 - Artroeresi dell’articolazione sottoastragalica;1;Humanitas
11/12/2012;15:47;16:39;BOVONE GIACOMO;M;12/12/2001;;7827;7827 - Accorciamento di tibia e fibula;1;Humanitas
11/12/2012;;;;;;;7827;7827 - Accorciamento di tibia e fibula;1;Humanitas
08/01/2013;08:10;08:24;JORGJI ERMANNO;M;26/09/2002;;8118;8118 - Artroeresi dell’articolazione sottoastragalica;2;Humanitas
08/01/2013;09:05;09:16;RENA FEDERICA;F;31/10/2000;;8118;8118 - Artroeresi dell’articolazione sottoastragalica;1;Humanitas
08/01/2013;10:03;10:08;GAMBARIN ALBERTO;M;09/05/1994;;8385;8385 - Altri cambiamenti di lunghezza di muscoli e tendin…;2;Humanitas
08/01/2013;;;;;;;8385;8385 - Altri cambiamenti di lunghezza di muscoli e tendin…;2;Humanitas
08/01/2013;11:09;13:06;COMIZZOLI SARA;F;09/04/2002;;7738;7738 - Altra sezione del tarso e metatarso;2;Humanitas
08/01/2013;;;;;;;7738;7738 - Altra sezione del tarso e metatarso;2;Humanitas
08/01/2013;;;;;;;7728;7728 - Resezione cuneiforme del tarso e metatarso;2;Humanitas
08/01/2013;;;;;;;7728;7728 - Resezione cuneiforme del tarso e metatarso;2;Humanitas
08/01/2013;;;;;;;8385;8385 - Altri cambiamenti di lunghezza di muscoli e tendin…;2;Humanitas
08/01/2013;;;;;;;8385;8385 - Altri cambiamenti di lunghezza di muscoli e tendin…;2;Humanitas
08/01/2013;;;;;;;9353;9353 - Applicazione di altro corsetto gessato;2;Humanitas
08/01/2013;;;;;;;9353;9353 - Applicazione di altro corsetto gessato;2;Humanitas
08/01/2013;;;;;;;9929;9929 - Iniezione o infusione di altre sostanze terapeutic…;2;Humanitas
08/01/2013;15:24;17:34;HU TIANCI;M;24/04/2002;;7725;7725 - Resezione cuneiforme del femore;4;Humanitas
08/01/2013;;;;;;;7739;7739 - Altra sezione di altre ossa, escluse quelle faccia…;4;Humanitas
08/01/2013;;;;;;;8385;8385 - Altri cambiamenti di lunghezza di muscoli e tendin…;4;Humanitas
09/01/2013;08:03;08:09;BUCCIOL ANDREA;M;08/07/2007;;8832;8832 - Artrografia con contrasto;1;Humanitas
09/01/2013;;;;;;;8832;8832 - Artrografia con contrasto;1;Humanitas
09/01/2013;;;;;;;9929;9929 - Iniezione o infusione di altre sostanze terapeutic…;1;Humanitas
09/01/2013;;;;;;;9929;9929 - Iniezione o infusione di altre sostanze terapeutic…;1;Humanitas
09/01/2013;08:40;08:44;RIDOLFI CHIARA GIUSEPPINA;F;19/05/2004;;9929;9929 - Iniezione o infusione di altre sostanze terapeutic…;1;Humanitas
09/01/2013;;;;;;;9929;9929 - Iniezione o infusione di altre sostanze terapeutic…;1;Humanitas
09/01/2013;10:05;10:25;FODDAI PAOLO;M;28/06/1999;;8118;8118 - Artroeresi dell’articolazione sottoastragalica;1;Humanitas
09/01/2013;11:29;11:59;DI BIASE IMMACOLATA;F;07/04/1955;;8385;8385 - Altri cambiamenti di lunghezza di muscoli e tendin…;2;Humanitas
09/01/2013;;;;;;;9353;9353 - Applicazione di altro corsetto gessato;2;Humanitas
16/01/2013;16:43;18:10;DE PALO CHALTU;F;13/10/1998;;8118;8118 - Artroeresi dell’articolazione sottoastragalica;2;Humanitas
16/01/2013;;;;;;;7838;7838 - Allungamento di tarso e metatarso;2;Humanitas
22/01/2013;12:27;14:52;LOCATELLI GIACOMO;M;26/01/2001;;7739;7739 - Altra sezione di altre ossa, escluse quelle faccia…;3;Humanitas
22/01/2013;;;;;;;7725;7725 - Resezione cuneiforme del femore;3;Humanitas
23/01/2013;08:16;09:17;ROVELLINI CHIARA TARUSHI;F;13/09/2003;;7825;7825 - Accorciamento del femore;3;Humanitas
23/01/2013;;;;;;;7825;7825 - Accorciamento del femore;3;Humanitas
23/01/2013;12:27;14:52;LO PRESTI LUCIANO;M;24/10/2003;;7739;7739 - Altra sezione di altre ossa, escluse quelle faccia…;4;Humanitas
23/01/2013;;;;;;;7725;7725 - Resezione cuneiforme del femore;4;Humanitas
23/01/2013;12:41;12:58;VALLINO MATTIA;M;11/09/2007;;7865;7865 - Rimozione di dispositivo impiantato dal femore;1;Humanitas
29/01/2013;09:01;09:15;FAGGI SAMUELE;M;18/10/2001;;8118;8118 - Artroeresi dell’articolazione sottoastragalica;1;Humanitas
29/01/2013;09:59;10:16;HAMADI RIADH;M;12/08/2003;;8832;8832 - Artrografia con contrasto;2;Humanitas
29/01/2013;;;;;;;8832;8832 - Artrografia con contrasto;2;Humanitas
29/01/2013;;;;;;;8192;8192 - Iniezione di sostanze terapeutiche nell’articolazi…;2;Humanitas
29/01/2013;;;;;;;8192;8192 - Iniezione di sostanze terapeutiche nell’articolazi…;2;Humanitas
05/02/2013;14:50;16:57;GIORGI ENRICO;M;30/05/1998;;7739;7739 - Altra sezione di altre ossa, escluse quelle faccia…;4;Humanitas
05/02/2013;;;;;;;7725;7725 - Resezione cuneiforme del femore;4;Humanitas
19/02/2013;08:25;09:26;MAGNOTTA VINCENZO;M;23/09/1998;;7825;7825 - Accorciamento del femore;2;Humanitas
19/02/2013;;;;;;;7827;7827 - Accorciamento di tibia e fibula;2;Humanitas
19/02/2013;;;;;;;8385;8385 - Altri cambiamenti di lunghezza di muscoli e tendin…;2;Humanitas
19/02/2013;;;;;;;8385;8385 - Altri cambiamenti di lunghezza di muscoli e tendin…;2;Humanitas
19/02/2013;10:14;10:18;TATEO GABRIELE;M;07/01/2008;;9929;9929 - Iniezione o infusione di altre sostanze terapeutic…;2;Humanitas
19/02/2013;;;;;;;9929;9929 - Iniezione o infusione di altre sostanze terapeutic…;2;Humanitas
19/02/2013;10:58;12:00;AFFATATO LOREDANA;F;30/01/1998;;7728;7728 - Resezione cuneiforme del tarso e metatarso;2;Humanitas
19/02/2013;;;;;;;7738;7738 - Altra sezione del tarso e metatarso;2;Humanitas
19/02/2013;;;;;;;9353;9353 - Applicazione di altro corsetto gessato;2;Humanitas
19/02/2013;13:08;14:29;TENERANI PAOLO;M;03/10/1994;;8118;8118 - Artroeresi dell’articolazione sottoastragalica;3;Humanitas
19/02/2013;;;;;;;8385;8385 - Altri cambiamenti di lunghezza di muscoli e tendin…;3;Humanitas
19/02/2013;;;;;;;8375;8375 - Trasposizione o trapianto di tendini;3;Humanitas
19/02/2013;;;;;;;7738;7738 - Altra sezione del tarso e metatarso;3;Humanitas
19/02/2013;15:18;15:39;PIERETTI SABRINA;F;23/03/1970;;8385;8385 - Altri cambiamenti di lunghezza di muscoli e tendin…;3;Humanitas
19/02/2013;;;;;;;8385;8385 - Altri cambiamenti di lunghezza di muscoli e tendin…;3;Humanitas
19/02/2013;;;;;;;9353;9353 - Applicazione di altro corsetto gessato;3;Humanitas
19/02/2013;;;;;;;9353;9353 - Applicazione di altro corsetto gessato;3;Humanitas
19/02/2013;17:02;17:55;FILOMENA PIERANGELO;M;28/12/2004;;7865;7865 - Rimozione di dispositivo impiantato dal femore;3;Humanitas
19/02/2013;;;;;;;7865;7865 - Rimozione di dispositivo impiantato dal femore;3;Humanitas
19/02/2013;;;;;;;7825;7825 - Accorciamento del femore;3;Humanitas
19/02/2013;;;;;;;7825;7825 - Accorciamento del femore;3;Humanitas
19/02/2013;;;;;;;8385;8385 - Altri cambiamenti di lunghezza di muscoli e tendin…;3;Humanitas
19/02/2013;;;;;;;8385;8385 - Altri cambiamenti di lunghezza di muscoli e tendin…;3;Humanitas
27/02/2013;13:42;15:13;DE PALO CHALTU;F;13/10/1998;;7868;7868 - Rimozione di dispositivo impiantato da tarso e met…;3;Humanitas
27/02/2013;;;;;;;7818;7818 - Applicazione di fissatore esterno di tarso e metat…;3;Humanitas
27/02/2013;16:04;17:29;ZOCCO PISANA ANNA;F;30/01/1997;;7728;7728 - Resezione cuneiforme del tarso e metatarso;4;Humanitas
27/02/2013;;;;;;;8375;8375 - Trasposizione o trapianto di tendini;4;Humanitas
27/02/2013;;;;;;;9353;9353 - Applicazione di altro corsetto gessato;4;Humanitas
05/03/2013;08:16;08:34;GALEONE EMANUEL;M;07/12/2002;;8385;8385 - Altri cambiamenti di lunghezza di muscoli e tendin…;2;Humanitas
05/03/2013;;;;;;;8385;8385 - Altri cambiamenti di lunghezza di muscoli e tendin…;2;Humanitas
05/03/2013;09:15;09:22;GAUDENZIO MARTINA;F;16/02/1999;;8118;8118 - Artroeresi dell’articolazione sottoastragalica;2;Humanitas
05/03/2013;10:12;11:14;FAGNANI MICHELE;M;01/12/2001;;8385;8385 - Altri cambiamenti di lunghezza di muscoli e tendin…;2;Humanitas
05/03/2013;;;;;;;8375;8375 - Trasposizione o trapianto di tendini;2;Humanitas
05/03/2013;;;;;;;9353;9353 - Applicazione di altro corsetto gessato;2;Humanitas
05/03/2013;13:07;14:49;FANTAGUZZI CLAUDIO;M;30/04/1998;;7725;7725 - Resezione cuneiforme del femore;3;Humanitas
05/03/2013;;;;;;;7725;7725 - Resezione cuneiforme del femore;3;Humanitas
05/03/2013;16:04;16:55;MELE ANGELICA;F;29/11/2004;;7865;7865 - Rimozione di dispositivo impiantato dal femore;3;Humanitas
06/03/2013;08:26;08:31;MAZZOLI CAMILLA;F;29/07/2004;;8832;8832 - Artrografia con contrasto;3;Humanitas
06/03/2013;09:09;09:14;CANTARELLA PIETRO;M;21/06/2000;;8118;8118 - Artroeresi dell’articolazione sottoastragalica;2;Humanitas
06/03/2013;09:45;09:50;PETRIZZO MICHELE;M;22/10/1998;;8118;8118 - Artroeresi dell’articolazione sottoastragalica;2;Humanitas
06/03/2013;11:51;14:00;SALUTE CHRISTIAN;M;12/03/1996;;7739;7739 - Altra sezione di altre ossa, escluse quelle faccia…;4;Humanitas
06/03/2013;;;;;;;7725;7725 - Resezione cuneiforme del femore;4;Humanitas
12/03/2013;13:10;14:34;RUSSO ALESI MANUELA;F;08/11/1996;;7865;7865 - Rimozione di dispositivo impiantato dal femore;3;Humanitas
12/03/2013;;;;;;;7735;7735 - Altra sezione del femore;3;Humanitas
19/03/2013;10:46;11:26;MARTUCCI ANGELICA;F;12/08/2001;;7825;7825 - Accorciamento del femore;3;Humanitas
19/03/2013;;;;;;;7825;7825 - Accorciamento del femore;3;Humanitas
19/03/2013;;;;;;;8385;8385 - Altri cambiamenti di lunghezza di muscoli e tendin…;3;Humanitas
19/03/2013;;;;;;;8385;8385 - Altri cambiamenti di lunghezza di muscoli e tendin…;3;Humanitas
19/03/2013;12:23;12:45;PAGLIARA FRANCESCO;M;11/11/2002;;8385;8385 - Altri cambiamenti di lunghezza di muscoli e tendin…;2;Humanitas
19/03/2013;;;;;;;9353;9353 - Applicazione di altro corsetto gessato;2;Humanitas
19/03/2013;15:17;17:05;MAZZA FRANCESCA;F;22/12/2002;;7728;7728 - Resezione cuneiforme del tarso e metatarso;3;Humanitas
19/03/2013;;;;;;;7738;7738 - Altra sezione del tarso e metatarso;3;Humanitas
19/03/2013;;;;;;;8114;8114 - Fusione mediotarsica;3;Humanitas
19/03/2013;;;;;;;9353;9353 - Applicazione di altro corsetto gessato;3;Humanitas
20/03/2013;08:09;08:27;FRASCOGNA ILARIA;F;29/10/2004;;8385;8385 - Altri cambiamenti di lunghezza di muscoli e tendin…;2;Humanitas
20/03/2013;;;;;;;8385;8385 - Altri cambiamenti di lunghezza di muscoli e tendin…;2;Humanitas
20/03/2013;;;;;;;9353;9353 - Applicazione di altro corsetto gessato;2;Humanitas
20/03/2013;;;;;;;9353;9353 - Applicazione di altro corsetto gessato;2;Humanitas
20/03/2013;09:14;09:49;CAMPANA GAIBOR PAOLO NICOL;M;26/02/1999;;7825;7825 - Accorciamento del femore;3;Humanitas
20/03/2013;;;;;;;7825;7825 - Accorciamento del femore;3;Humanitas
20/03/2013;10:43;11:56;CRIVELLARO ALESSANDRO;M;22/06/1996;;7865;7865 - Rimozione di dispositivo impiantato dal femore;3;Humanitas
20/03/2013;;;;;;;7865;7865 - Rimozione di dispositivo impiantato dal femore;3;Humanitas
20/03/2013;;;;;;;7867;7867 - Rimozione di dispositivo impiantato da tibia e fib…;3;Humanitas
20/03/2013;13:29;15:52;GAROFALO INES PIA;F;27/05/2000;;7735;7735 - Altra sezione del femore;3;Humanitas
20/03/2013;;;;;;;8375;8375 - Trasposizione o trapianto di tendini;3;Humanitas
20/03/2013;;;;;;;9353;9353 - Applicazione di altro corsetto gessato;3;Humanitas
03/04/2013;08:50;09:12;POGLIANI FEDERICO;M;25/05/2000;;8118;8118 - Artroeresi dell’articolazione sottoastragalica;3;Humanitas
03/04/2013;;;;;;;8385;8385 - Altri cambiamenti di lunghezza di muscoli e tendin…;3;Humanitas
03/04/2013;;;;;;;9929;9929 - Iniezione o infusione di altre sostanze terapeutic…;3;Humanitas
03/04/2013;;;;;;;9353;9353 - Applicazione di altro corsetto gessato;3;Humanitas
03/04/2013;10:22;11:49;MANDRIANI STEFANO;M;14/03/2001;;7835;7835 - Allungamento del femore;3;Humanitas
03/04/2013;;;;;;;8385;8385 - Altri cambiamenti di lunghezza di muscoli e tendin…;3;Humanitas
03/04/2013;13:38;16:53;DELLA ROCCA FRANCESCA;F;06/07/1993;;7739;7739 - Altra sezione di altre ossa, escluse quelle faccia…;3;Humanitas
03/04/2013;;;;;;;7727;7727 - Resezione cuneiforme della tibia e fibula;3;Humanitas
10/04/2013;15:43;17:41;KHARCHENKO ANNA;F;07/09/2003;;7739;7739 - Altra sezione di altre ossa, escluse quelle faccia…;3;Humanitas
10/04/2013;;;;;;;7725;7725 - Resezione cuneiforme del femore;3;Humanitas
16/04/2013;08:11;08:30;D'AGOSTINO FRANCESCO;M;23/11/1992;;8385;8385 - Altri cambiamenti di lunghezza di muscoli e tendin…;3;Humanitas
16/04/2013;;;;;;;8385;8385 - Altri cambiamenti di lunghezza di muscoli e tendin…;3;Humanitas
16/04/2013;;;;;;;9929;9929 - Iniezione o infusione di altre sostanze terapeutic…;3;Humanitas
16/04/2013;;;;;;;9929;9929 - Iniezione o infusione di altre sostanze terapeutic…;3;Humanitas
16/04/2013;11:11;11:46;GALLIONE ELISA STEFANIA;F;14/11/1979;;8385;8385 - Altri cambiamenti di lunghezza di muscoli e tendin…;3;Humanitas
16/04/2013;;;;;;;8385;8385 - Altri cambiamenti di lunghezza di muscoli e tendin…;3;Humanitas
16/04/2013;;;;;;;9353;9353 - Applicazione di altro corsetto gessato;3;Humanitas
16/04/2013;;;;;;;9353;9353 - Applicazione di altro corsetto gessato;3;Humanitas
17/04/2013;08:05;08:27;ANDOLFATTO DAVIDE;M;05/08/2001;;9929;9929 - Iniezione o infusione di altre sostanze terapeutic…;2;Humanitas
17/04/2013;;;;;;;9929;9929 - Iniezione o infusione di altre sostanze terapeutic…;2;Humanitas
17/04/2013;;;;;;;9353;9353 - Applicazione di altro corsetto gessato;2;Humanitas
17/04/2013;;;;;;;9353;9353 - Applicazione di altro corsetto gessato;2;Humanitas
17/04/2013;09:01;09:14;VACCA BEATRICE;F;04/03/1998;;8118;8118 - Artroeresi dell’articolazione sottoastragalica;2;Humanitas
17/04/2013;10:10;11:42;FANASCA CHIARA;F;24/10/1999;;8385;8385 - Altri cambiamenti di lunghezza di muscoli e tendin…;2;Humanitas
17/04/2013;;;;;;;8385;8385 - Altri cambiamenti di lunghezza di muscoli e tendin…;2;Humanitas
17/04/2013;;;;;;;8375;8375 - Trasposizione o trapianto di tendini;2;Humanitas
17/04/2013;;;;;;;9353;9353 - Applicazione di altro corsetto gessato;2;Humanitas
17/04/2013;;;;;;;9353;9353 - Applicazione di altro corsetto gessato;2;Humanitas
17/04/2013;12:36;15:59;CASTELLANI ALBERTO;M;23/12/1983;;8385;8385 - Altri cambiamenti di lunghezza di muscoli e tendin…;2;Humanitas
30/04/2013;08:08;08:19;GIGLIOTTI STEFANO;M;14/04/2000;;8118;8118 - Artroeresi dell’articolazione sottoastragalica;1;Humanitas
30/04/2013;09:13;09:46;DE SANCTIS DOROTEA;F;02/09/2002;;8385;8385 - Altri cambiamenti di lunghezza di muscoli e tendin…;2;Humanitas
30/04/2013;;;;;;;8385;8385 - Altri cambiamenti di lunghezza di muscoli e tendin…;2;Humanitas
30/04/2013;10:41;10:50;MOCCHI GAIA;F;28/07/2001;;8118;8118 - Artroeresi dell’articolazione sottoastragalica;1;Humanitas
30/04/2013;12:02;13:30;TRIANNI DANILO;M;07/03/1998;;7865;7865 - Rimozione di dispositivo impiantato dal femore;2;Humanitas
30/04/2013;;;;;;;7865;7865 - Rimozione di dispositivo impiantato dal femore;2;Humanitas
14/05/2013;08:26;08:45;MOISI STEFAN ANDREI;M;39388;13017628;9929;9929 - Iniezione o infusione di altre sostanze terapeutic…;2;Humanitas
14/05/2013;;;;;;13017628;9353;9353 - Applicazione di altro corsetto gessato;2;Humanitas
14/05/2013;;;;;;13017628;9353;9353 - Applicazione di altro corsetto gessato;2;Humanitas
14/05/2013;09:26;10:28;RICCA ERIKA;F;37186;13017579;8385;8385 - Altri cambiamenti di lunghezza di muscoli e tendin…;2;Humanitas
14/05/2013;;;;;;13017579;8385;8385 - Altri cambiamenti di lunghezza di muscoli e tendin…;2;Humanitas
14/05/2013;;;;;;13017579;9353;9353 - Applicazione di altro corsetto gessato;2;Humanitas
14/05/2013;;;;;;13017579;9353;9353 - Applicazione di altro corsetto gessato;2;Humanitas
14/05/2013;15:55;18:05;CONGIU FRANCESCO;M;34928;13017564;7725;7725 - Resezione cuneiforme del femore;3;Humanitas
14/05/2013;;;;;;13017564;7725;7725 - Resezione cuneiforme del femore;3;Humanitas
15/05/2013;13:55;16:40;IBELLO MARTA;F;35655;13017765;7865;7865 - Rimozione di dispositivo impiantato dal femore;3;Humanitas
15/05/2013;;;;;;13017765;7725;7725 - Resezione cuneiforme del femore;3;Humanitas
15/05/2013;;;;;;13017765;8385;8385 - Altri cambiamenti di lunghezza di muscoli e tendin…;3;Humanitas
15/05/2013;;;;;;13017765;8385;8385 - Altri cambiamenti di lunghezza di muscoli e tendin…;3;Humanitas
15/05/2013;;;;;;13017765;8114;8114 - Fusione mediotarsica;3;Humanitas
15/05/2013;;;;;;13017765;8114;8114 - Fusione mediotarsica;3;Humanitas
15/05/2013;;;;;;13017765;7728;7728 - Resezione cuneiforme del tarso e metatarso;3;Humanitas
15/05/2013;;;;;;13017765;7728;7728 - Resezione cuneiforme del tarso e metatarso;3;Humanitas
15/05/2013;;;;;;13017765;9353;9353 - Applicazione di altro corsetto gessato;3;Humanitas
15/05/2013;;;;;;13017765;9353;9353 - Applicazione di altro corsetto gessato;3;Humanitas
22/05/2013;12:02;13:04;NOCE GIOVANNA;F;17802;13018764;8114;8114 - Fusione mediotarsica;3;Humanitas
22/05/2013;;;;;;13018764;7728;7728 - Resezione cuneiforme del tarso e metatarso;3;Humanitas
22/05/2013;;;;;;13018764;8385;8385 - Altri cambiamenti di lunghezza di muscoli e tendin…;3;Humanitas
22/05/2013;;;;;;13018764;9353;9353 - Applicazione di altro corsetto gessato;3;Humanitas
22/05/2013;13:59;14:07;DI CARLO SILVIA;F;38733;13018816;9929;9929 - Iniezione o infusione di altre sostanze terapeutic…;2;Humanitas
22/05/2013;;;;;;13018816;9353;9353 - Applicazione di altro corsetto gessato;2;Humanitas
22/05/2013;14:46;14:52;PORZANI LEONARDO;M;36783;13018810;8118;8118 - Artroeresi dell’articolazione sottoastragalica;2;Humanitas
05/06/2013;08:17;08:27;EPIS LUCA ANSELMO;M;36388;13020700;8118;8118 - Artroeresi dell’articolazione sottoastragalica;2;Humanitas
05/06/2013;09:01;09:10;ARMANO ALESSANDRO;M;35681;13020705;8118;8118 - Artroeresi dell’articolazione sottoastragalica;2;Humanitas
05/06/2013;09:40;09:49;FANIZZI DAVIDE;M;37570;13020718;8118;8118 - Artroeresi dell’articolazione sottoastragalica;2;Humanitas
05/06/2013;;;;;;13020718;9929;9929 - Iniezione o infusione di altre sostanze terapeutic…;2;Humanitas
05/06/2013;10:40;10:47;TRESOLDI MASSIMILIANO;M;26184;13020723;9929;9929 - Iniezione o infusione di altre sostanze terapeutic…;2;Humanitas
05/06/2013;;;;;;13020723;9929;9929 - Iniezione o infusione di altre sostanze terapeutic…;2;Humanitas
05/06/2013;11:37;11:40;HARIRI IMANE;F;35606;13020755;9929;9929 - Iniezione o infusione di altre sostanze terapeutic…;2;Humanitas
05/06/2013;12:47;13:33;MARELLI LORENZO;M;33513;13020766;8385;8385 - Altri cambiamenti di lunghezza di muscoli e tendin…;2;Humanitas
05/06/2013;;;;;;13020766;8375;8375 - Trasposizione o trapianto di tendini;2;Humanitas
05/06/2013;;;;;;13020766;9353;9353 - Applicazione di altro corsetto gessato;2;Humanitas
05/06/2013;14:28;15:49;HADDAR KARIM;M;37568;13020765;8385;8385 - Altri cambiamenti di lunghezza di muscoli e tendin…;2;Humanitas
05/06/2013;;;;;;13020765;8375;8375 - Trasposizione o trapianto di tendini;2;Humanitas
11/06/2013;13:36;16:23;DI NUNNO FRANCESCA;F;37081;13021443;7739;7739 - Altra sezione di altre ossa, escluse quelle faccia…;3;Humanitas
11/06/2013;;;;;;13021443;7725;7725 - Resezione cuneiforme del femore;3;Humanitas
12/06/2013;08:05;08:09;CAMPANELLI ANNA;F;38255;13021667;9929;9929 - Iniezione o infusione di altre sostanze terapeutic…;3;Humanitas
12/06/2013;;;;;;13021667;9929;9929 - Iniezione o infusione di altre sostanze terapeutic…;3;Humanitas
12/06/2013;08:40;08:53;ZANARDO LORENA;F;35597;13021666;8118;8118 - Artroeresi dell’articolazione sottoastragalica;2;Humanitas
12/06/2013;09:21;09:41;DEMARTIS PIETRO;M;35962;13021669;8118;8118 - Artroeresi dell’articolazione sottoastragalica;1;Humanitas
12/06/2013;10:20;10:26;BORRONI RICCARDO;M;36692;13021699;8118;8118 - Artroeresi dell’articolazione sottoastragalica;2;Humanitas
12/06/2013;14:35;15:57;ANTONELLO MARTA;F;37204;13021732;7865;7865 - Rimozione di dispositivo impiantato dal femore;2;Humanitas
12/06/2013;;;;;;13021732;8385;8385 - Altri cambiamenti di lunghezza di muscoli e tendin…;2;Humanitas
12/06/2013;;;;;;13021732;8385;8385 - Altri cambiamenti di lunghezza di muscoli e tendin…;2;Humanitas
12/06/2013;;;;;;13021732;8832;8832 - Artrografia con contrasto;2;Humanitas
12/06/2013;;;;;;13021732;8192;8192 - Iniezione di sostanze terapeutiche nell’articolazi…;2;Humanitas
15/07/2013;11:27;12:56;SULKA BAJAME;F;21692;2013009843;7705;7705 - Sequestrectomia del femore;3;Galeazzi
15/07/2013;13:51;14:37;PONZELLETTI GIUSEPPE;M;20237;2013009839;7707;7707 - Sequestrectomia della tibia e fibula;3;Galeazzi
18/07/2013;15:00;16:46;GRECU BIANCA MARIANA;F;33190;2013009869;7705;7705 - Sequestrectomia del femore;3;Galeazzi
18/07/2013;;;;;;2013009869;8455;8455 - Inserzione di sostanza riempitiva dell’osso;3;Galeazzi
18/07/2013;;;;;;2013009869;9159;9159 - Esame microscopico di campione di sistema muscolos…;3;Galeazzi
18/07/2013;;;;;;2013009869;9153;9153 - Esame microscopico di campione di sistema muscolos…;3;Galeazzi
18/07/2013;17:36;20:34;CALDIROLA ANTONIETTA;F;10868;2013009958;8005;8005 - Artrotomia per rimozione di protesi dell’anca;4;Galeazzi
18/07/2013;;;;;;2013009958;9153;9153 - Esame microscopico di campione di sistema muscolos…;4;Galeazzi
02/09/2013;14:58;15:13;BIANCHI LAURA;F;23422;2013010756;7867;7867 - Rimozione di dispositivo impiantato da tibia e fib…;1;Galeazzi
05/09/2013;17:48;20:03;GIOMETTI ENZO;M;16652;2013010901;8457;8457 - Rimozione spaziatore di cemento;3;Galeazzi
05/09/2013;;;;;;2013010901;70;70 - Revisione di protesi d’anca, sia acetabolare che d…;3;Galeazzi
05/09/2013;;;;;;2013010901;77;77 - Superficie di appoggio della protesi d’anca, ceram…;3;Galeazzi
05/09/2013;14:06;16:39;GIUNTINI ENZO;M;18246;2013010892;70;70 - Revisione di protesi d’anca, sia acetabolare che d…;4;Galeazzi
05/09/2013;;;;;;2013010892;77;77 - Superficie di appoggio della protesi d’anca, ceram…;4;Galeazzi
05/09/2013;;;;;;2013010892;8457;8457 - Rimozione spaziatore di cemento;4;Galeazzi
05/09/2013;;;;;;2013010892;9153;9153 - Esame microscopico di campione di sistema muscolos…;4;Galeazzi
05/09/2013;08:15;11:13;MAZZOCCHETTI GABRIELE;M;22108;2013010902;70;70 - Revisione di protesi d’anca, sia acetabolare che d…;5;Galeazzi
05/09/2013;;;;;;2013010902;8457;8457 - Rimozione spaziatore di cemento;5;Galeazzi
05/09/2013;;;;;;2013010902;76;76 - Superficie di appoggio della protesi d’anca, ceram…;5;Galeazzi
05/09/2013;;;;;;2013010902;9153;9153 - Esame microscopico di campione di sistema muscolos…;5;Galeazzi
09/09/2013;15:05;17:18;BRUNO PIERA;F;17771;2013011616;8005;8005 - Artrotomia per rimozione di protesi dell’anca;3;Galeazzi
09/09/2013;;;;;;2013011616;72;72 - Revisione della protesi d’anca, componente femoral…;3;Galeazzi
09/09/2013;;;;;;2013011616;76;76 - Superficie di appoggio della protesi d’anca, ceram…;3;Galeazzi
09/09/2013;;;;;;2013011616;9153;9153 - Esame microscopico di campione di sistema muscolos…;3;Galeazzi
09/09/2013;;;;;;2013011616;9159;9159 - Esame microscopico di campione di sistema muscolos…;3;Galeazzi
09/09/2013;17:03;18:41;PRESTI MATTEO;M;13323;2013011024;8417;8417 - Amputazione al di sopra del ginocchio;4;Galeazzi
09/09/2013;18:02;20:10;SOZZI DOMENICO;M;13111;2013011580;8005;8005 - Artrotomia per rimozione di protesi dell’anca;4;Galeazzi
09/09/2013;;;;;;2013011580;8456;8456 - Inserzione spaziatore di cemento;4;Galeazzi
09/09/2013;;;;;;2013011580;9153;9153 - Esame microscopico di campione di sistema muscolos…;4;Galeazzi
09/09/2013;19:24;19:55;ZINGARELLO MICHELE;M;18088;2013011131;7867;7867 - Rimozione di dispositivo impiantato da tibia e fib…;3;Galeazzi
09/09/2013;;;;;;2013011131;7868;7868 - Rimozione di dispositivo impiantato da tarso e met…;3;Galeazzi
10/10/2013;17:00;19:41;GATTI ANGELA;F;20063;2013012688;8457;8457 - Rimozione spaziatore di cemento;3;Galeazzi
10/10/2013;;;;;;2013012688;71;71 - Revisione della protesi d’anca, componente acetabo…;3;Galeazzi
10/10/2013;;;;;;2013012688;74;74 - Superficie di appoggio della protesi d’anca, metal…;3;Galeazzi
17/10/2013;11:50;12:31;PEREIRA DE SOUZA SERGIO;M;26053;2013013087;8364;8364 - Altra sutura di tendini;3;Galeazzi
17/10/2013;;;;;;2013013087;9354;9354 - Applicazione di stecca;3;Galeazzi
21/10/2013;11:25;13:47;CRISTIANO FRANCESCA;F;13242;2013012179;8005;8005 - Artrotomia per rimozione di protesi dell’anca;4;Galeazzi
21/10/2013;;;;;;2013012179;8456;8456 - Inserzione spaziatore di cemento;4;Galeazzi
21/10/2013;;;;;;2013012179;9153;9153 - Esame microscopico di campione di sistema muscolos…;4;Galeazzi
21/10/2013;19:47;20:03;FUSCALDI MICHELE ANTONIO;M;34429;2013013285;7867;7867 - Rimozione di dispositivo impiantato da tibia e fib…;1;Galeazzi
21/10/2013;15:08;17:14;PRINCI CATERINA;F;15912;2013012350;8457;8457 - Rimozione spaziatore di cemento;4;Galeazzi
21/10/2013;;;;;;2013012350;8456;8456 - Inserzione spaziatore di cemento;4;Galeazzi
21/10/2013;18:11;19:11;SCHIRALDI GIUSEPPE;M;21495;2013013180;7702;7702 - Sequestrectomia dell’omero;3;Galeazzi
24/10/2013;18:24;21:42;D'AMBROSIO ANGELA;F;17713;2013013406;8457;8457 - Rimozione spaziatore di cemento;4;Galeazzi
24/10/2013;;;;;;2013013406;80;80 - Revisione della protesi di ginocchio, totale (tutt…;4;Galeazzi
24/10/2013;;;;;;2013013406;9153;9153 - Esame microscopico di campione di sistema muscolos…;4;Galeazzi
24/10/2013;09:02;11:51;NOLINI VALENTINO;M;13554;2013013378;8457;8457 - Rimozione spaziatore di cemento;3;Galeazzi
24/10/2013;;;;;;2013013378;70;70 - Revisione di protesi d’anca, sia acetabolare che d…;3;Galeazzi
24/10/2013;13:33;15:22;PASSERINI MARGHERITA MARIA;F;19250;2013012807;7817;7817 - Applicazione di fissatore esterno di tibia e fibul…;4;Galeazzi
31/10/2013;14:51;15:58;LAIACONA MARIA;F;20193;2013013782;7705;7705 - Sequestrectomia del femore;3;Galeazzi
31/10/2013;;;;;;2013013782;8455;8455 - Inserzione di sostanza riempitiva dell’osso;3;Galeazzi
31/10/2013;16:44;20:05;MANCINELLI CESARE;M;16567;2013013789;8456;8456 - Inserzione spaziatore di cemento;2;Galeazzi
31/10/2013;;;;;;2013013789;8005;8005 - Artrotomia per rimozione di protesi dell’anca;2;Galeazzi
04/11/2013;17:32;20:40;ODORIOSIO FRANCESCO;M;45314;2013013934;70;70 - Revisione di protesi d’anca, sia acetabolare che d…;4;Galeazzi
04/11/2013;;;;;;2013013934;8455;8455 - Inserzione di sostanza riempitiva dell’osso;4;Galeazzi
04/11/2013;;;;;;2013013934;8005;8005 - Artrotomia per rimozione di protesi dell’anca;4;Galeazzi
07/11/2013;08:34;10:13;CALI' ANGELA;F;13305;2013014089;8154;8154 - Sostituzione totale del ginocchio;4;Galeazzi
07/11/2013;11:47;12:37;D'ANDREA ADA;F;20861;2013014114;8026;8026 - Artroscopia del ginocchio;3;Galeazzi
07/11/2013;;;;;;2013014114;806;806 - Asportazione di cartilagine semilunare del ginocch…;3;Galeazzi
07/11/2013;;;;;;2013014114;8145;8145 - Altra riparazione dei legamenti crociati;3;Galeazzi
07/11/2013;;;;;;2013014114;4107;4107 - Trapianto autologo di cellule staminali con depura…;3;Galeazzi
07/11/2013;19:00;20:13;DE NUNZIO ANGELINA;F;20735;2013013931;8456;8456 - Inserzione spaziatore di cemento;3;Galeazzi
07/11/2013;;;;;;2013013931;8095;8095 - Altra asportazione dell’articolazione dell’anca;3;Galeazzi
07/11/2013;13:54;15:08;GATTI ANGELA;F;20063;2013014069;7985;7985 - Riduzione cruenta di lussazione dell’anca;3;Galeazzi
11/11/2013;14:44;17:33;MATTAROZZI UMBERTO;M;18740;2013014306;8006;8006 - Artrotomia per rimozione di protesi del ginocchio;4;Galeazzi
11/11/2013;;;;;;2013014306;8456;8456 - Inserzione spaziatore di cemento;4;Galeazzi
14/11/2013;14:19;15:58;CRIPPA LUCA;M;32993;2013014511;8145;8145 - Altra riparazione dei legamenti crociati;3;Galeazzi
14/11/2013;;;;;;2013014511;8026;8026 - Artroscopia del ginocchio;3;Galeazzi
14/11/2013;16:54;17:29;FAZIO ROSA;F;17466;2013014493;7867;7867 - Rimozione di dispositivo impiantato da tibia e fib…;1;Galeazzi
18/11/2013;13:52;16:14;ALTROCCHI MARIO GEROLAMO;M;15076;2013014625;8456;8456 - Inserzione spaziatore di cemento;4;Galeazzi
18/11/2013;;;;;;2013014625;8005;8005 - Artrotomia per rimozione di protesi dell’anca;4;Galeazzi
18/11/2013;;;;;;2013014625;9173;9173 - Esame microscopico di campione di ferita operatori…;4;Galeazzi
18/11/2013;17:23;19:28;MECONI LUIGI;M;14905;2013014462;7787;7787 - Altra osteotomia parziale della tibia e della fibu…;3;Galeazzi
18/11/2013;;;;;;2013014462;7817;7817 - Applicazione di fissatore esterno di tibia e fibul…;3;Galeazzi
18/11/2013;;;;;;2013014462;7707;7707 - Sequestrectomia della tibia e fibula;3;Galeazzi
18/11/2013;;;;;;2013014462;8456;8456 - Inserzione spaziatore di cemento;3;Galeazzi
21/11/2013;08:11;08:59;PITTURAZZI FABRIZIO IVANO;M;24594;2013014696;8364;8364 - Altra sutura di tendini;1;Galeazzi
25/11/2013;15:10;17:00;FLOCCO GIUSTINA;F;13204;2013014826;8154;8154 - Sostituzione totale del ginocchio;3;Galeazzi
28/11/2013;15:34;17:34;NAPOLITANO FIORINDA;F;46680;2013015031;8456;8456 - Inserzione spaziatore di cemento;4;Galeazzi
28/11/2013;;;;;;2013015031;8005;8005 - Artrotomia per rimozione di protesi dell’anca;4;Galeazzi
28/11/2013;;;;;;2013015031;9153;9153 - Esame microscopico di campione di sistema muscolos…;4;Galeazzi
28/11/2013;18:47;19:47;SEGALA LUIGI ADRIANO;M;14541;2013015186;7705;7705 - Sequestrectomia del femore;3;Galeazzi
02/12/2013;08:23;09:41;COLUSSI CLAUDIA;F;22663;2013015874;7930;7930 - Riduzione cruenta di frattura con fissazione inter…;1;Galeazzi
02/12/2013;17:32;18:23;LOSAPIO LUCIANO;M;27715;2013015412;8364;8364 - Altra sutura di tendini;1;Galeazzi
02/12/2013;;;;;;2013015412;9354;9354 - Applicazione di stecca;1;Galeazzi
05/12/2013;17:51;19:42;GIUPPONI LIDIA;F;15750;2013015607;8456;8456 - Inserzione spaziatore di cemento;4;Galeazzi
05/12/2013;;;;;;2013015607;8006;8006 - Artrotomia per rimozione di protesi del ginocchio;4;Galeazzi
09/12/2013;17:16;19:25;BONFANTI DANIELE PIO;M;20958;2013015813;8456;8456 - Inserzione spaziatore di cemento;3;Galeazzi
09/12/2013;;;;;;2013015813;8006;8006 - Artrotomia per rimozione di protesi del ginocchio;3;Galeazzi
09/12/2013;15:20;15:37;TACELLI ANGELA;F;22601;2013015786;7862;7862 - Rimozione di dispositivo impiantato dall’omero;1;Galeazzi
12/12/2013;10:29;11:12;RESTELLI ROSSANA;F;18083;2013015966;8027;8027 - Artroscopia della caviglia;3;Galeazzi
12/12/2013;;;;;;2013015966;8087;8087 - Altra asportazione o demolizione locale di lesione…;3;Galeazzi
16/12/2013;15:06;16:03;RUSI RIFAT;M;34763;2013015962;7707;7707 - Sequestrectomia della tibia e fibula;3;Galeazzi
16/12/2013;;;;;;2013015962;8455;8455 - Inserzione di sostanza riempitiva dell’osso;3;Galeazzi
19/12/2013;08:09;08:25;FUSCALDI MICHELE;M;34429;2013016307;7867;7867 - Rimozione di dispositivo impiantato da tibia e fib…;1;Galeazzi
19/12/2013;;;;;;2013016307;9353;9353 - Applicazione di altro corsetto gessato;1;Galeazzi
09/01/2014;12:00;14:10;MARMO RAFFAELE;M;35847;2014000159;7867;7867 - Rimozione di dispositivo impiantato da tibia e fib…;3;Galeazzi
09/01/2014;;;;;;2014000159;7707;7707 - Sequestrectomia della tibia e fibula;3;Galeazzi
09/01/2014;;;;;;2014000159;8455;8455 - Inserzione di sostanza riempitiva dell’osso;3;Galeazzi
09/01/2014;;;;;;2014000159;7817;7817 - Applicazione di fissatore esterno di tibia e fibul…;3;Galeazzi
09/01/2014;;;;;;2014000159;9153;9153 - Esame microscopico di campione di sistema muscolos…;3;Galeazzi
09/01/2014;15:47;17:07;MELI FRANCESCO;M;22514;2014000219;8005;8005 - Artrotomia per rimozione di protesi dell’anca;3;Galeazzi
09/01/2014;;;;;;2014000219;8456;8456 - Inserzione spaziatore di cemento;3;Galeazzi
09/01/2014;10:32;11:09;RICCHIUTI LUCIA;F;21222;2014000181;7751;7751 - Asportazione di borsite con correzione dei tessuti…;2;Galeazzi
09/01/2014;;;;;;2014000181;7780;7780 - Altra osteotomia parziale in sede non specificata;2;Galeazzi
13/01/2014;11:28;12:18;GENCHINI ROBERTO;M;24627;2014000367;8364;8364 - Altra sutura di tendini;1;Galeazzi
13/01/2014;15:35;17:45;LISCIO ADA MARIA;F;17030;2014000169;8456;8456 - Inserzione spaziatore di cemento;3;Galeazzi
13/01/2014;;;;;;2014000169;8005;8005 - Artrotomia per rimozione di protesi dell’anca;3;Galeazzi
13/01/2014;;;;;;2014000169;9153;9153 - Esame microscopico di campione di sistema muscolos…;3;Galeazzi
16/01/2014;18:33;19:58;BORMOLINI MARIA DOMENICA;F;21731;2014000528;8005;8005 - Artrotomia per rimozione di protesi dell’anca;4;Galeazzi
16/01/2014;;;;;;2014000528;9153;9153 - Esame microscopico di campione di sistema muscolos…;4;Galeazzi
16/01/2014;;;;;;2014000528;8456;8456 - Inserzione spaziatore di cemento;4;Galeazzi
16/01/2014;16:09;17:36;KUFLIUK LIUDMYLA;F;22757;2014000549;7707;7707 - Sequestrectomia della tibia e fibula;3;Galeazzi
16/01/2014;;;;;;2014000549;8455;8455 - Inserzione di sostanza riempitiva dell’osso;3;Galeazzi
16/01/2014;;;;;;2014000549;9153;9153 - Esame microscopico di campione di sistema muscolos…;3;Galeazzi
16/01/2014;;;;;;2014000549;9159;9159 - Esame microscopico di campione di sistema muscolos…;3;Galeazzi
20/01/2014;14:25;14:45;CANDIAGO LUCIA;F;13349;2014000758;8074;8074 - Sinoviectomia della mano e delle dita della mano;3;Galeazzi
20/01/2014;;;;;;2014000758;9159;9159 - Esame microscopico di campione di sistema muscolos…;3;Galeazzi
23/01/2014;08:54;10:46;DE NUNZIO ANGELINA;F;20735;2014000869;8457;8457 - Rimozione spaziatore di cemento;3;Galeazzi
23/01/2014;;;;;;2014000869;8153;8153 - Revisione di sostituzione dell’anca non altrimenti…;3;Galeazzi
23/01/2014;;;;;;2014000869;76;76 - Superficie di appoggio della protesi d’anca, ceram…;3;Galeazzi
23/01/2014;15:54;16:50;GIRARDI CARMELA;F;23028;2014000903;7707;7707 - Sequestrectomia della tibia e fibula;3;Galeazzi
23/01/2014;;;;;;2014000903;7705;7705 - Sequestrectomia del femore;3;Galeazzi
23/01/2014;;;;;;2014000903;8455;8455 - Inserzione di sostanza riempitiva dell’osso;3;Galeazzi
23/01/2014;12:10;14:35;MONFELI ALDO;M;11148;2014000871;8006;8006 - Artrotomia per rimozione di protesi del ginocchio;3;Galeazzi
23/01/2014;;;;;;2014000871;8456;8456 - Inserzione spaziatore di cemento;3;Galeazzi
23/01/2014;;;;;;2014000871;9172;9172 - Esame microscopico di campione di ferita operatori…;3;Galeazzi
23/01/2014;18:05;21:10;SORIENTE VINCENZO;M;26455;2014000872;7707;7707 - Sequestrectomia della tibia e fibula;4;Galeazzi
23/01/2014;;;;;;2014000872;7817;7817 - Applicazione di fissatore esterno di tibia e fibul…;4;Galeazzi
23/01/2014;;;;;;2014000872;7867;7867 - Rimozione di dispositivo impiantato da tibia e fib…;4;Galeazzi
23/01/2014;;;;;;2014000872;7787;7787 - Altra osteotomia parziale della tibia e della fibu…;4;Galeazzi
27/01/2014;13:52;16:01;ADORNI ARIODANTE;M;15429;2014001095;8151;8151 - Sostituzione totale dell’anca;4;Galeazzi
27/01/2014;;;;;;2014001095;76;76 - Superficie di appoggio della protesi d’anca, ceram…;4;Galeazzi
27/01/2014;17:24;19:01;DE LUCIA ROSA;F;21150;2014001026;8016;8016 - Altra artrotomia del ginocchio;3;Galeazzi
27/01/2014;;;;;;2014001026;8455;8455 - Inserzione di sostanza riempitiva dell’osso;3;Galeazzi
27/01/2014;12:13;12:40;ROSSI GIOVANNI;M;24111;2014001100;8364;8364 - Altra sutura di tendini;4;Galeazzi
27/01/2014;;;;;;2014001100;9159;9159 - Esame microscopico di campione di sistema muscolos…;4;Galeazzi
30/01/2014;12:37;15:07;CRISTIANO FRANCESCA;F;13242;2014001234;8153;8153 - Revisione di sostituzione dell’anca non altrimenti…;4;Galeazzi
30/01/2014;;;;;;2014001234;8457;8457 - Rimozione spaziatore di cemento;4;Galeazzi
30/01/2014;;;;;;2014001234;8455;8455 - Inserzione di sostanza riempitiva dell’osso;4;Galeazzi
30/01/2014;17:12;19:12;GIUPPONI LIDIA;F;15750;2014001259;8457;8457 - Rimozione spaziatore di cemento;3;Galeazzi
30/01/2014;;;;;;2014001259;80;80 - Revisione della protesi di ginocchio, totale (tutt…;3;Galeazzi
30/01/2014;08:36;09:22;MARCHESI ALESSIO;M;27975;2014001190;8364;8364 - Altra sutura di tendini;3;Galeazzi
30/01/2014;;;;;;2014001190;9159;9159 - Esame microscopico di campione di sistema muscolos…;3;Galeazzi
30/01/2014;10:24;11:19;SGAMBETTERRA ANGELA;F;19097;2014001096;8072;8072 - Sinoviectomia del gomito;3;Galeazzi
30/01/2014;;;;;;2014001096;8012;8012 - Altra artrotomia del gomito;3;Galeazzi
30/01/2014;;;;;;2014001096;7749;7749 - Biopsia di altre ossa, ad eccezione di quelle facc…;3;Galeazzi
30/01/2014;;;;;;2014001096;8321;8321 - Biopsia dei tessuti molli;3;Galeazzi
30/01/2014;;;;;;2014001096;9153;9153 - Esame microscopico di campione di sistema muscolos…;3;Galeazzi
06/02/2014;15:21;17:23;DEL SORDO GIUSEPPINA;F;15966;2014001584;8457;8457 - Rimozione spaziatore di cemento;3;Galeazzi
06/02/2014;;;;;;2014001584;8455;8455 - Inserzione di sostanza riempitiva dell’osso;3;Galeazzi
06/02/2014;;;;;;2014001584;80;80 - Revisione della protesi di ginocchio, totale (tutt…;3;Galeazzi
06/02/2014;12:18;13:04;MARESCA GIOVANNA;F;14709;2014001578;7863;7863 - Rimozione di dispositivo impiantato da radio e uln…;3;Galeazzi
06/02/2014;18:23;20:05;SORIENTE VINCENZO;M;26455;2014000872;7817;7817 - Applicazione di fissatore esterno di tibia e fibul…;4;Galeazzi
06/02/2014;;;;;;2014000872;7737;7737 - Altra sezione della tibia e fibula;4;Galeazzi
10/02/2014;13:53;15:38;AUFIERO CARMELINDA;F;20287;2014001580;73;73 - Revisione della protesi d’anca, inserto acetabolar…;4;Galeazzi
10/02/2014;;;;;;2014001580;8455;8455 - Inserzione di sostanza riempitiva dell’osso;4;Galeazzi
10/02/2014;;;;;;2014001580;9153;9153 - Esame microscopico di campione di sistema muscolos…;4;Galeazzi
10/02/2014;;;;;;2014001580;9159;9159 - Esame microscopico di campione di sistema muscolos…;4;Galeazzi
10/02/2014;;;;;;2014001580;76;76 - Superficie di appoggio della protesi d’anca, ceram…;4;Galeazzi
10/02/2014;18:58;19:32;RECCHIA FILOMENA;F;15083;2014001741;8001;8001 - Artrotomia per rimozione di protesi della spalla;5;Galeazzi
10/02/2014;;;;;;2014001741;8455;8455 - Inserzione di sostanza riempitiva dell’osso;5;Galeazzi
10/02/2014;;;;;;2014001741;9153;9153 - Esame microscopico di campione di sistema muscolos…;5;Galeazzi
10/02/2014;;;;;;2014001741;7705;7705 - Sequestrectomia del femore;5;Galeazzi
13/02/2014;15:45;18:30;ANTONAZZO GAETANO;M;14126;2014001975;8006;8006 - Artrotomia per rimozione di protesi del ginocchio;3;Galeazzi
13/02/2014;;;;;;2014001975;8456;8456 - Inserzione spaziatore di cemento;3;Galeazzi
13/02/2014;;;;;;2014001975;9153;9153 - Esame microscopico di campione di sistema muscolos…;3;Galeazzi
13/02/2014;;;;;;2014001975;9159;9159 - Esame microscopico di campione di sistema muscolos…;3;Galeazzi
13/02/2014;19:39;22:42;GALICI SILVANA;F;11059;2014001982;80;80 - Revisione della protesi di ginocchio, totale (tutt…;3;Galeazzi
13/02/2014;;;;;;2014001982;8006;8006 - Artrotomia per rimozione di protesi del ginocchio;3;Galeazzi
13/02/2014;;;;;;2014001982;9153;9153 - Esame microscopico di campione di sistema muscolos…;3;Galeazzi
20/02/2014;14:28;16:45;MECONI LUIGI;M;;2014002178;8457;8457 - Rimozione spaziatore di cemento;3;Galeazzi
20/02/2014;;;;;;2014002178;7797;7797 - Ostectomia totale della tibia e della fibula;3;Galeazzi
20/02/2014;;;;;;2014002178;7817;7817 - Applicazione di fissatore esterno di tibia e fibul…;3;Galeazzi
20/02/2014;17:58;19:40;MEJIA DE ALAS ROSA ADRIANA;F;19364;2014002356;8417;8417 - Amputazione al di sopra del ginocchio;3;Galeazzi
24/02/2014;17:53;17:53;GERVASONI ANNA;F;14489;2014002550;8457;8457 - Rimozione spaziatore di cemento;4;Galeazzi
24/02/2014;;;;;;2014002550;8456;8456 - Inserzione spaziatore di cemento;4;Galeazzi
24/02/2014;;;;;;2014002550;7705;7705 - Sequestrectomia del femore;4;Galeazzi
24/02/2014;;;;;;2014002550;9153;9153 - Esame microscopico di campione di sistema muscolos…;4;Galeazzi
27/02/2014;14:30;14:30;ESTREFI EDUART;M;32827;2014002548;7709;7709 - Sequestrectomia di altre ossa, escluse quelle facc…;2;Galeazzi
27/02/2014;;;;;;2014002548;7869;7869 - Rimozione di dispositivo impiantato da altre ossa;2;Galeazzi
27/02/2014;12:58;12:58;GIANNINI LORENZO;M;36386;2014002737;7913;7913 - Riduzione incruenta di frattura di carpo e metacar…;3;Galeazzi
27/02/2014;11:04;11:04;RE CECCONI TIZIANA;F;28832;2014002707;7917;7917 - Riduzione incruenta di frattura del tarso e metata…;3;Galeazzi
27/02/2014;08:33;08:33;SANNINO RAFFAELINA;F;18830;2014002717;8154;8154 - Sostituzione totale del ginocchio;3;Galeazzi
03/03/2014;16:55;16:55;SANVITO MAIA;F;17447;2014002888;8005;8005 - Artrotomia per rimozione di protesi dell’anca;4;Galeazzi
03/03/2014;;;;;;2014002888;8456;8456 - Inserzione spaziatore di cemento;4;Galeazzi
03/03/2014;;;;;;2014002888;9153;9153 - Esame microscopico di campione di sistema muscolos…;4;Galeazzi
03/03/2014;;;;;;2014002888;9159;9159 - Esame microscopico di campione di sistema muscolos…;4;Galeazzi
06/03/2014;11:57;12:20;LURASCHI PIERA PASQUALINA;F;20309;2014003054;80;80 - Revisione della protesi di ginocchio, totale (tutt…;3;Galeazzi
06/03/2014;;;;;;2014003054;8457;8457 - Rimozione spaziatore di cemento;3;Galeazzi
06/03/2014;;;;;;2014003054;9153;9153 - Esame microscopico di campione di sistema muscolos…;3;Galeazzi
06/03/2014;;;;;;2014003054;9159;9159 - Esame microscopico di campione di sistema muscolos…;3;Galeazzi
06/03/2014;15:24;17:17;SCAGLIONI MARIO;M;15884;2014003055;8006;8006 - Artrotomia per rimozione di protesi del ginocchio;4;Galeazzi
06/03/2014;;;;;;2014003055;8456;8456 - Inserzione spaziatore di cemento;4;Galeazzi
06/03/2014;;;;;;2014003055;9153;9153 - Esame microscopico di campione di sistema muscolos…;4;Galeazzi
10/03/2014;17:10;19:22;AMELIO AMLETO;M;23892;2014003821;8456;8456 - Inserzione spaziatore di cemento;3;Galeazzi
10/03/2014;;;;;;2014003821;8005;8005 - Artrotomia per rimozione di protesi dell’anca;3;Galeazzi
10/03/2014;;;;;;2014003821;9153;9153 - Esame microscopico di campione di sistema muscolos…;3;Galeazzi
10/03/2014;08:29;11:09;CAMPO ANTONINA;F;15125;2014003199;80;80 - Revisione della protesi di ginocchio, totale (tutt…;3;Galeazzi
10/03/2014;;;;;;2014003199;8006;8006 - Artrotomia per rimozione di protesi del ginocchio;3;Galeazzi
10/03/2014;;;;;;2014003199;9153;9153 - Esame microscopico di campione di sistema muscolos…;3;Galeazzi
10/03/2014;;;;;;2014003199;9159;9159 - Esame microscopico di campione di sistema muscolos…;3;Galeazzi
11/03/2014;16:40;18:18;TARCA RICCARDO;M;35895;2014003331;7867;7867 - Rimozione di dispositivo impiantato da tibia e fib…;5;Galeazzi
11/03/2014;;;;;;2014003331;8472;8472 - Applicazione di fissatore esterno, sistema ad anel…;5;Galeazzi
11/03/2014;;;;;;2014003331;7807;7807 - Innesto osseo della tibia e fibula;5;Galeazzi
13/03/2014;08:42;11:19;MATTAROZZI UMBERTO;M;18740;2014003410;80;80 - Revisione della protesi di ginocchio, totale (tutt…;4;Galeazzi
13/03/2014;;;;;;2014003410;8457;8457 - Rimozione spaziatore di cemento;4;Galeazzi
13/03/2014;;;;;;2014003410;9153;9153 - Esame microscopico di campione di sistema muscolos…;4;Galeazzi
13/03/2014;15:20;17:40;PRINCI CATERINA;F;15912;2014003452;8457;8457 - Rimozione spaziatore di cemento;4;Galeazzi
13/03/2014;;;;;;2014003452;70;70 - Revisione di protesi d’anca, sia acetabolare che d…;4;Galeazzi
13/03/2014;;;;;;2014003452;9153;9153 - Esame microscopico di campione di sistema muscolos…;4;Galeazzi
17/03/2014;17:53;19:10;GALLI LUISA;F;16642;2014003475;7707;7707 - Sequestrectomia della tibia e fibula;1;Galeazzi
17/03/2014;;;;;;2014003475;7867;7867 - Rimozione di dispositivo impiantato da tibia e fib…;1;Galeazzi
17/03/2014;;;;;;2014003475;9153;9153 - Esame microscopico di campione di sistema muscolos…;1;Galeazzi
20/03/2014;15:06;16:39;ANTEZZA ALESSANDRA;F;13441;2014003774;8151;8151 - Sostituzione totale dell’anca;4;Galeazzi
20/03/2014;;;;;;2014003774;9153;9153 - Esame microscopico di campione di sistema muscolos…;4;Galeazzi
20/03/2014;;;;;;2014003774;9159;9159 - Esame microscopico di campione di sistema muscolos…;4;Galeazzi
20/03/2014;11:28;13:22;COLLEDAN ADRIANA;F;13983;2014003633;8456;8456 - Inserzione spaziatore di cemento;4;Galeazzi
20/03/2014;;;;;;2014003633;8006;8006 - Artrotomia per rimozione di protesi del ginocchio;4;Galeazzi
20/03/2014;;;;;;2014003633;9153;9153 - Esame microscopico di campione di sistema muscolos…;4;Galeazzi
20/03/2014;08:23;10:06;MOLLO ANNA MARIA;F;16637;2014003770;8151;8151 - Sostituzione totale dell’anca;4;Galeazzi
24/03/2014;18:48;19:24;MOTTA ADRIANO;M;17684;2014003994;8364;8364 - Altra sutura di tendini;3;Galeazzi
24/03/2014;17:37;18:12;SELVA BARBARA;F;25908;2014003996;7867;7867 - Rimozione di dispositivo impiantato da tibia e fib…;1;Galeazzi
24/03/2014;;;;;;2014003996;7868;7868 - Rimozione di dispositivo impiantato da tarso e met…;1;Galeazzi
27/03/2014;15:28;18:45;EL ORFEI JALAL A MOHAMED;M;23705;2014004100;7815;7815 - Applicazione di fissatore esterno del femore;4;Galeazzi
27/03/2014;;;;;;2014004100;7705;7705 - Sequestrectomia del femore;4;Galeazzi
27/03/2014;;;;;;2014004100;8015;8015 - Altra artrotomia dell’anca;4;Galeazzi
27/03/2014;;;;;;2014004100;9153;9153 - Esame microscopico di campione di sistema muscolos…;4;Galeazzi
27/03/2014;;;;;;2014004100;8085;8085 - Altra asportazione o demolizione locale di lesione…;4;Galeazzi
27/03/2014;12:02;13:29;FARAOANU EUSEBIU;M;25307;2014004155;7705;7705 - Sequestrectomia del femore;3;Galeazzi
27/03/2014;;;;;;2014004155;9153;9153 - Esame microscopico di campione di sistema muscolos…;3;Galeazzi
07/04/2014;08:36;11:31;MELI FRANCESCO;M;22514;2014004367;8457;8457 - Rimozione spaziatore di cemento;3;Galeazzi
07/04/2014;;;;;;2014004367;70;70 - Revisione di protesi d’anca, sia acetabolare che d…;3;Galeazzi
07/04/2014;;;;;;2014004367;9153;9153 - Esame microscopico di campione di sistema muscolos…;3;Galeazzi
07/04/2014;12:57;14:08;MOLTENI ALESSANDRA;F;17842;2014004729;7865;7865 - Rimozione di dispositivo impiantato dal femore;3;Galeazzi
07/04/2014;;;;;;2014004729;8391;8391 - Lisi di aderenze di muscoli, tendini, fasce e bors…;3;Galeazzi
07/04/2014;17:37;19:21;RIGNANESE FRANCESCO;M;14948;2014004671;8005;8005 - Artrotomia per rimozione di protesi dell’anca;3;Galeazzi
07/04/2014;;;;;;2014004671;8456;8456 - Inserzione spaziatore di cemento;3;Galeazzi
07/04/2014;;;;;;2014004671;9153;9153 - Esame microscopico di campione di sistema muscolos…;3;Galeazzi
07/04/2014;15:28;16:16;SORIENTE VINCENZO;M;26455;2014004734;7817;7817 - Applicazione di fissatore esterno di tibia e fibul…;3;Galeazzi
10/04/2014;15:37;17:14;GERVASONI CELESTINA;F;17475;2014004884;8456;8456 - Inserzione spaziatore di cemento;4;Galeazzi
10/04/2014;;;;;;2014004884;8006;8006 - Artrotomia per rimozione di protesi del ginocchio;4;Galeazzi
10/04/2014;;;;;;2014004884;9153;9153 - Esame microscopico di campione di sistema muscolos…;4;Galeazzi
10/04/2014;;;;;;2014004884;9159;9159 - Esame microscopico di campione di sistema muscolos…;4;Galeazzi
10/04/2014;18:08;18:42;VAGLIA LORIS;M;26474;2014004915;8088;8088 - Altra asportazione o demolizione locale di lesione…;3;Galeazzi
14/04/2014;15:24;17:28;NAPOLITANO FIORINDA;F;46680;2014004864;8457;8457 - Rimozione spaziatore di cemento;4;Galeazzi
14/04/2014;;;;;;2014004864;70;70 - Revisione di protesi d’anca, sia acetabolare che d…;4;Galeazzi
14/04/2014;;;;;;2014004864;9153;9153 - Esame microscopico di campione di sistema muscolos…;4;Galeazzi
17/04/2014;12:14;12:22;MARMO RAFFAELE;M;35847;2014005235;7867;7867 - Rimozione di dispositivo impiantato da tibia e fib…;1;Galeazzi
05/05/2014;09:02;09:32;MANCINI MARINA CHIARA;F;21409;2014005884;7909;7909 - Riduzione incruenta di frattura di altro osso spec…;3;Galeazzi
29/05/2014;10:04;11:16;DEL MURO GIOVANNA;F;24069;2014007207;7705;7705 - Sequestrectomia del femore;3;Galeazzi
29/05/2014;;;;;;2014007207;8455;8455 - Inserzione di sostanza riempitiva dell’osso;3;Galeazzi
29/05/2014;;;;;;2014007207;9153;9153 - Esame microscopico di campione di sistema muscolos…;3;Galeazzi
29/05/2014;;;;;;2014007207;9159;9159 - Esame microscopico di campione di sistema muscolos…;3;Galeazzi
29/05/2014;08:18;09:10;GUARINI TERESA LINDA;F;28656;2014007209;7909;7909 - Riduzione incruenta di frattura di altro osso spec…;3;Galeazzi
29/05/2014;17:47;19:21;MECONI LUIGI;M;14905;2014006462;7817;7817 - Applicazione di fissatore esterno di tibia e fibul…;3;Galeazzi
29/05/2014;12:01;13:41;ZAZZERILUIGI RENATO ALDO;M;18579;2014007212;8456;8456 - Inserzione spaziatore di cemento;4;Galeazzi
29/05/2014;;;;;;2014007212;9153;9153 - Esame microscopico di campione di sistema muscolos…;4;Galeazzi
29/05/2014;;;;;;2014007212;9159;9159 - Esame microscopico di campione di sistema muscolos…;4;Galeazzi
09/06/2014;16:52;17:18;BENZONI SIMONE;M;34596;2014007218;8604;8604 - Altra incisione con drenaggio della cute e del tes…;1;Galeazzi
09/06/2014;11:23;14:13;GERVASONI ANNA;F;14489;2014007739;8457;8457 - Rimozione spaziatore di cemento;3;Galeazzi
09/06/2014;;;;;;2014007739;80;80 - Revisione della protesi di ginocchio, totale (tutt…;3;Galeazzi
09/06/2014;18:31;20:13;MANGINI CARLA;F;19693;2014007326;8456;8456 - Inserzione spaziatore di cemento;4;Galeazzi
09/06/2014;08:18;08:34;MARMO RAFFAELE;M;35847;2014007677;7867;7867 - Rimozione di dispositivo impiantato da tibia e fib…;1;Galeazzi
12/06/2014;15:13;16:31;LAURIOLA MICHELE;M;22206;2014007873;7707;7707 - Sequestrectomia della tibia e fibula;3;Galeazzi
12/06/2014;;;;;;2014007873;8455;8455 - Inserzione di sostanza riempitiva dell’osso;3;Galeazzi
12/06/2014;;;;;;2014007873;9153;9153 - Esame microscopico di campione di sistema muscolos…;3;Galeazzi
12/06/2014;17:45;20:29;OTTAVIANI ANGELA;F;17177;2014007876;8456;8456 - Inserzione spaziatore di cemento;3;Galeazzi
12/06/2014;;;;;;2014007876;8005;8005 - Artrotomia per rimozione di protesi dell’anca;3;Galeazzi
12/06/2014;;;;;;2014007876;9153;9153 - Esame microscopico di campione di sistema muscolos…;3;Galeazzi
16/06/2014;15:58;17:30;BOTTAZZARI EMANUELE ALFREDO;M;24841;2014008039;7936;7936 - Riduzione cruenta di frattura di tibia e fibula, c…;3;Galeazzi
16/06/2014;11:33;11:58;CAPARELLO NICOLA PAOLO;M;36070;2014008097;7867;7867 - Rimozione di dispositivo impiantato da tibia e fib…;1;Galeazzi
16/06/2014;18:47;19:03;MEJIA DE ALAS ROSA ADRIANA;F;19364;2014008094;8622;8622 - Rimozione asportativa di ferita, infezione o ustio…;1;Galeazzi
16/06/2014;;;;;;2014008094;9153;9153 - Esame microscopico di campione di sistema muscolos…;1;Galeazzi
16/06/2014;13:45;14:42;SORIENTE VINCENZO;M;26455;2014008101;7817;7817 - Applicazione di fissatore esterno di tibia e fibul…;3;Galeazzi
19/06/2014;15:00;17:43;VOLPE DONATO;M;18669;2014008224;7817;7817 - Applicazione di fissatore esterno di tibia e fibul…;3;Galeazzi
26/06/2014;11:54;15:01;ANTONAZZO GAETANO;M;14126;2014007875;81;81 - Revisione della protesi di ginocchio, componente t…;3;Galeazzi
26/06/2014;;;;;;2014007875;84;84 - Revisione della protesi di ginocchio, inserto tibi…;3;Galeazzi
26/06/2014;;;;;;2014007875;9153;9153 - Esame microscopico di campione di sistema muscolos…;3;Galeazzi
26/06/2014;;;;;;2014007875;9159;9159 - Esame microscopico di campione di sistema muscolos…;3;Galeazzi
26/06/2014;08:23;10:49;GERVASONI CELESTINA;F;17475;2014008618;8457;8457 - Rimozione spaziatore di cemento;3;Galeazzi
26/06/2014;;;;;;2014008618;80;80 - Revisione della protesi di ginocchio, totale (tutt…;3;Galeazzi
25/07/2014;08:55;10:45;GIRLANDO ANNA MARIA;F;30/07/1947;2014015700;8154;8154 - Sostituzione totale del ginocchio;3;Lecco
25/07/2014;12:19;14:10;FANCHINI ANTONIA;F;19/03/1931;2014015759;7915;7915 - Riduzione incruenta di frattura del femore, con fi…;3;Lecco
28/07/2014;08:43;10:27;POSA VINCENZA;F;28/03/1931;2014015862;8151;8151 - Sostituzione totale dell’anca;3;Lecco
28/07/2014;12:04;13:15;FUMAGALLI MARCO;M;06/02/1965;2014015417;7930;7930 - Riduzione cruenta di frattura con fissazione inter…;3;Lecco
28/07/2014;14:04;14:15;DEVIZZI DONATELLO;M;26/05/1973;2014015771;7867;7867 - Rimozione di dispositivo impiantato da tibia e fib…;2;Lecco
28/07/2014;;;;;;2014015771;8622;8622 - Rimozione asportativa di ferita, infezione o ustio…;2;Lecco
29/07/2014;16:24;17:04;PIGAZZINI ANDREA;M;24/04/1990;2014016147;8244;8244 - Altra sutura dei tendini flessori della mano;2;Lecco
30/07/2014;08:16;08:18;MEMISHA KUDRET;M;01/09/1940;2014016116;7867;7867 - Rimozione di dispositivo impiantato da tibia e fib…;2;Lecco
30/07/2014;08:39;11:15;ARTANA MARCO;M;12/11/1974;2014016031;8622;8622 - Rimozione asportativa di ferita, infezione o ustio…;2;Lecco
30/07/2014;;;;;;2014016031;7779;7779 - Prelievo di altre ossa per innesto;2;Lecco
30/07/2014;;;;;;2014016031;7802;7802 - Innesto osseo dell’omero;2;Lecco
30/07/2014;;;;;;2014016031;7862;7862 - Rimozione di dispositivo impiantato dall’omero;2;Lecco
30/07/2014;;;;;;2014016031;7812;7812 - Applicazione di fissatore esterno dell’omero;2;Lecco
30/07/2014;12:25;12:40;CHAHID MOHAMED;M;10/06/1999;2014016114;7859;7859 - Fissazione interna di altro osso, senza riduzione …;2;Lecco
06/08/2014;09:03;09:23;WADE NDEYE FATOUTHIEBO;F;10/02/1970;2014016585;8026;8026 - Artroscopia del ginocchio;2;Lecco
06/08/2014;09:45;10:07;BALASSO WALTER;M;17/11/1967;2014016584;8026;8026 - Artroscopia del ginocchio;2;Lecco
06/08/2014;;;;;;2014016584;806;806 - Asportazione di cartilagine semilunare del ginocch…;2;Lecco
06/08/2014;10:30;10:51;VATTIMO CLARA;F;12/09/1985;2014016586;8026;8026 - Artroscopia del ginocchio;2;Lecco
06/08/2014;;;;;;2014016586;806;806 - Asportazione di cartilagine semilunare del ginocch…;2;Lecco
06/08/2014;11:15;11:24;RAVASIO BRUNO;M;08/10/1937;2014016588;8201;8201 - Esplorazione della fascia tendinea della mano;2;Lecco
06/08/2014;11:46;12:05;MORGANA ANGELO;M;29/08/1975;2014016589;8201;8201 - Esplorazione della fascia tendinea della mano;2;Lecco
08/08/2014;08:40;10:00;AMELIA FRANCESCA MARIA;F;05/04/2001;2014016743;7837;7837 - Allungamento di tibia e fibula;3;Lecco
08/08/2014;;;;;;2014016743;7817;7817 - Applicazione di fissatore esterno di tibia e fibul…;3;Lecco
08/08/2014;;;;;;2014016743;7825;7825 - Accorciamento del femore;3;Lecco
08/08/2014;11:15;12:00;GAZZANI ALBERTO GIOVANNI;M;22/10/1965;2014016752;7918;7918 - Riduzione incruenta di frattura delle falangi del …;3;Lecco
08/08/2014;13:00;14:15;BOLZICCO MARIO;M;17469;2014016670;7767;7767 - Asportazione locale di lesione o tessuto di tibia …;3;Lecco
08/08/2014;;;;;;2014016670;7996;7996 - Interventi non specificati su lesione della tibia …;3;Lecco
08/08/2014;;;;;;2014016670;7817;7817 - Applicazione di fissatore esterno di tibia e fibul…;3;Lecco
01/09/2014;09:45;11:32;NESSI ALFREDO;M;16/10/1992;2014017991;8026;8026 - Artroscopia del ginocchio;3;Lecco
01/09/2014;;;;;;2014017991;8145;8145 - Altra riparazione dei legamenti crociati;3;Lecco
01/09/2014;;;;;;2014017991;8341;8341 - Asportazione di tendini per innesti;3;Lecco
01/09/2014;12:33;12:52;AMOLINI ANGELO;M;08/08/1966;2014017988;835;835 - Correzione di blefaroptosi con tecnica tarsale;2;Lecco
03/09/2014;09:05;09:27;RIZZETTO CINZIA;F;21/10/1973;2014018289;806;806 - Asportazione di cartilagine semilunare del ginocch…;2;Lecco
03/09/2014;;;;;;2014018289;8026;8026 - Artroscopia del ginocchio;2;Lecco
03/09/2014;09:55;10:22;DE GIGLIO CARMELO;M;19/06/1968;2014018290;806;806 - Asportazione di cartilagine semilunare del ginocch…;2;Lecco
03/09/2014;;;;;;2014018290;8026;8026 - Artroscopia del ginocchio;2;Lecco
09/09/2014;09:10;10:20;REDAELLI ANDREA;M;10/07/1991;2014018718;8145;8145 - Altra riparazione dei legamenti crociati;4;Lecco
09/09/2014;;;;;;2014018718;8026;8026 - Artroscopia del ginocchio;4;Lecco
09/09/2014;11:30;13:00;TARALLO DIEGO;M;19/04/1994;2014018719;7865;7865 - Rimozione di dispositivo impiantato dal femore;3;Lecco
09/09/2014;;;;;;2014018719;7861;7861 - Rimozione di dispositivo impiantato da scapola, cl…;3;Lecco
09/09/2014;13:47;14:13;GULIA MARGHERITA;F;27/10/1969;2014018717;8026;8026 - Artroscopia del ginocchio;2;Lecco
09/09/2014;;;;;;2014018717;806;806 - Asportazione di cartilagine semilunare del ginocch…;2;Lecco
09/09/2014;15:26;16:20;MCPHEE PAUL DAVID;M;08/11/1982;2014018800;7936;7936 - Riduzione cruenta di frattura di tibia e fibula, c…;2;Lecco
09/09/2014;;;;;;2014018800;9354;9354 - Applicazione di stecca;2;Lecco
11/09/2014;08:45;09:30;MANGIONI EMILIO;M;22/04/1926;2014018349;8152;8152 - Sostituzione parziale dell’anca;3;Lecco
11/09/2014;10:30;11:28;COLOSIMO NICOLA;M;24/11/1962;2014018935;8364;8364 - Altra sutura di tendini;3;Lecco
11/09/2014;12:28;14:45;ROBERTO PASQUALE;M;21/10/1979;2014018936;7851;7851 - Fissazione interna di scapola, clavicola e torace …;2;Lecco
11/09/2014;;;;;;2014018936;7779;7779 - Prelievo di altre ossa per innesto;2;Lecco
15/09/2014;09:00;11:15;FERRARIO GIORGIO;M;18/02/1947;2014019086;8153;8153 - Revisione di sostituzione dell’anca non altrimenti…;4;Lecco
15/09/2014;;;;;;2014019086;7865;7865 - Rimozione di dispositivo impiantato dal femore;4;Lecco
15/09/2014;;;;;;2014019086;9173;9173 - Esame microscopico di campione di ferita operatori…;4;Lecco
15/09/2014;12:47;13:04;SANTO MAURO;M;03/12/1961;2014018347;7819;7819 - Applicazione di fissatore esterno di altro osso;4;Lecco
15/09/2014;13:41;13:45;MARONI LUIGI;M;13/01/1979;2014019088;7867;7867 - Rimozione di dispositivo impiantato da tibia e fib…;2;Lecco
15/09/2014;;;;;;2014019088;9354;9354 - Applicazione di stecca;2;Lecco
15/09/2014;14:30;16:30;TONIONI EMILIO;M;22/07/1965;2014019167;7916;7916 - Riduzione incruenta di frattura della tibia e dell…;3;Lecco
17/09/2014;09:13;09:40;CAMBARERI MARIA GRAZIA;F;05/10/1949;2014019343;8026;8026 - Artroscopia del ginocchio;2;Lecco
17/09/2014;;;;;;2014019343;806;806 - Asportazione di cartilagine semilunare del ginocch…;2;Lecco
17/09/2014;;;;;;2014019343;8086;8086 - Altra asportazione o demolizione locale di lesione…;2;Lecco
17/09/2014;10:13;10:30;CONTI PAOLO;M;16/08/1960;2014019345;8026;8026 - Artroscopia del ginocchio;2;Lecco
17/09/2014;;;;;;2014019345;806;806 - Asportazione di cartilagine semilunare del ginocch…;2;Lecco
17/09/2014;12:04;12:19;CARSANA MARIO;M;14/05/1943;2014019346;443;443 - Liberazione del tunnel carpale;2;Lecco
17/09/2014;12:37;12:48;SALA MARIAPIA;F;12/06/1945;2014019347;8291;8291 - Lisi di aderenze della mano;2;Lecco
17/09/2014;13:13;13:22;NERVI PIER ANGELO;M;21/01/1972;2014019348;8291;8291 - Lisi di aderenze della mano;2;Lecco
18/09/2014;08:35;11:17;DELL'ORO AMEDEO;M;06/10/1960;2014018932;7814;7814 - Applicazione di fissatore esterno di carpo e metac…;4;Lecco
18/09/2014;;;;;;2014018932;7932;7932 - Riduzione cruenta di frattura del radio e dell’uln…;4;Lecco
18/09/2014;;;;;;2014018932;9354;9354 - Applicazione di stecca;4;Lecco
18/09/2014;13:21;14:15;LOMBARDI ANNA;F;27/07/1933;2014019487;8152;8152 - Sostituzione parziale dell’anca;3;Lecco
24/09/2014;09:10;10:55;BIANCHI DOMENICO;M;07/06/1947;2014019775;8151;8151 - Sostituzione totale dell’anca;2;Lecco
24/09/2014;11:50;13:00;RIGAMONTI MAURIZIA;F;04/03/1959;2014019906;8147;8147 - Altra riparazione del ginocchio;2;Lecco
24/09/2014;13:54;14:12;LONGHI RICCARDO;M;05/12/1998;2014019905;7868;7868 - Rimozione di dispositivo impiantato da tarso e met…;2;Lecco
25/09/2014;08:38;09:21;BELGERI GAIA;F;27/07/2008;2014020041;7912;7912 - Riduzione incruenta di frattura di radio e ulna, c…;2;Lecco
25/09/2014;;;;;;2014020041;9354;9354 - Applicazione di stecca;2;Lecco
25/09/2014;10:18;12:18;MOTTO CARLO;M;20/02/1954;2014019986;7897;7897 - Inserzione di stimolatore di crescita ossea sulla …;2;Lecco
25/09/2014;;;;;;2014019986;7817;7817 - Applicazione di fissatore esterno di tibia e fibul…;2;Lecco
25/09/2014;13:14;13:40;FERRA MARIA GIUSEPPA;F;04/07/1940;2014019910;7866;7866 - Rimozione di dispositivo impiantato dalla rotula;1;Lecco
25/09/2014;16:48;17:50;BORGATTI MARIA;F;04/03/1933;2014019721;8152;8152 - Sostituzione parziale dell’anca;3;Lecco
25/09/2014;20:05;20:43;BODEGA NADIA;F;30/04/1963;2014019909;7867;7867 - Rimozione di dispositivo impiantato da tibia e fib…;2;Lecco
26/09/2014;12:00;12:49;VERTEMATI STEFANO ALESSANDRO;M;12/08/1960;2014019735;7907;7907 - Riduzione incruenta di frattura di tarso e metatar…;2;Lecco
26/09/2014;13:33;13:50;SENATORE FABIOLA;F;10/02/1992;2014019912;7865;7865 - Rimozione di dispositivo impiantato dal femore;2;Lecco
26/09/2014;14:45;15:39;ORSINI ANTONIO;M;10/05/1975;2014020067;7757;7757 - Riparazione di dito ad artiglio;2;Lecco
30/09/2014;12:05;13:41;PASSONI NICHOLAS;M;01/07/1986;2014020341;8145;8145 - Altra riparazione dei legamenti crociati;3;Lecco
30/09/2014;;;;;;2014020341;8026;8026 - Artroscopia del ginocchio;3;Lecco
30/09/2014;;;;;;2014020341;8341;8341 - Asportazione di tendini per innesti;3;Lecco
01/10/2014;10:00;10:17;COMENSOLI MARINA;F;03/05/1960;2014020430;8026;8026 - Artroscopia del ginocchio;2;Lecco
01/10/2014;;;;;;2014020430;806;806 - Asportazione di cartilagine semilunare del ginocch…;2;Lecco
01/10/2014;;;;;;2014020430;8086;8086 - Altra asportazione o demolizione locale di lesione…;2;Lecco
01/10/2014;10:39;10:48;GIUSSANI ADELE;F;19/05/1928;2014020431;8291;8291 - Lisi di aderenze della mano;2;Lecco
01/10/2014;11:07;11:30;BETTINELLI BRUNO;M;17/10/1962;2014020429;806;806 - Asportazione di cartilagine semilunare del ginocch…;2;Lecco
01/10/2014;12:37;12:41;PANZERI GIUSEPPE;M;14/01/1942;2014020433;8291;8291 - Lisi di aderenze della mano;1;Lecco
01/10/2014;13:37;14:20;ZIKI ABDELALI;M;07/02/1987;2014020438;7863;7863 - Rimozione di dispositivo impiantato da radio e uln…;2;Lecco
02/10/2014;09:20;09:42;CODEGA IVO;M;20/09/1955;2014020532;806;806 - Asportazione di cartilagine semilunare del ginocch…;2;Lecco
02/10/2014;10:10;10:35;BONFANTI MATTIA FELICE;M;30/09/1988;2014020533;8026;8026 - Artroscopia del ginocchio;2;Lecco
02/10/2014;;;;;;2014020533;806;806 - Asportazione di cartilagine semilunare del ginocch…;2;Lecco
02/10/2014;11:06;11:20;PICCAMIGLIO CESARE;M;26/12/1941;2014020534;8026;8026 - Artroscopia del ginocchio;2;Lecco
02/10/2014;;;;;;2014020534;806;806 - Asportazione di cartilagine semilunare del ginocch…;2;Lecco
02/10/2014;;;;;;2014020534;8086;8086 - Altra asportazione o demolizione locale di lesione…;2;Lecco
02/10/2014;12:35;12:47;RATTI ROSA;F;01/05/1949;2014020535;443;443 - Liberazione del tunnel carpale;2;Lecco
02/10/2014;13:00;13:07;VALSECCHI CLAUDIO;M;18/04/1956;2014020536;8291;8291 - Lisi di aderenze della mano;2;Lecco
02/10/2014;13:22;13:35;GILARDI SIMONA;F;20/10/1961;2014020537;8291;8291 - Lisi di aderenze della mano;2;Lecco
08/10/2014;11:40;12:20;FOGLIENI BARBARA;F;12/11/1976;2014021048;8364;8364 - Altra sutura di tendini;2;Lecco
08/10/2014;;;;;;2014021048;9354;9354 - Applicazione di stecca;2;Lecco
08/10/2014;13:05;13:28;BONO FRANCESCO;M;14/07/1950;2014021009;7867;7867 - Rimozione di dispositivo impiantato da tibia e fib…;2;Lecco
08/10/2014;15:15;15:49;INVERNIZZI ANTONELLA;F;01/12/1979;2014021006;7867;7867 - Rimozione di dispositivo impiantato da tibia e fib…;2;Lecco
15/10/2014;09:12;09:42;MASSIRONI ANGELO;M;23/12/1956;2014021546;8026;8026 - Artroscopia del ginocchio;2;Lecco
15/10/2014;;;;;;2014021546;806;806 - Asportazione di cartilagine semilunare del ginocch…;2;Lecco
15/10/2014;;;;;;2014021546;8086;8086 - Altra asportazione o demolizione locale di lesione…;2;Lecco
15/10/2014;10:12;10:35;MERLO SAMUELE;M;03/02/1986;2014021551;8026;8026 - Artroscopia del ginocchio;2;Lecco
15/10/2014;;;;;;2014021551;806;806 - Asportazione di cartilagine semilunare del ginocch…;2;Lecco
15/10/2014;11:11;11:30;SPINELLI GIANNI PIETRO;M;17/07/1955;2014021548;8026;8026 - Artroscopia del ginocchio;2;Lecco
15/10/2014;;;;;;2014021548;806;806 - Asportazione di cartilagine semilunare del ginocch…;2;Lecco
15/10/2014;12:21;12:30;SABADINI AMBROGIO;M;08/03/1937;2014021552;8391;8391 - Lisi di aderenze di muscoli, tendini, fasce e bors…;2;Lecco
15/10/2014;12:47;12:54;MAURI MARIA TERESA;F;25/11/1943;2014021553;8391;8391 - Lisi di aderenze di muscoli, tendini, fasce e bors…;2;Lecco
15/10/2014;13:20;13:44;CURTO ISABEL ELENA;F;05/07/1986;2014021554;7867;7867 - Rimozione di dispositivo impiantato da tibia e fib…;2;Lecco
16/10/2014;08:44;10:15;PAONE SILVANA;F;04/04/1942;2014021631;8151;8151 - Sostituzione totale dell’anca;3;Lecco
16/10/2014;11:48;12:25;PRINA GIOVANNI;M;18/07/1947;2014021662;9326;9326 - Rottura manuale di aderenze articolari;3;Lecco
17/10/2014;08:31;10:56;GUGLIELMANA ADRIANA;F;05/03/1942;2014021659;8151;8151 - Sostituzione totale dell’anca;3;Lecco
17/10/2014;12:15;13:55;FAZZINI FERDINANDO;M;03/02/1947;2014021557;7867;7867 - Rimozione di dispositivo impiantato da tibia e fib…;2;Lecco
20/10/2014;09:10;10:40;DI SANTE DI LUCA DANIELA;F;03/04/1964;2014021733;8153;8153 - Revisione di sostituzione dell’anca non altrimenti…;3;Lecco
20/10/2014;12:58;13:55;MANTIA UMBERTO;M;19/08/1957;2014021737;8235;8235 - Altra fascectomia della mano;2;Lecco
20/10/2014;18:15;19:01;CIRESA MARTA;F;10/02/1972;2014022002;8364;8364 - Altra sutura di tendini;3;Lecco
20/10/2014;20:00;20:59;BERI PAOLA;F;12/01/1975;2014021975;7936;7936 - Riduzione cruenta di frattura di tibia e fibula, c…;2;Lecco
20/10/2014;;;;;;2014021975;9354;9354 - Applicazione di stecca;2;Lecco
21/10/2014;08:38;10:10;TRANSUNTO PAOLO;M;07/02/1961;2014021940;8151;8151 - Sostituzione totale dell’anca;3;Lecco
21/10/2014;11:29;13:06;FARMESCHI MATTEO;M;19/01/2000;2014021735;7835;7835 - Allungamento del femore;3;Lecco
21/10/2014;;;;;;2014021735;7815;7815 - Applicazione di fissatore esterno del femore;3;Lecco
21/10/2014;;;;;;2014021735;7835;7835 - Allungamento del femore;3;Lecco
21/10/2014;;;;;;2014021735;7815;7815 - Applicazione di fissatore esterno del femore;3;Lecco
23/10/2014;12:18;12:46;LARESE NICOLINA;F;05/01/1958;2014022184;7867;7867 - Rimozione di dispositivo impiantato da tibia e fib…;2;Lecco
23/10/2014;13:15;13:42;GAMBA CLARICE;F;08/11/1934;2014022183;7751;7751 - Asportazione di borsite con correzione dei tessuti…;2;Lecco
29/10/2014;10:08;10:51;TONELLO FABIA;F;04/09/1958;2014022667;8026;8026 - Artroscopia del ginocchio;2;Lecco
29/10/2014;;;;;;2014022667;806;806 - Asportazione di cartilagine semilunare del ginocch…;2;Lecco
29/10/2014;;;;;;2014022667;8086;8086 - Altra asportazione o demolizione locale di lesione…;2;Lecco
29/10/2014;11:28;11:51;CORTI ELENA;F;21/09/1954;2014022669;8391;8391 - Lisi di aderenze di muscoli, tendini, fasce e bors…;2;Lecco
29/10/2014;11:59;12:10;POMONI DAVIDE;M;18/03/1969;2014022670;7867;7867 - Rimozione di dispositivo impiantato da tibia e fib…;2;Lecco
29/10/2014;12:35;12:55;BARBAGELATA FERMO;M;08/08/1944;2014022671;443;443 - Liberazione del tunnel carpale;2;Lecco
29/10/2014;;;;;;2014022671;8391;8391 - Lisi di aderenze di muscoli, tendini, fasce e bors…;2;Lecco
29/10/2014;13:51;14:20;FRIGERIO ANTONIO;M;13/08/1956;2014022668;8026;8026 - Artroscopia del ginocchio;2;Lecco
29/10/2014;;;;;;2014022668;806;806 - Asportazione di cartilagine semilunare del ginocch…;2;Lecco
29/10/2014;;;;;;2014022668;8096;8096 - Altra asportazione dell’articolazione del ginocchi…;2;Lecco
30/10/2014;08:31;08:54;PLEBANI DANIELA;F;03/03/1963;2014022754;8026;8026 - Artroscopia del ginocchio;3;Lecco
30/10/2014;;;;;;2014022754;806;806 - Asportazione di cartilagine semilunare del ginocch…;3;Lecco
30/10/2014;;;;;;2014022754;8086;8086 - Altra asportazione o demolizione locale di lesione…;3;Lecco
30/10/2014;09:55;11:30;CURTO ALESSANDRO;M;14/11/1988;2014022753;8145;8145 - Altra riparazione dei legamenti crociati;2;Lecco
30/10/2014;;;;;;2014022753;8026;8026 - Artroscopia del ginocchio;2;Lecco
30/10/2014;11:28;11:51;CORTI MARIA;F;02/07/1939;2014022768;443;443 - Liberazione del tunnel carpale;1;Lecco
30/10/2014;13:06;13:30;FRIGERIO TERESINA;F;09/09/1934;2014022769;443;443 - Liberazione del tunnel carpale;1;Lecco
04/11/2014;10:35;11:45;MOLTENI ROSA GIUSEPPINA;F;02/10/1933;2014023239;7935;7935 - Riduzione cruenta di frattura del femore, con fiss…;2;Lecco
04/11/2014;;;;;;2014023239;7902;7902 - Riduzione incruenta di frattura di radio e ulna se…;2;Lecco
04/11/2014;;;;;;2014023239;9354;9354 - Applicazione di stecca;2;Lecco
05/11/2014;08:57;09:30;MAURI MARIA CARMEN;F;02/11/1961;2014023248;806;806 - Asportazione di cartilagine semilunare del ginocch…;2;Lecco
05/11/2014;;;;;;2014023248;8026;8026 - Artroscopia del ginocchio;2;Lecco
05/11/2014;;;;;;2014023248;8076;8076 - Sinoviectomia del ginocchio;2;Lecco
05/11/2014;10:02;10:38;BASILI FILIPPO;M;07/03/1969;2014023249;8026;8026 - Artroscopia del ginocchio;2;Lecco
05/11/2014;;;;;;2014023249;806;806 - Asportazione di cartilagine semilunare del ginocch…;2;Lecco
05/11/2014;;;;;;2014023249;8086;8086 - Altra asportazione o demolizione locale di lesione…;2;Lecco
05/11/2014;11:15;11:30;ARLATI FLORINDA;F;05/07/1958;2014023250;8026;8026 - Artroscopia del ginocchio;2;Lecco
05/11/2014;;;;;;2014023250;8086;8086 - Altra asportazione o demolizione locale di lesione…;2;Lecco
05/11/2014;11:48;11:55;DE CAPITANI GABRIELLA;F;15/11/1945;2014023251;8391;8391 - Lisi di aderenze di muscoli, tendini, fasce e bors…;2;Lecco
05/11/2014;12:38;12:48;DENTI LUCIA;F;23/09/1958;2014023252;8391;8391 - Lisi di aderenze di muscoli, tendini, fasce e bors…;1;Lecco
05/11/2014;13:44;13:55;CESTARI SILVIA;F;07/05/1962;2014023253;8391;8391 - Lisi di aderenze di muscoli, tendini, fasce e bors…;1;Lecco
06/11/2014;11:45;13:55;BERETTA LUIGI;M;22/04/1946;2014023086;7996;7996 - Interventi non specificati su lesione della tibia …;3;Lecco
06/11/2014;;;;;;2014023086;8622;8622 - Rimozione asportativa di ferita, infezione o ustio…;3;Lecco
06/11/2014;;;;;;2014023086;7818;7818 - Applicazione di fissatore esterno di tarso e metat…;3;Lecco
06/11/2014;;;;;;2014023086;7818;7818 - Applicazione di fissatore esterno di tarso e metat…;3;Lecco
10/11/2014;08:45;09:15;CASAPINTA MARIA ANNA;F;09/03/1970;2014023446;449;449 - Altre decompressioni dei nervi periferici e dei ga…;2;Lecco
10/11/2014;12:12;12:46;ISACCHI ANNA MARIA;F;14/12/1943;2014023447;7863;7863 - Rimozione di dispositivo impiantato da radio e uln…;2;Lecco
12/11/2014;09:12;09:40;CARENINI LUCA;M;01/11/1993;2014023775;806;806 - Asportazione di cartilagine semilunare del ginocch…;2;Lecco
12/11/2014;;;;;;2014023775;8026;8026 - Artroscopia del ginocchio;2;Lecco
12/11/2014;10:31;10:46;KENDE SAYBATU;M;02/12/1992;2014023777;8026;8026 - Artroscopia del ginocchio;2;Lecco
12/11/2014;11:19;11:51;LIETO RITA;F;30/07/1936;2014023778;8391;8391 - Lisi di aderenze di muscoli, tendini, fasce e bors…;2;Lecco
12/11/2014;12:55;13:17;DI SANZO DOMENICA;F;17/03/1965;2014023779;443;443 - Liberazione del tunnel carpale;2;Lecco
12/11/2014;;;;;;2014023779;8391;8391 - Lisi di aderenze di muscoli, tendini, fasce e bors…;2;Lecco
14/11/2014;11:25;12:40;COLSA ROSANNA;F;24/11/1934;2014023937;7931;7931 - Riduzione cruenta di frattura dell’omero con fissa…;3;Lecco
17/11/2014;09:07;10:26;SCHENA GIACOMO;M;31/03/1957;2014023970;8363;8363 - Riparazione della cuffia dei rotatori;3;Lecco
17/11/2014;;;;;;2014023970;8183;8183 - Altra riparazione della spalla;3;Lecco
17/11/2014;11:50;12:35;VILLA AMBROGINA;F;12/10/1928;2014024152;8152;8152 - Sostituzione parziale dell’anca;3;Lecco
17/11/2014;13:39;14:20;ACCIUOLO GIOVANNI;M;18/05/1934;2014023967;7996;7996 - Interventi non specificati su lesione della tibia …;2;Lecco
20/11/2014;13:15;13:37;PARUZZI FRANCESCO;M;09/05/1960;2014024400;7861;7861 - Rimozione di dispositivo impiantato da scapola, cl…;2;Lecco
28/11/2014;20:08;20:16;GALBUSERA ALBERTO;M;05/01/1987;2014025230;7971;7971 - Riduzione incruenta di lussazione della spalla;2;Lecco
02/12/2014;08:52;09:45;LOSA BRUNO VIRGILIO;M;19/04/1951;2014025335;8235;8235 - Altra fascectomia della mano;2;Lecco
02/12/2014;12:27;13:07;FALCONE ALESSANDRO;M;07/01/1972;2014025333;7863;7863 - Rimozione di dispositivo impiantato da radio e uln…;2;Lecco
02/12/2014;12:47;15:15;LONGHITANO MARIA ROSA;F;01/02/1967;2014025372;7915;7915 - Riduzione incruenta di frattura del femore, con fi…;3;Lecco
02/12/2014;;;;;;2014025372;7815;7815 - Applicazione di fissatore esterno del femore;3;Lecco
02/12/2014;;;;;;2014025372;7735;7735 - Altra sezione del femore;3;Lecco
02/12/2014;;;;;;2014025372;7735;7735 - Altra sezione del femore;3;Lecco
03/12/2014;09:50;10:08;MAGGIONI EMANUELE;M;18/09/1968;2014025443;8026;8026 - Artroscopia del ginocchio;2;Lecco
03/12/2014;;;;;;2014025443;806;806 - Asportazione di cartilagine semilunare del ginocch…;2;Lecco
03/12/2014;10:45;11:08;ISELLA PIERCARLO;M;18/07/1959;2014025444;806;806 - Asportazione di cartilagine semilunare del ginocch…;2;Lecco
03/12/2014;11:42;12:16;RUSSOCARONTE MARIA;F;05/09/1946;2014025445;8291;8291 - Lisi di aderenze della mano;2;Lecco
03/12/2014;12:41;13:05;ALBANI GIANMARIO;M;21/08/1969;2014025446;8291;8291 - Lisi di aderenze della mano;2;Lecco
03/12/2014;;;;;;2014025446;443;443 - Liberazione del tunnel carpale;2;Lecco
04/12/2014;08:40;09:05;GAMBA ALBERTO;M;02/04/1962;2014025523;8026;8026 - Artroscopia del ginocchio;2;Lecco
04/12/2014;10:05;11:15;PROCIDA IVAN PIETRO;M;27/07/1972;2014025519;7930;7930 - Riduzione cruenta di frattura con fissazione inter…;3;Lecco
04/12/2014;12:25;14:06;SANVITTORE DUSTIN;M;20/08/1988;2014025524;8026;8026 - Artroscopia del ginocchio;3;Lecco
04/12/2014;;;;;;2014025524;806;806 - Asportazione di cartilagine semilunare del ginocch…;3;Lecco
04/12/2014;;;;;;2014025524;8145;8145 - Altra riparazione dei legamenti crociati;3;Lecco
04/12/2014;;;;;;2014025524;8341;8341 - Asportazione di tendini per innesti;3;Lecco
04/12/2014;13:52;14:10;MANDELLI CRISTINA;F;08/03/1924;2014025504;715;715 - Biopsia dell’ipofisi per via non specificata;2;Lecco
04/12/2014;;;;;;2014025504;7740;7740 - Biopsia dell’osso, sede non specificata;2;Lecco
09/12/2014;08:10;08:18;TAVASCI MIRKO;M;06/08/1992;2014025764;7867;7867 - Rimozione di dispositivo impiantato da tibia e fib…;2;Lecco
09/12/2014;09:00;11:00;CHIMENTO SILVIA;F;27/02/1995;2014025657;7832;7832 - Allungamento dell’omero;3;Lecco
09/12/2014;;;;;;2014025657;7832;7832 - Allungamento dell’omero;3;Lecco
09/12/2014;;;;;;2014025657;7812;7812 - Applicazione di fissatore esterno dell’omero;3;Lecco
09/12/2014;;;;;;2014025657;7812;7812 - Applicazione di fissatore esterno dell’omero;3;Lecco
09/12/2014;12:00;12:57;SOLANO FILOMENA;F;27/06/1936;2014025870;7915;7915 - Riduzione incruenta di frattura del femore, con fi…;3;Lecco
09/12/2014;14:00;16:55;BETTIGA MICHELE LUCA;M;21/02/1989;2014025913;7936;7936 - Riduzione cruenta di frattura di tibia e fibula, c…;2;Lecco
11/12/2014;09:23;09:37;CONTI FRANCO;M;27/06/1927;2014026075;443;443 - Liberazione del tunnel carpale;2;Lecco
11/12/2014;09:58;10:05;INVERNIZZI ANGELA;F;17/04/1943;2014026074;8391;8391 - Lisi di aderenze di muscoli, tendini, fasce e bors…;2;Lecco
11/12/2014;11:04;11:22;ROSSI ANNA MARIA;F;05/05/1958;2014026073;8391;8391 - Lisi di aderenze di muscoli, tendini, fasce e bors…;2;Lecco
11/12/2014;12:30;12:46;BERTOLA GABRIELE;M;07/05/1964;2014026072;443;443 - Liberazione del tunnel carpale;2;Lecco
11/12/2014;13:01;13:12;ARRIGONI CARLA MARIA;F;24/09/1938;2014026071;443;443 - Liberazione del tunnel carpale;2;Lecco
16/12/2014;08:50;10:35;CORBETTA CAROLINA;F;21/03/1937;2014026253;8154;8154 - Sostituzione totale del ginocchio;4;Lecco
16/12/2014;11:43;13:10;RIVA PIERFRANCO;M;27/10/1959;2014026462;7916;7916 - Riduzione incruenta di frattura della tibia e dell…;2;Lecco
16/12/2014;13:42;13:49;FENOCCHIO ALBINO;M;31/05/1950;2014026235;7865;7865 - Rimozione di dispositivo impiantato dal femore;2;Lecco
18/12/2014;08:10;08:19;CORDOVA ALINA;F;04/03/1958;2014026635;7867;7867 - Rimozione di dispositivo impiantato da tibia e fib…;2;Lecco
18/12/2014;;;;;;2014026635;9354;9354 - Applicazione di stecca;2;Lecco
18/12/2014;09:10;09:25;CESANA ROSA MARIA;F;13/01/1948;2014026637;8026;8026 - Artroscopia del ginocchio;2;Lecco
18/12/2014;;;;;;2014026637;806;806 - Asportazione di cartilagine semilunare del ginocch…;2;Lecco
18/12/2014;09:55;10:25;AGLIATI ALBA;F;29/07/1942;2014026636;8026;8026 - Artroscopia del ginocchio;2;Lecco
18/12/2014;;;;;;2014026636;806;806 - Asportazione di cartilagine semilunare del ginocch…;2;Lecco
18/12/2014;11:21;13:00;GILARDI MANUEL;M;24/03/1988;2014026677;7933;7933 - Riduzione cruenta di frattura del carpo e metacarp…;2;Lecco
18/12/2014;13:33;14:10;FUMAGALLI IVAN;M;29/03/1970;2014026674;8244;8244 - Altra sutura dei tendini flessori della mano;2;Lecco
18/12/2014;;;;;;2014026674;9354;9354 - Applicazione di stecca;2;Lecco
02/01/2015;14:09;14:55;ANGELI GIACOMO;M;09/02/1921;2015000009;8152;8152 - Sostituzione parziale dell’anca;3;Lecco
07/01/2015;09:30;10:45;LOMBARDO ANGELO;M;14/06/1956;2015000338;7936;7936 - Riduzione cruenta di frattura di tibia e fibula, c…;2;Lecco
07/01/2015;;;;;;2015000338;9354;9354 - Applicazione di stecca;2;Lecco
07/01/2015;12:15;13:30;RIGAMONTI ANNA;F;13/02/1925;2015000344;7935;7935 - Riduzione cruenta di frattura del femore, con fiss…;2;Lecco
12/01/2015;08:50;10:12;CASTELNUOVO CATTERINA;F;12/06/1928;2015000682;7995;7995 - Interventi non specificati su lesione del femore;2;Lecco
12/01/2015;;;;;;2015000682;7865;7865 - Rimozione di dispositivo impiantato dal femore;2;Lecco
12/01/2015;;;;;;2015000682;7865;7865 - Rimozione di dispositivo impiantato dal femore;2;Lecco
12/01/2015;11:18;11:53;PERLINI ELVIRA;F;11/03/1921;2015000680;7867;7867 - Rimozione di dispositivo impiantato da tibia e fib…;1;Lecco
12/01/2015;12:55;14:04;PIOLA GIOVANNINA;F;26/08/1923;2015000689;7915;7915 - Riduzione incruenta di frattura del femore, con fi…;1;Lecco
27/01/2015;08:40;10:30;BOLZICCO MARIO;M;29/10/1947;2015001733;7996;7996 - Interventi non specificati su lesione della tibia …;3;Lecco
27/01/2015;;;;;;2015001733;7767;7767 - Asportazione locale di lesione o tessuto di tibia …;3;Lecco
27/01/2015;;;;;;2015001733;7818;7818 - Applicazione di fissatore esterno di tarso e metat…;3;Lecco
27/01/2015;11:47;12:00;TERMINI MATTEO;M;20/06/1977;2015001959;7757;7757 - Riparazione di dito ad artiglio;2;Lecco
27/01/2015;13:00;13:22;PANZERI SALVATORE;M;09/03/1963;2015001929;7867;7867 - Rimozione di dispositivo impiantato da tibia e fib…;2;Lecco
27/01/2015;14:26;15:30;ROTA CESARINA;F;19/06/1924;2015001830;8152;8152 - Sostituzione parziale dell’anca;2;Lecco
28/01/2015;08:55;10:25;ORIGONI RODOLFO;M;10/10/1938;2015001928;8154;8154 - Sostituzione totale del ginocchio;3;Lecco
28/01/2015;11:25;12:05;DELL'ORO MATTEO;M;14/12/1992;2015002041;7865;7865 - Rimozione di dispositivo impiantato dal femore;2;Lecco
28/01/2015;12:45;13:10;GALBIATI ANTONELLA;F;12/08/1964;2015002042;7865;7865 - Rimozione di dispositivo impiantato dal femore;2;Lecco
28/01/2015;14:01;14:15;MORESCHI PAOLO;M;12/11/1970;2015002017;8364;8364 - Altra sutura di tendini;2;Lecco
28/01/2015;;;;;;2015002017;9354;9354 - Applicazione di stecca;2;Lecco
03/02/2015;16:38;18:12;LUCERNINI GIAN MARIA;M;10/12/1971;2015002659;8244;8244 - Altra sutura dei tendini flessori della mano;2;Lecco
03/02/2015;;;;;;2015002659;9354;9354 - Applicazione di stecca;2;Lecco
11/02/2015;08:10;08:23;AMELIA FRANCESCA MARIA;F;05/04/2001;2015003060;7867;7867 - Rimozione di dispositivo impiantato da tibia e fib…;2;Lecco
11/02/2015;08:40;10:30;GIRLANDO ANNA MARIA;F;30/07/1947;2015003063;8151;8151 - Sostituzione totale dell’anca;3;Lecco
11/02/2015;12:03;14:45;MARVIN DEBORAH;F;18/09/1973;2015003064;7767;7767 - Asportazione locale di lesione o tessuto di tibia …;3;Lecco
11/02/2015;;;;;;2015003064;7737;7737 - Altra sezione della tibia e fibula;3;Lecco
11/02/2015;;;;;;2015003064;7817;7817 - Applicazione di fissatore esterno di tibia e fibul…;3;Lecco
11/02/2015;;;;;;2015003064;8472;8472 - Applicazione di fissatore esterno, sistema ad anel…;3;Lecco
16/02/2015;16:10;17:25;LOSA PAOLA;F;10/12/1953;2015003677;7817;7817 - Applicazione di fissatore esterno di tibia e fibul…;2;Lecco
18/02/2015;14:51;15:19;D'AMICO ANNA;F;05/12/1933;2015003899;7935;7935 - Riduzione cruenta di frattura del femore, con fiss…;2;Lecco
19/02/2015;09:10;09:35;PIAZZA VITTORIA;F;12/12/1948;2015003923;8026;8026 - Artroscopia del ginocchio;2;Lecco
19/02/2015;;;;;;2015003923;8086;8086 - Altra asportazione o demolizione locale di lesione…;2;Lecco
19/02/2015;10:09;10:31;MARCHIO MICHELE;M;30/11/1958;2015003924;8026;8026 - Artroscopia del ginocchio;2;Lecco
19/02/2015;;;;;;2015003924;806;806 - Asportazione di cartilagine semilunare del ginocch…;2;Lecco
19/02/2015;12:15;12:50;PULICI DAVIDE;M;01/07/1964;2015003930;7867;7867 - Rimozione di dispositivo impiantato da tibia e fib…;2;Lecco
19/02/2015;13:10;13:20;SPREAFICO MARIA VITTORIA;F;30/11/1940;2015003925;8201;8201 - Esplorazione della fascia tendinea della mano;1;Lecco
19/02/2015;13:39;13:59;VIGNAZZA MIRKO;M;20/07/1978;2015003926;443;443 - Liberazione del tunnel carpale;2;Lecco
25/02/2015;09:20;09:33;ROTTA LUIGI;M;03/05/1952;2015004373;8026;8026 - Artroscopia del ginocchio;2;Lecco
25/02/2015;;;;;;2015004373;806;806 - Asportazione di cartilagine semilunare del ginocch…;2;Lecco
25/02/2015;09:56;10:12;LAZZARI ANITA;F;04/04/1967;2015004374;8391;8391 - Lisi di aderenze di muscoli, tendini, fasce e bors…;2;Lecco
25/02/2015;10:44;10:53;AMBRUOSO ORAZIO;M;27/07/1953;2015004371;8026;8026 - Artroscopia del ginocchio;2;Lecco
25/02/2015;;;;;;2015004371;806;806 - Asportazione di cartilagine semilunare del ginocch…;2;Lecco
25/02/2015;11:51;11:58;MAPELLI MARIA LUISA;F;19/12/1952;2015004375;8291;8291 - Lisi di aderenze della mano;2;Lecco
25/02/2015;12:20;12:50;BERTULETTI ROSITA;F;27/06/1938;2015004376;443;443 - Liberazione del tunnel carpale;2;Lecco
25/02/2015;13:13;13:30;SOLAGNA CATERINA;F;24/04/1931;2015004377;443;443 - Liberazione del tunnel carpale;2;Lecco
27/02/2015;16:22;16:52;CASATI EMMANUEL;M;20/06/1994;2015004682;7903;7903 - Riduzione incruenta di frattura di carpo e metacar…;2;Lecco
03/03/2015;15:02;16:15;BENEDETTI ISABELLA;F;08/09/1928;2015004942;7935;7935 - Riduzione cruenta di frattura del femore, con fiss…;3;Lecco
04/03/2015;09:42;10:05;AONDI MASSIMO;M;20/06/1970;2015004965;8026;8026 - Artroscopia del ginocchio;2;Lecco
04/03/2015;;;;;;2015004965;806;806 - Asportazione di cartilagine semilunare del ginocch…;2;Lecco
04/03/2015;10:28;10:43;FALLITI ANTONINO;M;26/11/1973;2015004967;8026;8026 - Artroscopia del ginocchio;2;Lecco
04/03/2015;;;;;;2015004967;806;806 - Asportazione di cartilagine semilunare del ginocch…;2;Lecco
04/03/2015;;;;;;2015004967;8086;8086 - Altra asportazione o demolizione locale di lesione…;2;Lecco
04/03/2015;11:18;11:35;VALSECCHI MARIA;F;28/11/1938;2015004968;443;443 - Liberazione del tunnel carpale;2;Lecco
04/03/2015;;;;;;2015004968;8391;8391 - Lisi di aderenze di muscoli, tendini, fasce e bors…;2;Lecco
04/03/2015;12:20;12:35;SPREAFICO ELVEZIO;M;27/02/1944;2015004969;443;443 - Liberazione del tunnel carpale;2;Lecco
04/03/2015;;;;;;2015004969;8391;8391 - Lisi di aderenze di muscoli, tendini, fasce e bors…;2;Lecco
04/03/2015;12:57;13:08;LUCIDI PAOLA;F;16/07/1966;2015004970;8391;8391 - Lisi di aderenze di muscoli, tendini, fasce e bors…;2;Lecco
05/03/2015;09:05;09:23;MICHELI CAMILLA;F;04/05/1993;2015005057;8026;8026 - Artroscopia del ginocchio;2;Lecco
05/03/2015;09:50;10:18;LONGONI ANTONELLO;M;11/11/1958;2015005056;8026;8026 - Artroscopia del ginocchio;2;Lecco
05/03/2015;;;;;;2015005056;806;806 - Asportazione di cartilagine semilunare del ginocch…;2;Lecco
05/03/2015;11:58;12:15;LANDI BRUNA;F;23/12/1939;2015005058;8391;8391 - Lisi di aderenze di muscoli, tendini, fasce e bors…;2;Lecco
05/03/2015;12:38;13:00;CONTI FRANCO;M;27/06/1927;2015005059;443;443 - Liberazione del tunnel carpale;1;Lecco
11/03/2015;09:14;09:55;NOVA LUIGI GIUSEPPE;M;29/12/1961;2015005617;8086;8086 - Altra asportazione o demolizione locale di lesione…;2;Lecco
11/03/2015;;;;;;2015005617;8026;8026 - Artroscopia del ginocchio;2;Lecco
11/03/2015;;;;;;2015005617;806;806 - Asportazione di cartilagine semilunare del ginocch…;2;Lecco
11/03/2015;10:56;11:07;CORNO SIMONETTA AMABILE;F;18/11/1965;2015005520;443;443 - Liberazione del tunnel carpale;2;Lecco
11/03/2015;12:09;12:25;TALLARICO EGIDIA;F;15/11/1938;2015005630;8391;8391 - Lisi di aderenze di muscoli, tendini, fasce e bors…;2;Lecco
11/03/2015;12:39;12:51;PEZZINI STEFANIA;F;25/01/1957;2015005632;8043;8043 - Incisione di capsula articolare, legamenti o carti…;2;Lecco
12/03/2015;08:49;09:40;STEFANI ROSA MARIA;F;06/12/1931;2015005569;8152;8152 - Sostituzione parziale dell’anca;3;Lecco
12/03/2015;10:33;11:35;TARLANOVIC PREDRAG;M;03/04/1951;2015005636;8235;8235 - Altra fascectomia della mano;3;Lecco
12/03/2015;12:31;14:35;ISELLA PAOLA;F;03/12/1948;2015005397;7935;7935 - Riduzione cruenta di frattura del femore, con fiss…;3;Lecco
12/03/2015;;;;;;2015005397;9354;9354 - Applicazione di stecca;3;Lecco
12/03/2015;17:40;18:53;FUMAGALLI GIANCARLA;F;22/06/1943;2015004991;7939;7939 - Riduzione cruenta di frattura di altro osso specif…;3;Lecco
16/03/2015;09:05;09:45;GOGGIA MARIA;F;20/11/1925;2015005920;7915;7915 - Riduzione incruenta di frattura del femore, con fi…;2;Lecco
16/03/2015;14:08;14:45;GEROSA GIACOMO;M;12/09/1946;2015005936;7935;7935 - Riduzione cruenta di frattura del femore, con fiss…;2;Lecco
19/03/2015;10:21;10:41;VITALI SERGIO;M;25/02/1953;2015006169;8026;8026 - Artroscopia del ginocchio;2;Lecco
19/03/2015;;;;;;2015006169;806;806 - Asportazione di cartilagine semilunare del ginocch…;2;Lecco
19/03/2015;;;;;;2015006169;8086;8086 - Altra asportazione o demolizione locale di lesione…;2;Lecco
19/03/2015;11:02;11:11;BERTO GIUSEPPE;M;14/11/1942;2015006170;443;443 - Liberazione del tunnel carpale;2;Lecco
19/03/2015;12:13;12:27;ELIA ELEONORA;F;01/12/1986;2015006173;8391;8391 - Lisi di aderenze di muscoli, tendini, fasce e bors…;1;Lecco
19/03/2015;12:42;12:50;GILARDI MARIA;F;28/09/1932;2015006175;8291;8291 - Lisi di aderenze della mano;2;Lecco
23/03/2015;12:41;13:20;BARUFFALDI GIUSEPPE;M;07/01/1936;2015006325;7935;7935 - Riduzione cruenta di frattura del femore, con fiss…;2;Lecco
23/03/2015;14:10;17:59;COLOMBO TEODOLINDA;F;02/06/1924;2015006497;7935;7935 - Riduzione cruenta di frattura del femore, con fiss…;4;Lecco
01/04/2015;15:26;18:30;PIAZZONI MARCO;M;23/03/1961;2015007224;7935;7935 - Riduzione cruenta di frattura del femore, con fiss…;2;Lecco
08/04/2015;15:00;15:40;GIRAUDO CHIARA;F;13/11/1963;2015007649;7867;7867 - Rimozione di dispositivo impiantato da tibia e fib…;3;Lecco
08/04/2015;18:37;19:08;COMBI IVANO;M;23/09/1970;2015007757;8021;8021 - Artroscopia della spalla;3;Lecco
08/04/2015;;;;;;2015007757;8342;8342 - Altra tendinectomia;3;Lecco
09/04/2015;15:18;15:50;FOI FABRIZIA;F;23/08/1959;2015007801;7972;7972 - Riduzione incruenta di lussazione del gomito;2;Lecco
09/04/2015;;;;;;2015007801;7990;7990 - Interventi non specificati su lesione ossea in sed…;2;Lecco
09/04/2015;16:34;17:20;BAGGIOLI BRUNA;F;29/07/1927;2015007826;8152;8152 - Sostituzione parziale dell’anca;2;Lecco
13/04/2015;10:59;11:10;MARZARI MARIANO;M;04/05/1953;2015008066;8364;8364 - Altra sutura di tendini;2;Lecco
13/04/2015;;;;;;2015008066;9354;9354 - Applicazione di stecca;2;Lecco
15/04/2015;14:29;15:05;TENCA ELENA;F;18/08/1933;2015008264;8152;8152 - Sostituzione parziale dell’anca;2;Lecco
17/04/2015;08:29;08:50;SALA GIULIANO;M;05/02/1949;2015008329;8026;8026 - Artroscopia del ginocchio;2;Lecco
17/04/2015;;;;;;2015008329;8086;8086 - Altra asportazione o demolizione locale di lesione…;2;Lecco
17/04/2015;09:45;12:00;INVERNIZZI RENATO;M;14/05/1937;2015008294;8154;8154 - Sostituzione totale del ginocchio;3;Lecco
17/04/2015;13:27;14:35;LUNGU IUSTINA;F;11/01/1950;2015008293;8151;8151 - Sostituzione totale dell’anca;3;Lecco
23/04/2015;13:35;15:50;RIVA MAURA;F;08/03/1931;2015008848;8153;8153 - Revisione di sostituzione dell’anca non altrimenti…;2;Lecco
23/04/2015;;;;;;2015008848;7935;7935 - Riduzione cruenta di frattura del femore, con fiss…;2;Lecco
28/04/2015;08:22;08:55;RIGOLI MORENO;M;09/03/1964;2015009279;8026;8026 - Artroscopia del ginocchio;2;Lecco
28/04/2015;09:45;12:58;MAZZA ALBERTO;M;05/01/1945;2015007660;7935;7935 - Riduzione cruenta di frattura del femore, con fiss…;2;Lecco
28/04/2015;;;;;;2015007660;7935;7935 - Riduzione cruenta di frattura del femore, con fiss…;2;Lecco
11/05/2015;16:35;18:15;NAVA GLORIA;F;16/08/1988;2015010067;8145;8145 - Altra riparazione dei legamenti crociati;3;Lecco
11/05/2015;;;;;;2015010067;8341;8341 - Asportazione di tendini per innesti;3;Lecco
11/05/2015;;;;;;2015010067;806;806 - Asportazione di cartilagine semilunare del ginocch…;3;Lecco
11/05/2015;;;;;;2015010067;8026;8026 - Artroscopia del ginocchio;3;Lecco
14/05/2015;13:19;14:28;BARONE FILOMENA;F;08/05/1957;2015010628;7911;7911 - Riduzione incruenta di frattura dell’omero, con fi…;3;Lecco
14/05/2015;15:50;17:27;FRASSONI MASSIMILIANO;M;19/07/1967;2015010612;8373;8373 - Reinserzione di tendini;1;Lecco
14/05/2015;;;;;;2015010612;9323;9323 - Messa a punto di apparecchio ortesico;1;Lecco
15/05/2015;11:38;12:54;INVERNIZZI MARIA CATERINA;F;25/11/1937;2015010717;7936;7936 - Riduzione cruenta di frattura di tibia e fibula, c…;3;Lecco
15/05/2015;;;;;;2015010717;9354;9354 - Applicazione di stecca;3;Lecco
18/05/2015;13:12;15:04;POZZONI LUIGI;M;06/09/1942;2015010847;7936;7936 - Riduzione cruenta di frattura di tibia e fibula, c…;2;Lecco
22/05/2015;10:20;11:33;MORONI VITTORIO;M;29/01/1974;2015011218;7727;7727 - Resezione cuneiforme della tibia e fibula;3;Lecco
26/05/2015;08:12;08:20;PORNARO LORIS;M;07/12/1953;2015011305;7867;7867 - Rimozione di dispositivo impiantato da tibia e fib…;2;Lecco
27/05/2015;11:02;11:22;LOSA DARIO;M;16/10/1948;2015011632;7911;7911 - Riduzione incruenta di frattura dell’omero, con fi…;2;Lecco
27/05/2015;12:42;15:08;VOLPE CARMINE;M;31/01/1930;2015011417;8153;8153 - Revisione di sostituzione dell’anca non altrimenti…;3;Lecco
01/06/2015;14:11;14:50;ROTTURA MARIANNINA;F;09/02/1963;2015011996;7935;7935 - Riduzione cruenta di frattura del femore, con fiss…;2;Lecco
15/06/2015;15:30;17:17;ANDREANI MARINO;M;17/04/1963;2015012865;8415;8415 - Altra amputazione al di sotto del ginocchio;4;Lecco
23/06/2015;12:40;13:20;ADAMOLI NADIA;F;27/09/1964;2015010291;7912;7912 - Riduzione incruenta di frattura di radio e ulna, c…;2;Lecco
23/06/2015;;;;;;2015010291;9354;9354 - Applicazione di stecca;2;Lecco
29/06/2015;08:33;10:20;BARUTTI PIETRO;M;29/09/1943;2015013904;8151;8151 - Sostituzione totale dell’anca;3;Lecco
29/06/2015;11:13;11:49;NDAW TALLA;M;01/03/1960;2015013905;7863;7863 - Rimozione di dispositivo impiantato da radio e uln…;2;Lecco
29/06/2015;12:55;13:50;RUSCONI FRANCESCA;F;10/01/1966;2015013907;8086;8086 - Altra asportazione o demolizione locale di lesione…;1;Lecco
29/06/2015;15:40;16:21;MAZZOLENI CARMELINA;F;27/04/1924;2015014115;8152;8152 - Sostituzione parziale dell’anca;2;Lecco
30/06/2015;10:39;11:25;RONCHETTI GIOVANNI;M;16967;2015014069;8235;8235 - Altra fascectomia della mano;2;Lecco
30/06/2015;12:08;12:50;EL MOUTAOUAKKIL AICHA;F;25316;2015014068;7867;7867 - Rimozione di dispositivo impiantato da tibia e fib…;2;Lecco
07/07/2015;08:21;08:22;FILOMENA PIERANGELO;M;38349;15026507;9929;9929 - Iniezione o infusione di altre sostanze terapeutic…;2;Humanitas
07/07/2015;;;;;;15026507;8399;8399 - Altri interventi su muscoli, tendini, fasce e bors…;2;Humanitas
07/07/2015;09:06;09:34;ALBE' FILIPPO;M;37509;15026515;8113;8113 - Fusione sottoastragalica;2;Humanitas
07/07/2015;;;;;;15026515;7859;7859 - Fissazione interna di altro osso, senza riduzione …;2;Humanitas
07/07/2015;10:54;12:27;LOCATELLI GIACOMO;M;36917;15026537;8385;8385 - Altri cambiamenti di lunghezza di muscoli e tendin…;2;Humanitas
07/07/2015;;;;;;15026537;8385;8385 - Altri cambiamenti di lunghezza di muscoli e tendin…;2;Humanitas
07/07/2015;;;;;;15026537;7865;7865 - Rimozione di dispositivo impiantato dal femore;2;Humanitas
07/07/2015;;;;;;15026537;7865;7865 - Rimozione di dispositivo impiantato dal femore;2;Humanitas
07/07/2015;;;;;;15026537;9929;9929 - Iniezione o infusione di altre sostanze terapeutic…;2;Humanitas
07/07/2015;;;;;;15026537;9929;9929 - Iniezione o infusione di altre sostanze terapeutic…;2;Humanitas
07/07/2015;13:28;13:50;GIANGRECO FEDERICO ANGELO;M;39335;15026561;8221;8221 - Asportazione di lesione della fascia tendinea dell…;2;Humanitas
07/07/2015;15:23;18:47;GIULIANI REBECCA;F;39417;15026539;7863;7863 - Rimozione di dispositivo impiantato da radio e uln…;3;Humanitas
07/07/2015;;;;;;15026539;7932;7932 - Riduzione cruenta di frattura del radio e dell’uln…;3;Humanitas
07/07/2015;;;;;;15026539;7729;7729 - Resezione cuneiforme di altre ossa, escluse quelle…;3;Humanitas
14/07/2015;08:11;08:19;BOSCOLO GIOTTO;M;37967;15027457;8113;8113 - Fusione sottoastragalica;2;Humanitas
14/07/2015;;;;;;15027457;7859;7859 - Fissazione interna di altro osso, senza riduzione …;2;Humanitas
14/07/2015;08:55;09:05;ALESSI SARA;F;37085;15027456;8113;8113 - Fusione sottoastragalica;3;Humanitas
14/07/2015;;;;;;15027456;7859;7859 - Fissazione interna di altro osso, senza riduzione …;3;Humanitas
14/07/2015;09:38;09:46;ROMAGNOLI FEDERICA;F;38022;15027471;8113;8113 - Fusione sottoastragalica;2;Humanitas
14/07/2015;;;;;;15027471;7859;7859 - Fissazione interna di altro osso, senza riduzione …;2;Humanitas
14/07/2015;10:24;10:28;CINTURA TIRADED;M;41123;15027490;9929;9929 - Iniezione o infusione di altre sostanze terapeutic…;2;Humanitas
14/07/2015;;;;;;15027490;9929;9929 - Iniezione o infusione di altre sostanze terapeutic…;2;Humanitas
14/07/2015;;;;;;15027490;8399;8399 - Altri interventi su muscoli, tendini, fasce e bors…;2;Humanitas
14/07/2015;;;;;;15027490;8399;8399 - Altri interventi su muscoli, tendini, fasce e bors…;2;Humanitas
14/07/2015;11:40;12:08;GHARSALLAOUI TAKIALLAH;M;35913;15027536;8385;8385 - Altri cambiamenti di lunghezza di muscoli e tendin…;2;Humanitas
14/07/2015;;;;;;15027536;9929;9929 - Iniezione o infusione di altre sostanze terapeutic…;2;Humanitas
14/07/2015;;;;;;15027536;8399;8399 - Altri interventi su muscoli, tendini, fasce e bors…;2;Humanitas
14/07/2015;12:44;12:46;TANARA MATTEO;M;38929;15027516;9929;9929 - Iniezione o infusione di altre sostanze terapeutic…;3;Humanitas
14/07/2015;;;;;;15027516;9929;9929 - Iniezione o infusione di altre sostanze terapeutic…;3;Humanitas
14/07/2015;;;;;;15027516;8399;8399 - Altri interventi su muscoli, tendini, fasce e bors…;3;Humanitas
14/07/2015;;;;;;15027516;8399;8399 - Altri interventi su muscoli, tendini, fasce e bors…;3;Humanitas
14/07/2015;13:55;14:03;LOCATELLI GAIA;F;36443;15027507;8113;8113 - Fusione sottoastragalica;2;Humanitas
14/07/2015;;;;;;15027507;7859;7859 - Fissazione interna di altro osso, senza riduzione …;2;Humanitas
15/07/2015;08:18;08:33;DONDI GAIA;F;37185;15027633;8113;8113 - Fusione sottoastragalica;1;Humanitas
15/07/2015;;;;;;15027633;7859;7859 - Fissazione interna di altro osso, senza riduzione …;1;Humanitas
15/07/2015;09:19;11:15;DELL'ACQUA MANUEL;M;37087;15027661;7827;7827 - Accorciamento di tibia e fibula;3;Humanitas
15/07/2015;;;;;;15027661;7825;7825 - Accorciamento del femore;3;Humanitas
15/07/2015;;;;;;15027661;8113;8113 - Fusione sottoastragalica;3;Humanitas
15/07/2015;;;;;;15027661;7859;7859 - Fissazione interna di altro osso, senza riduzione …;3;Humanitas
15/07/2015;12:20;13:22;ORESTI GIOVANNI;M;40269;15027691;8385;8385 - Altri cambiamenti di lunghezza di muscoli e tendin…;3;Humanitas
15/07/2015;;;;;;15027691;8385;8385 - Altri cambiamenti di lunghezza di muscoli e tendin…;3;Humanitas
15/07/2015;;;;;;15027691;8399;8399 - Altri interventi su muscoli, tendini, fasce e bors…;3;Humanitas
15/07/2015;;;;;;15027691;8399;8399 - Altri interventi su muscoli, tendini, fasce e bors…;3;Humanitas
16/07/2015;12:20;14:48;CARAVITA RODOLFO CLAUDIO;M;36417;15027684;8385;8385 - Altri cambiamenti di lunghezza di muscoli e tendin…;3;Humanitas
16/07/2015;;;;;;15027684;8385;8385 - Altri cambiamenti di lunghezza di muscoli e tendin…;3;Humanitas
16/07/2015;;;;;;15027684;8375;8375 - Trasposizione o trapianto di tendini;3;Humanitas
16/07/2015;;;;;;15027684;8375;8375 - Trasposizione o trapianto di tendini;3;Humanitas
16/07/2015;;;;;;15027684;7825;7825 - Accorciamento del femore;3;Humanitas
16/07/2015;;;;;;15027684;7825;7825 - Accorciamento del femore;3;Humanitas
21/07/2015;08:35;10:12;RACCUGLIA AGOSTINO;M;20363;15028505;8377;8377 - Trasposizione o trapianto di muscoli;2;Humanitas
21/07/2015;;;;;;15028505;8377;8377 - Trasposizione o trapianto di muscoli;2;Humanitas
21/07/2015;;;;;;15028505;8399;8399 - Altri interventi su muscoli, tendini, fasce e bors…;2;Humanitas
21/07/2015;;;;;;15028505;8399;8399 - Altri interventi su muscoli, tendini, fasce e bors…;2;Humanitas
21/07/2015;11:43;14:20;ZONI LORENZO;M;37489;15028506;7825;7825 - Accorciamento del femore;3;Humanitas
21/07/2015;;;;;;15028506;7825;7825 - Accorciamento del femore;3;Humanitas
21/07/2015;;;;;;15028506;7827;7827 - Accorciamento di tibia e fibula;3;Humanitas
21/07/2015;;;;;;15028506;7827;7827 - Accorciamento di tibia e fibula;3;Humanitas
06/10/2015;08:16;08:42;PASINI ALICE;F;38244;15036901;7868;7868 - Rimozione di dispositivo impiantato da tarso e met…;2;Humanitas
06/10/2015;;;;;;15036901;8118;8118 - Artroeresi dell’articolazione sottoastragalica;2;Humanitas
06/10/2015;09:49;10:42;ORIO LUCA;M;37883;15036906;8385;8385 - Altri cambiamenti di lunghezza di muscoli e tendin…;2;Humanitas
06/10/2015;;;;;;15036906;8385;8385 - Altri cambiamenti di lunghezza di muscoli e tendin…;2;Humanitas
06/10/2015;;;;;;15036906;8118;8118 - Artroeresi dell’articolazione sottoastragalica;2;Humanitas
06/10/2015;;;;;;15036906;8118;8118 - Artroeresi dell’articolazione sottoastragalica;2;Humanitas
06/10/2015;;;;;;15036906;9353;9353 - Applicazione di altro corsetto gessato;2;Humanitas
06/10/2015;;;;;;15036906;9353;9353 - Applicazione di altro corsetto gessato;2;Humanitas
06/10/2015;12:11;14:05;TROPEA FRANCESCO;M;37471;15036949;7825;7825 - Accorciamento del femore;2;Humanitas
06/10/2015;;;;;;15036949;7825;7825 - Accorciamento del femore;2;Humanitas
06/10/2015;;;;;;15036949;7865;7865 - Rimozione di dispositivo impiantato dal femore;2;Humanitas
06/10/2015;;;;;;15036949;7865;7865 - Rimozione di dispositivo impiantato dal femore;2;Humanitas
06/10/2015;15:28;16:55;FERRO LUCIA;F;36641;15036940;8385;8385 - Altri cambiamenti di lunghezza di muscoli e tendin…;3;Humanitas
06/10/2015;;;;;;15036940;8377;8377 - Trasposizione o trapianto di muscoli;3;Humanitas
06/10/2015;;;;;;15036940;7865;7865 - Rimozione di dispositivo impiantato dal femore;3;Humanitas
06/10/2015;;;;;;15036940;9353;9353 - Applicazione di altro corsetto gessato;3;Humanitas
07/10/2015;09:04;10:21;GALLI MASSIMILIANO;M;37180;15037081;8375;8375 - Trasposizione o trapianto di tendini;3;Humanitas
07/10/2015;;;;;;15037081;8385;8385 - Altri cambiamenti di lunghezza di muscoli e tendin…;3;Humanitas
07/10/2015;;;;;;15037081;8117;8117 - Altra fusione del piede;3;Humanitas
07/10/2015;;;;;;15037081;9929;9929 - Iniezione o infusione di altre sostanze terapeutic…;3;Humanitas
07/10/2015;;;;;;15037081;8399;8399 - Altri interventi su muscoli, tendini, fasce e bors…;3;Humanitas
07/10/2015;12:05;12:45;SCANZIANI EDOARDO;M;36066;15037140;8385;8385 - Altri cambiamenti di lunghezza di muscoli e tendin…;2;Humanitas
07/10/2015;;;;;;15037140;8377;8377 - Trasposizione o trapianto di muscoli;2;Humanitas
07/10/2015;;;;;;15037140;9929;9929 - Iniezione o infusione di altre sostanze terapeutic…;2;Humanitas
07/10/2015;;;;;;15037140;9353;9353 - Applicazione di altro corsetto gessato;2;Humanitas
13/10/2015;08:40;09:23;CIALONA CHRISTIAN;M;38365;15037889;7865;7865 - Rimozione di dispositivo impiantato dal femore;3;Humanitas
13/10/2015;;;;;;15037889;7865;7865 - Rimozione di dispositivo impiantato dal femore;3;Humanitas
13/10/2015;;;;;;15037889;8385;8385 - Altri cambiamenti di lunghezza di muscoli e tendin…;3;Humanitas
13/10/2015;;;;;;15037889;8385;8385 - Altri cambiamenti di lunghezza di muscoli e tendin…;3;Humanitas
13/10/2015;12:30;15:16;CIMINO RAFFAELE;M;37649;15037766;8385;8385 - Altri cambiamenti di lunghezza di muscoli e tendin…;4;Humanitas
13/10/2015;;;;;;15037766;8385;8385 - Altri cambiamenti di lunghezza di muscoli e tendin…;4;Humanitas
13/10/2015;;;;;;15037766;7725;7725 - Resezione cuneiforme del femore;4;Humanitas
13/10/2015;;;;;;15037766;7725;7725 - Resezione cuneiforme del femore;4;Humanitas
13/10/2015;;;;;;15037766;7728;7728 - Resezione cuneiforme del tarso e metatarso;4;Humanitas
13/10/2015;;;;;;15037766;7728;7728 - Resezione cuneiforme del tarso e metatarso;4;Humanitas
13/10/2015;;;;;;15037766;9353;9353 - Applicazione di altro corsetto gessato;4;Humanitas
13/10/2015;;;;;;15037766;9353;9353 - Applicazione di altro corsetto gessato;4;Humanitas
13/10/2015;16:46;19:27;RIAZ NISA;F;36056;15037787;7725;7725 - Resezione cuneiforme del femore;3;Humanitas
13/10/2015;;;;;;15037787;7737;7737 - Altra sezione della tibia e fibula;3;Humanitas
14/10/2015;08:26;08:49;AIRAGHI BEATRICE;F;36946;15038049;8118;8118 - Artroeresi dell’articolazione sottoastragalica;2;Humanitas
14/10/2015;10:37;12:38;DE SISTI TOMMASO;M;36575;15037966;7735;7735 - Altra sezione del femore;4;Humanitas
14/10/2015;;;;;;15037966;7738;7738 - Altra sezione del tarso e metatarso;4;Humanitas
14/10/2015;;;;;;15037966;8385;8385 - Altri cambiamenti di lunghezza di muscoli e tendin…;4;Humanitas
14/10/2015;;;;;;15037966;8376;8376 - Altra trasposizione di tendini;4;Humanitas
20/10/2015;12:24;13:48;IEZZO ALESSIA;F;37498;15038889;7865;7865 - Rimozione di dispositivo impiantato dal femore;3;Humanitas
20/10/2015;;;;;;15038889;7865;7865 - Rimozione di dispositivo impiantato dal femore;3;Humanitas
20/10/2015;;;;;;15038889;7825;7825 - Accorciamento del femore;3;Humanitas
20/10/2015;;;;;;15038889;7825;7825 - Accorciamento del femore;3;Humanitas
20/10/2015;16:04;17:17;SAMB ABIBOULAYE;M;36281;15038901;8399;8399 - Altri interventi su muscoli, tendini, fasce e bors…;3;Humanitas
20/10/2015;;;;;;15038901;7865;7865 - Rimozione di dispositivo impiantato dal femore;3;Humanitas
20/10/2015;;;;;;15038901;7867;7867 - Rimozione di dispositivo impiantato da tibia e fib…;3;Humanitas
21/10/2015;08:34;10:20;FANI CECILIA;F;38553;15039058;8377;8377 - Trasposizione o trapianto di muscoli;3;Humanitas
21/10/2015;;;;;;15039058;8399;8399 - Altri interventi su muscoli, tendini, fasce e bors…;3;Humanitas
21/10/2015;;;;;;15039058;8385;8385 - Altri cambiamenti di lunghezza di muscoli e tendin…;3;Humanitas
21/10/2015;;;;;;15039058;9353;9353 - Applicazione di altro corsetto gessato;3;Humanitas
21/10/2015;12:16;15:20;BARBETTA GIUSEPPE;M;39409;15038929;7735;7735 - Altra sezione del femore;3;Humanitas
21/10/2015;;;;;;15038929;9353;9353 - Applicazione di altro corsetto gessato;3;Humanitas
21/10/2015;;;;;;15038929;8385;8385 - Altri cambiamenti di lunghezza di muscoli e tendin…;3;Humanitas
21/10/2015;;;;;;15038929;863;863 - Ricostruzione della palpebra con innesto del folli…;3;Humanitas
21/10/2015;;;;;;15038929;7865;7865 - Rimozione di dispositivo impiantato dal femore;3;Humanitas
21/10/2015;;;;;;15038929;8399;8399 - Altri interventi su muscoli, tendini, fasce e bors…;3;Humanitas
28/10/2015;07:50;07:58;ESPOSITO FRANCESCA;F;40476;15040034;9929;9929 - Iniezione o infusione di altre sostanze terapeutic…;2;Humanitas
28/10/2015;;;;;;15040034;9929;9929 - Iniezione o infusione di altre sostanze terapeutic…;2;Humanitas
28/10/2015;09:47;13:07;CELLI ANDREA LUCA;M;37595;15039955;7729;7729 - Resezione cuneiforme di altre ossa, escluse quelle…;4;Humanitas
28/10/2015;;;;;;15039955;7739;7739 - Altra sezione di altre ossa, escluse quelle faccia…;4;Humanitas
28/10/2015;;;;;;15039955;7725;7725 - Resezione cuneiforme del femore;4;Humanitas
28/10/2015;;;;;;15039955;7725;7725 - Resezione cuneiforme del femore;4;Humanitas
28/10/2015;;;;;;15039955;7935;7935 - Riduzione cruenta di frattura del femore, con fiss…;4;Humanitas
28/10/2015;;;;;;15039955;7935;7935 - Riduzione cruenta di frattura del femore, con fiss…;4;Humanitas
04/11/2015;11:26;12:55;LANATA' ELEONORA;F;35723;15040921;7785;7785 - Altra osteotomia parziale del femore;3;Humanitas
04/11/2015;;;;;;15040921;7935;7935 - Riduzione cruenta di frattura del femore, con fiss…;3;Humanitas
10/11/2015;13:19;15:00;D'IGNAZI ANDREA;M;33280;15041875;8377;8377 - Trasposizione o trapianto di muscoli;4;Humanitas
10/11/2015;;;;;;15041875;8385;8385 - Altri cambiamenti di lunghezza di muscoli e tendin…;4;Humanitas
10/11/2015;16:23;18:15;CATALDI MARIA;F;21673;15041919;7728;7728 - Resezione cuneiforme del tarso e metatarso;4;Humanitas
10/11/2015;;;;;;15041919;7738;7738 - Altra sezione del tarso e metatarso;4;Humanitas
10/11/2015;;;;;;15041919;8385;8385 - Altri cambiamenti di lunghezza di muscoli e tendin…;4;Humanitas
10/11/2015;;;;;;15041919;7728;7728 - Resezione cuneiforme del tarso e metatarso;4;Humanitas
10/11/2015;;;;;;15041919;7738;7738 - Altra sezione del tarso e metatarso;4;Humanitas
10/11/2015;;;;;;15041919;8385;8385 - Altri cambiamenti di lunghezza di muscoli e tendin…;4;Humanitas
24/11/2015;15:56;18:22;DELL'ACQUA MANUEL;M;37087;15043930;8118;8118 - Artroeresi dell’articolazione sottoastragalica;2;Humanitas
24/11/2015;;;;;;15043930;7867;7867 - Rimozione di dispositivo impiantato da tibia e fib…;2;Humanitas
24/11/2015;;;;;;15043930;7865;7865 - Rimozione di dispositivo impiantato dal femore;2;Humanitas
25/11/2015;08:07;08:33;LANZO GIUSEPPE;M;35579;15044056;8385;8385 - Altri cambiamenti di lunghezza di muscoli e tendin…;2;Humanitas
25/11/2015;;;;;;15044056;9353;9353 - Applicazione di altro corsetto gessato;2;Humanitas
25/11/2015;09:11;09:30;RUBINI VITTORIA;F;36738;15044053;8118;8118 - Artroeresi dell’articolazione sottoastragalica;2;Humanitas
25/11/2015;12:10;12:57;CONFORTOLA MASSIMO;M;37963;15044135;7865;7865 - Rimozione di dispositivo impiantato dal femore;2;Humanitas
25/11/2015;;;;;;15044135;7865;7865 - Rimozione di dispositivo impiantato dal femore;2;Humanitas
09/12/2015;08:26;08:55;RUSSO LUCREZIA;F;37805;15045783;8385;8385 - Altri cambiamenti di lunghezza di muscoli e tendin…;3;Humanitas
09/12/2015;;;;;;15045783;8399;8399 - Altri interventi su muscoli, tendini, fasce e bors…;3;Humanitas
09/12/2015;;;;;;15045783;9353;9353 - Applicazione di altro corsetto gessato;3;Humanitas
19/01/2016;09:10;13:04;DOAS MARIAM NSHAT HABEB;F;37293;16002209;7817;7817 - Applicazione di fissatore esterno di tibia e fibul…;3;Humanitas
19/01/2016;;;;;;16002209;7815;7815 - Applicazione di fissatore esterno del femore;3;Humanitas
19/01/2016;;;;;;16002209;8472;8472 - Applicazione di fissatore esterno, sistema ad anel…;3;Humanitas
19/01/2016;;;;;;16002209;7735;7735 - Altra sezione del femore;3;Humanitas
19/01/2016;;;;;;16002209;7737;7737 - Altra sezione della tibia e fibula;3;Humanitas
26/01/2016;08:07;08:16;VADORI FEDERICO;M;37447;16003407;8118;8118 - Artroeresi dell’articolazione sottoastragalica;2;Humanitas
26/01/2016;09:03;09:06;EL MKHAILI KHALID;M;36460;16003416;8832;8832 - Artrografia con contrasto;2;Humanitas
26/01/2016;;;;;;16003416;8192;8192 - Iniezione di sostanze terapeutiche nell’articolazi…;2;Humanitas
26/01/2016;09:50;10:06;VERDERIO LUCA;M;37731;16003430;8118;8118 - Artroeresi dell’articolazione sottoastragalica;2;Humanitas
26/01/2016;10:55;12:16;SILEONI FEDERICO MARIA;M;35754;16003463;7865;7865 - Rimozione di dispositivo impiantato dal femore;2;Humanitas
26/01/2016;;;;;;16003463;7865;7865 - Rimozione di dispositivo impiantato dal femore;2;Humanitas
26/01/2016;13:13;13:21;ZITO ILARIA;F;35448;16003485;8832;8832 - Artrografia con contrasto;2;Humanitas
26/01/2016;14:48;16:34;MONTUORI GIUSEPPINA;F;36389;16003514;7717;7717 - Altra incisione di tibia e fibula senza sezione;3;Humanitas
26/01/2016;;;;;;16003514;9353;9353 - Applicazione di altro corsetto gessato;3;Humanitas
26/01/2016;;;;;;16003514;8385;8385 - Altri cambiamenti di lunghezza di muscoli e tendin…;3;Humanitas
26/01/2016;;;;;;16003514;7867;7867 - Rimozione di dispositivo impiantato da tibia e fib…;3;Humanitas
26/01/2016;;;;;;16003514;9353;9353 - Applicazione di altro corsetto gessato;3;Humanitas
26/01/2016;;;;;;16003514;8385;8385 - Altri cambiamenti di lunghezza di muscoli e tendin…;3;Humanitas
27/01/2016;10:10;10:57;LEZZI MARTINA;F;39498;16003668;7825;7825 - Accorciamento del femore;3;Humanitas
27/01/2016;;;;;;16003668;7827;7827 - Accorciamento di tibia e fibula;3;Humanitas
27/01/2016;12:23;14:23;GORGINI ELEONORA;F;35442;16003709;8385;8385 - Altri cambiamenti di lunghezza di muscoli e tendin…;3;Humanitas
27/01/2016;;;;;;16003709;8377;8377 - Trasposizione o trapianto di muscoli;3;Humanitas
27/01/2016;;;;;;16003709;8385;8385 - Altri cambiamenti di lunghezza di muscoli e tendin…;3;Humanitas
27/01/2016;;;;;;16003709;7728;7728 - Resezione cuneiforme del tarso e metatarso;3;Humanitas
27/01/2016;;;;;;16003709;9353;9353 - Applicazione di altro corsetto gessato;3;Humanitas
27/01/2016;16:26;18:25;MANGIONE MATTIA;M;38434;16003678;7725;7725 - Resezione cuneiforme del femore;3;Humanitas
02/02/2016;11:52;12:32;ELIAS SAMIRA;F;38503;16004586;8118;8118 - Artroeresi dell’articolazione sottoastragalica;2;Humanitas
02/02/2016;;;;;;16004586;7738;7738 - Altra sezione del tarso e metatarso;2;Humanitas
02/02/2016;14:01;15:20;MONTI BEATRICE;F;38112;16004570;7825;7825 - Accorciamento del femore;2;Humanitas
02/02/2016;;;;;;16004570;7825;7825 - Accorciamento del femore;2;Humanitas
02/02/2016;;;;;;16004570;8385;8385 - Altri cambiamenti di lunghezza di muscoli e tendin…;2;Humanitas
02/02/2016;;;;;;16004570;8385;8385 - Altri cambiamenti di lunghezza di muscoli e tendin…;2;Humanitas
02/02/2016;;;;;;16004570;9353;9353 - Applicazione di altro corsetto gessato;2;Humanitas
02/02/2016;;;;;;16004570;9353;9353 - Applicazione di altro corsetto gessato;2;Humanitas
03/02/2016;13:46;14:32;MAGENTA MARCO GIORGIO BARTOLOMEO;M;25265;16004794;7867;7867 - Rimozione di dispositivo impiantato da tibia e fib…;2;Humanitas
03/02/2016;15:41;17:35;FUSCO MATTEO;M;34602;16004763;8375;8375 - Trasposizione o trapianto di tendini;3;Humanitas
03/02/2016;;;;;;16004763;8375;8375 - Trasposizione o trapianto di tendini;3;Humanitas
03/02/2016;;;;;;16004763;7738;7738 - Altra sezione del tarso e metatarso;3;Humanitas
03/02/2016;;;;;;16004763;9353;9353 - Applicazione di altro corsetto gessato;3;Humanitas
03/02/2016;;;;;;16004763;9353;9353 - Applicazione di altro corsetto gessato;3;Humanitas
10/02/2016;08:27;08:41;GUARINO ALESSIA;F;37280;16005737;8118;8118 - Artroeresi dell’articolazione sottoastragalica;2;Humanitas
10/02/2016;09:39;10:17;GAGLIANO ANTONIO GRAZIANO;M;38317;16005744;7867;7867 - Rimozione di dispositivo impiantato da tibia e fib…;2;Humanitas
10/02/2016;;;;;;16005744;7825;7825 - Accorciamento del femore;2;Humanitas
10/02/2016;11:04;11:25;BROGLIA MIA;F;41037;16005796;8291;8291 - Lisi di aderenze della mano;2;Humanitas
10/02/2016;12:29;13:20;ALGAROTTI VITTORIA;F;37598;16005753;7867;7867 - Rimozione di dispositivo impiantato da tibia e fib…;2;Humanitas
10/02/2016;;;;;;16005753;7867;7867 - Rimozione di dispositivo impiantato da tibia e fib…;2;Humanitas
10/02/2016;14:24;14:34;TOSI IRENE;F;37197;16005782;8118;8118 - Artroeresi dell’articolazione sottoastragalica;2;Humanitas
10/02/2016;15:04;15:18;ZANDONA' ALICE;F;37595;16005797;8118;8118 - Artroeresi dell’articolazione sottoastragalica;2;Humanitas
01/03/2016;08:18;08:50;JAOUHAR IMAN;F;37747;16008590;7825;7825 - Accorciamento del femore;2;Humanitas
01/03/2016;10:03;10:39;BELLOFATTO ANNA;F;39554;16008622;7865;7865 - Rimozione di dispositivo impiantato dal femore;2;Humanitas
01/03/2016;;;;;;16008622;7865;7865 - Rimozione di dispositivo impiantato dal femore;2;Humanitas
01/03/2016;;;;;;16008622;9929;9929 - Iniezione o infusione di altre sostanze terapeutic…;2;Humanitas
01/03/2016;;;;;;16008622;9929;9929 - Iniezione o infusione di altre sostanze terapeutic…;2;Humanitas
01/03/2016;;;;;;16008622;8399;8399 - Altri interventi su muscoli, tendini, fasce e bors…;2;Humanitas
01/03/2016;;;;;;16008622;8399;8399 - Altri interventi su muscoli, tendini, fasce e bors…;2;Humanitas
01/03/2016;11:51;12:31;BRUSCHI ANASTASIJA;F;38391;16008614;8120;8120 - Artrodesi di articolazioni non specificate;3;Humanitas
01/03/2016;;;;;;16008614;8385;8385 - Altri cambiamenti di lunghezza di muscoli e tendin…;3;Humanitas
01/03/2016;;;;;;16008614;8399;8399 - Altri interventi su muscoli, tendini, fasce e bors…;3;Humanitas
01/03/2016;;;;;;16008614;9353;9353 - Applicazione di altro corsetto gessato;3;Humanitas
01/03/2016;15:31;17:40;GRIECO DAVIDE;M;37219;16008434;7725;7725 - Resezione cuneiforme del femore;3;Humanitas
01/03/2016;;;;;;16008434;7725;7725 - Resezione cuneiforme del femore;3;Humanitas
01/03/2016;;;;;;16008434;8385;8385 - Altri cambiamenti di lunghezza di muscoli e tendin…;3;Humanitas
01/03/2016;;;;;;16008434;8385;8385 - Altri cambiamenti di lunghezza di muscoli e tendin…;3;Humanitas
01/03/2016;;;;;;16008434;8399;8399 - Altri interventi su muscoli, tendini, fasce e bors…;3;Humanitas
01/03/2016;;;;;;16008434;8399;8399 - Altri interventi su muscoli, tendini, fasce e bors…;3;Humanitas
02/03/2016;09:57;13:38;MOISE JONEL;M;41953;16008770;8385;8385 - Altri cambiamenti di lunghezza di muscoli e tendin…;3;Humanitas
02/03/2016;;;;;;16008770;8385;8385 - Altri cambiamenti di lunghezza di muscoli e tendin…;3;Humanitas
02/03/2016;15:15;16:45;PODOLSKYY BOHDAN;M;38295;16008844;7865;7865 - Rimozione di dispositivo impiantato dal femore;3;Humanitas
02/03/2016;;;;;;16008844;7865;7865 - Rimozione di dispositivo impiantato dal femore;3;Humanitas
02/03/2016;;;;;;16008844;9929;9929 - Iniezione o infusione di altre sostanze terapeutic…;3;Humanitas
02/03/2016;;;;;;16008844;9929;9929 - Iniezione o infusione di altre sostanze terapeutic…;3;Humanitas
02/03/2016;;;;;;16008844;8399;8399 - Altri interventi su muscoli, tendini, fasce e bors…;3;Humanitas
02/03/2016;;;;;;16008844;8399;8399 - Altri interventi su muscoli, tendini, fasce e bors…;3;Humanitas
15/03/2016;14:50;16:48;EL MKHAILI KHALID;M;36460;16010508;7735;7735 - Altra sezione del femore;3;Humanitas
16/03/2016;08:28;10:13;RONCONE ANDREA;M;37785;16010835;8385;8385 - Altri cambiamenti di lunghezza di muscoli e tendin…;3;Humanitas
16/03/2016;;;;;;16010835;8385;8385 - Altri cambiamenti di lunghezza di muscoli e tendin…;3;Humanitas
16/03/2016;;;;;;16010835;8377;8377 - Trasposizione o trapianto di muscoli;3;Humanitas
16/03/2016;;;;;;16010835;7728;7728 - Resezione cuneiforme del tarso e metatarso;3;Humanitas
16/03/2016;;;;;;16010835;9353;9353 - Applicazione di altro corsetto gessato;3;Humanitas
16/03/2016;;;;;;16010835;9353;9353 - Applicazione di altro corsetto gessato;3;Humanitas
16/03/2016;12:20;13:12;TRAVERSO ANDREA;M;37636;16010896;7825;7825 - Accorciamento del femore;2;Humanitas
16/03/2016;;;;;;16010896;7825;7825 - Accorciamento del femore;2;Humanitas
16/03/2016;14:05;16:10;DI STASI COSIMO;M;32021;16010906;7867;7867 - Rimozione di dispositivo impiantato da tibia e fib…;2;Humanitas
16/03/2016;;;;;;16010906;7867;7867 - Rimozione di dispositivo impiantato da tibia e fib…;2;Humanitas
16/03/2016;;;;;;16010906;8385;8385 - Altri cambiamenti di lunghezza di muscoli e tendin…;2;Humanitas
16/03/2016;;;;;;16010906;8385;8385 - Altri cambiamenti di lunghezza di muscoli e tendin…;2;Humanitas
29/03/2016;11:03;12:10;PAVESI LORENZO;M;37172;16012468;7865;7865 - Rimozione di dispositivo impiantato dal femore;2;Humanitas
29/03/2016;;;;;;16012468;7865;7865 - Rimozione di dispositivo impiantato dal femore;2;Humanitas
29/03/2016;13:32;14:16;MOTTA PAOLO;M;37569;16012473;8291;8291 - Lisi di aderenze della mano;1;Humanitas
29/03/2016;;;;;;16012473;8291;8291 - Lisi di aderenze della mano;1;Humanitas
30/03/2016;10:34;11:46;RIZZO MANUEL;M;39374;16012654;7728;7728 - Resezione cuneiforme del tarso e metatarso;3;Humanitas
30/03/2016;;;;;;16012654;7728;7728 - Resezione cuneiforme del tarso e metatarso;3;Humanitas
30/03/2016;;;;;;16012654;8399;8399 - Altri interventi su muscoli, tendini, fasce e bors…;3;Humanitas
30/03/2016;;;;;;16012654;8399;8399 - Altri interventi su muscoli, tendini, fasce e bors…;3;Humanitas
30/03/2016;14:23;18:23;CHIODI FABIO;M;37611;16012526;7729;7729 - Resezione cuneiforme di altre ossa, escluse quelle…;4;Humanitas
30/03/2016;;;;;;16012526;7809;7809 - Innesto osseo di altre ossa;4;Humanitas
30/03/2016;;;;;;16012526;7725;7725 - Resezione cuneiforme del femore;4;Humanitas
30/03/2016;;;;;;16012526;8399;8399 - Altri interventi su muscoli, tendini, fasce e bors…;4;Humanitas
30/03/2016;;;;;;16012526;8375;8375 - Trasposizione o trapianto di tendini;4;Humanitas
30/03/2016;;;;;;16012526;8375;8375 - Trasposizione o trapianto di tendini;4;Humanitas
30/03/2016;;;;;;16012526;7825;7825 - Accorciamento del femore;4;Humanitas
30/03/2016;;;;;;16012526;7825;7825 - Accorciamento del femore;4;Humanitas
12/04/2016;08:21;08:35;IANNACCI GIOVANNI;M;36856;16014535;9929;9929 - Iniezione o infusione di altre sostanze terapeutic…;2;Humanitas
12/04/2016;;;;;;16014535;9929;9929 - Iniezione o infusione di altre sostanze terapeutic…;2;Humanitas
12/04/2016;;;;;;16014535;8192;8192 - Iniezione di sostanze terapeutiche nell’articolazi…;2;Humanitas
12/04/2016;;;;;;16014535;8832;8832 - Artrografia con contrasto;2;Humanitas
12/04/2016;09:23;11:15;BARBAGALLO GABRIELE;M;37599;16014554;7759;7759 - Altra asportazione di borsite;3;Humanitas
12/04/2016;13:13;15:15;PIAZZA MICHAEL;M;38608;16014396;7725;7725 - Resezione cuneiforme del femore;3;Humanitas
12/04/2016;;;;;;16014396;7729;7729 - Resezione cuneiforme di altre ossa, escluse quelle…;3;Humanitas
12/04/2016;;;;;;16014396;7809;7809 - Innesto osseo di altre ossa;3;Humanitas
12/04/2016;;;;;;16014396;8385;8385 - Altri cambiamenti di lunghezza di muscoli e tendin…;3;Humanitas
13/04/2016;11:02;12:15;BACIM PEDRO MATHEUS;M;36892;16014594;8377;8377 - Trasposizione o trapianto di muscoli;3;Humanitas
13/04/2016;;;;;;16014594;7729;7729 - Resezione cuneiforme di altre ossa, escluse quelle…;3;Humanitas
13/04/2016;;;;;;16014594;9353;9353 - Applicazione di altro corsetto gessato;3;Humanitas
13/04/2016;15:55;16:18;GALLINA TOSCHI FILIPPO;M;38581;16014826;7825;7825 - Accorciamento del femore;4;Humanitas
13/04/2016;;;;;;16014826;7825;7825 - Accorciamento del femore;4;Humanitas
27/04/2016;09:41;12:40;ZANI PIETRO;M;41261;16016645;7728;7728 - Resezione cuneiforme del tarso e metatarso;3;Humanitas
27/04/2016;;;;;;16016645;7728;7728 - Resezione cuneiforme del tarso e metatarso;3;Humanitas
27/04/2016;;;;;;16016645;9353;9353 - Applicazione di altro corsetto gessato;3;Humanitas
27/04/2016;;;;;;16016645;9353;9353 - Applicazione di altro corsetto gessato;3;Humanitas
11/05/2016;08:19;08:24;TARDELLA ILARIA;F;36171;16018742;8399;8399 - Altri interventi su muscoli, tendini, fasce e bors…;2;Humanitas
11/05/2016;;;;;;16018742;8399;8399 - Altri interventi su muscoli, tendini, fasce e bors…;2;Humanitas
11/05/2016;;;;;;16018742;9929;9929 - Iniezione o infusione di altre sostanze terapeutic…;2;Humanitas
11/05/2016;;;;;;16018742;9929;9929 - Iniezione o infusione di altre sostanze terapeutic…;2;Humanitas
11/05/2016;09:43;13:29;SALHI SARHA;F;36897;16018753;8385;8385 - Altri cambiamenti di lunghezza di muscoli e tendin…;3;Humanitas
11/05/2016;;;;;;16018753;8385;8385 - Altri cambiamenti di lunghezza di muscoli e tendin…;3;Humanitas
11/05/2016;;;;;;16018753;7738;7738 - Altra sezione del tarso e metatarso;3;Humanitas
11/05/2016;;;;;;16018753;7738;7738 - Altra sezione del tarso e metatarso;3;Humanitas
24/05/2016;12:01;13:50;MAGGIONI VITTORIO EDOARDO;M;38254;16020702;7729;7729 - Resezione cuneiforme di altre ossa, escluse quelle…;4;Humanitas
24/05/2016;;;;;;16020702;7739;7739 - Altra sezione di altre ossa, escluse quelle faccia…;4;Humanitas
24/05/2016;;;;;;16020702;7735;7735 - Altra sezione del femore;4;Humanitas
24/05/2016;;;;;;16020702;7725;7725 - Resezione cuneiforme del femore;4;Humanitas
24/05/2016;15:20;16:44;BORTOLETTO ISACCO;M;39158;16020741;8375;8375 - Trasposizione o trapianto di tendini;3;Humanitas
24/05/2016;;;;;;16020741;8375;8375 - Trasposizione o trapianto di tendini;3;Humanitas
24/05/2016;;;;;;16020741;8385;8385 - Altri cambiamenti di lunghezza di muscoli e tendin…;3;Humanitas
24/05/2016;;;;;;16020741;8385;8385 - Altri cambiamenti di lunghezza di muscoli e tendin…;3;Humanitas
24/05/2016;;;;;;16020741;8118;8118 - Artroeresi dell’articolazione sottoastragalica;3;Humanitas
24/05/2016;;;;;;16020741;8118;8118 - Artroeresi dell’articolazione sottoastragalica;3;Humanitas
21/06/2016;08:25;08:48;MBAYE SERIGNE SALIOU SAMUEL;M;40697;16024626;8385;8385 - Altri cambiamenti di lunghezza di muscoli e tendin…;2;Humanitas
21/06/2016;09:40;09:48;ZARLENGA ALESSIO;M;30564;16024633;8192;8192 - Iniezione di sostanze terapeutiche nell’articolazi…;2;Humanitas
21/06/2016;10:41;11:10;TOMASELLI FRANCESCO;M;37266;16024663;8385;8385 - Altri cambiamenti di lunghezza di muscoli e tendin…;3;Humanitas
21/06/2016;;;;;;16024663;8385;8385 - Altri cambiamenti di lunghezza di muscoli e tendin…;3;Humanitas
21/06/2016;;;;;;16024663;9353;9353 - Applicazione di altro corsetto gessato;3;Humanitas
21/06/2016;;;;;;16024663;9353;9353 - Applicazione di altro corsetto gessato;3;Humanitas
21/06/2016;11:57;12:19;ALMI MATTEO;M;38257;16024690;8385;8385 - Altri cambiamenti di lunghezza di muscoli e tendin…;3;Humanitas
21/06/2016;;;;;;16024690;8385;8385 - Altri cambiamenti di lunghezza di muscoli e tendin…;3;Humanitas
21/06/2016;15:50;18:22;BELLEZZA DIEGO;M;37884;16024654;7725;7725 - Resezione cuneiforme del femore;3;Humanitas
28/06/2016;08:31;10:30;CARROCCIO AMELIA;F;36689;16025671;8472;8472 - Applicazione di fissatore esterno, sistema ad anel…;3;Humanitas
28/06/2016;;;;;;16025671;7818;7818 - Applicazione di fissatore esterno di tarso e metat…;3;Humanitas
28/06/2016;;;;;;16025671;7817;7817 - Applicazione di fissatore esterno di tibia e fibul…;3;Humanitas
28/06/2016;;;;;;16025671;7837;7837 - Allungamento di tibia e fibula;3;Humanitas
28/06/2016;;;;;;16025671;8385;8385 - Altri cambiamenti di lunghezza di muscoli e tendin…;3;Humanitas
06/07/2016;08:05;08:15;ARCUDI MARTINA;F;38258;16026863;8832;8832 - Artrografia con contrasto;2;Humanitas
06/07/2016;10:59;11:10;SCHINEA MARIASSUNTA;F;37117;16026886;8118;8118 - Artroeresi dell’articolazione sottoastragalica;2;Humanitas
21/09/2016;10:28;11:13;PEDRINI MARTINA;F;37698;16035321;7865;7865 - Rimozione di dispositivo impiantato dal femore;2;Humanitas
21/09/2016;;;;;;16035321;7867;7867 - Rimozione di dispositivo impiantato da tibia e fib…;2;Humanitas
21/09/2016;12:12;12:45;VISIGALLI LUCA;M;37180;16035339;7827;7827 - Accorciamento di tibia e fibula;3;Humanitas
21/09/2016;;;;;;16035339;7827;7827 - Accorciamento di tibia e fibula;3;Humanitas
21/09/2016;14:08;14:54;PANDELICA MIHAI;M;38868;16035346;7865;7865 - Rimozione di dispositivo impiantato dal femore;3;Humanitas
21/09/2016;;;;;;16035346;7865;7865 - Rimozione di dispositivo impiantato dal femore;3;Humanitas
21/09/2016;;;;;;16035346;9929;9929 - Iniezione o infusione di altre sostanze terapeutic…;3;Humanitas
21/09/2016;;;;;;16035346;8399;8399 - Altri interventi su muscoli, tendini, fasce e bors…;3;Humanitas
21/09/2016;;;;;;16035346;8399;8399 - Altri interventi su muscoli, tendini, fasce e bors…;3;Humanitas
21/09/2016;;;;;;16035346;9929;9929 - Iniezione o infusione di altre sostanze terapeutic…;3;Humanitas
28/09/2016;13:40;16:44;PASCU ALIN IOAN;M;37509;16035028;7729;7729 - Resezione cuneiforme di altre ossa, escluse quelle…;3;Humanitas
28/09/2016;;;;;;16035028;7738;7738 - Altra sezione del tarso e metatarso;3;Humanitas
28/09/2016;;;;;;16035028;8196;8196 - Altra riparazione articolare;3;Humanitas
28/09/2016;;;;;;16035028;9159;9159 - Esame microscopico di campione di sistema muscolos…;3;Humanitas
04/10/2016;08:41;09:04;BOVA GIADA;F;38267;16037206;7865;7865 - Rimozione di dispositivo impiantato dal femore;2;Humanitas
04/10/2016;;;;;;16037206;7865;7865 - Rimozione di dispositivo impiantato dal femore;2;Humanitas
04/10/2016;09:56;10:21;BAGNATO RAFFAELE;M;35960;16037263;8385;8385 - Altri cambiamenti di lunghezza di muscoli e tendin…;2;Humanitas
04/10/2016;;;;;;16037263;9353;9353 - Applicazione di altro corsetto gessato;2;Humanitas
04/10/2016;10:59;11:38;TUMEO FEDERICO;M;38847;16037223;7827;7827 - Accorciamento di tibia e fibula;2;Humanitas
04/10/2016;12:23;12:33;ZUNCHEDDU GIORGIA;F;37417;16037272;8118;8118 - Artroeresi dell’articolazione sottoastragalica;1;Humanitas
04/10/2016;14:07;16:00;BORRELLI DANTE CARLO;M;34967;16037282;7728;7728 - Resezione cuneiforme del tarso e metatarso;2;Humanitas
04/10/2016;;;;;;16037282;8118;8118 - Artroeresi dell’articolazione sottoastragalica;2;Humanitas
04/10/2016;;;;;;16037282;7751;7751 - Asportazione di borsite con correzione dei tessuti…;2;Humanitas
04/10/2016;;;;;;16037282;7937;7937 - Riduzione cruenta di frattura di tarso e metatarso…;2;Humanitas
05/10/2016;10:29;13:49;GIAMBRUNO FEDERICO;M;36349;16037442;8385;8385 - Altri cambiamenti di lunghezza di muscoli e tendin…;3;Humanitas
05/10/2016;;;;;;16037442;8385;8385 - Altri cambiamenti di lunghezza di muscoli e tendin…;3;Humanitas
05/10/2016;;;;;;16037442;8377;8377 - Trasposizione o trapianto di muscoli;3;Humanitas
05/10/2016;;;;;;16037442;8377;8377 - Trasposizione o trapianto di muscoli;3;Humanitas
05/10/2016;;;;;;16037442;7728;7728 - Resezione cuneiforme del tarso e metatarso;3;Humanitas
05/10/2016;;;;;;16037442;7728;7728 - Resezione cuneiforme del tarso e metatarso;3;Humanitas
05/10/2016;;;;;;16037442;9353;9353 - Applicazione di altro corsetto gessato;3;Humanitas
05/10/2016;;;;;;16037442;9353;9353 - Applicazione di altro corsetto gessato;3;Humanitas
05/10/2016;15:47;17:46;AMENDOLA MARIA;F;39587;16037439;8385;8385 - Altri cambiamenti di lunghezza di muscoli e tendin…;3;Humanitas
05/10/2016;;;;;;16037439;8048;8048 - Incisione di capsula articolare, legamenti o carti…;3;Humanitas
05/10/2016;;;;;;16037439;7728;7728 - Resezione cuneiforme del tarso e metatarso;3;Humanitas
05/10/2016;;;;;;16037439;9353;9353 - Applicazione di altro corsetto gessato;3;Humanitas
19/10/2016;08:07;08:11;COLONNA NICOLO';M;38251;16039508;9929;9929 - Iniezione o infusione di altre sostanze terapeutic…;2;Humanitas
19/10/2016;;;;;;16039508;8399;8399 - Altri interventi su muscoli, tendini, fasce e bors…;2;Humanitas
19/10/2016;08:49;09:02;DONEGANA LAURA;F;37299;16039530;8118;8118 - Artroeresi dell’articolazione sottoastragalica;2;Humanitas
19/10/2016;13:20;15:09;ARCUDI MARTINA;F;38258;16039430;7735;7735 - Altra sezione del femore;3;Humanitas
02/11/2016;08:15;08:25;GHIDONI ELETTRA;F;36739;16041417;8118;8118 - Artroeresi dell’articolazione sottoastragalica;2;Humanitas
02/11/2016;09:00;09:10;BALDIN SAMUELE;M;36970;16041435;8118;8118 - Artroeresi dell’articolazione sottoastragalica;2;Humanitas
02/11/2016;14:12;14:37;VICENTINI LINDA;F;34770;16041553;7868;7868 - Rimozione di dispositivo impiantato da tarso e met…;2;Humanitas
02/11/2016;;;;;;16041553;7868;7868 - Rimozione di dispositivo impiantato da tarso e met…;2;Humanitas
02/11/2016;15:15;15:24;VICENTINI DARIO;M;35481;16041552;7868;7868 - Rimozione di dispositivo impiantato da tarso e met…;2;Humanitas
08/11/2016;11:37;13:37;MOLINARI TOSATTI TERESA MARIA;F;38484;16042375;7725;7725 - Resezione cuneiforme del femore;3;Humanitas
08/11/2016;;;;;;16042375;8385;8385 - Altri cambiamenti di lunghezza di muscoli e tendin…;3;Humanitas
08/11/2016;;;;;;16042375;8385;8385 - Altri cambiamenti di lunghezza di muscoli e tendin…;3;Humanitas
08/11/2016;;;;;;16042375;9353;9353 - Applicazione di altro corsetto gessato;3;Humanitas
08/11/2016;15:53;17:27;GALLI MASSIMILIANO;M;37180;16042440;8385;8385 - Altri cambiamenti di lunghezza di muscoli e tendin…;3;Humanitas
08/11/2016;;;;;;16042440;8385;8385 - Altri cambiamenti di lunghezza di muscoli e tendin…;3;Humanitas
08/11/2016;;;;;;16042440;8399;8399 - Altri interventi su muscoli, tendini, fasce e bors…;3;Humanitas
08/11/2016;;;;;;16042440;8399;8399 - Altri interventi su muscoli, tendini, fasce e bors…;3;Humanitas
08/11/2016;;;;;;16042440;9353;9353 - Applicazione di altro corsetto gessato;3;Humanitas
08/11/2016;;;;;;16042440;9353;9353 - Applicazione di altro corsetto gessato;3;Humanitas
15/11/2016;08:26;08:42;MINOJA ETTORE MATTEO;M;36845;16043481;8118;8118 - Artroeresi dell’articolazione sottoastragalica;1;Humanitas
15/11/2016;09:40;09:56;TORSOLI ALESSANDRO;M;37452;16043530;8118;8118 - Artroeresi dell’articolazione sottoastragalica;1;Humanitas
22/11/2016;13:49;15:50;CASSENTI CRISTIAN GIOACCHINO SALVA;M;37103;16044544;7725;7725 - Resezione cuneiforme del femore;3;Humanitas
22/11/2016;;;;;;16044544;7737;7737 - Altra sezione della tibia e fibula;3;Humanitas
22/11/2016;;;;;;16044544;9929;9929 - Iniezione o infusione di altre sostanze terapeutic…;3;Humanitas
22/11/2016;;;;;;16044544;8399;8399 - Altri interventi su muscoli, tendini, fasce e bors…;3;Humanitas
29/11/2016;08:52;09:22;BUSTILLOS FIONA;F;38495;16045683;7825;7825 - Accorciamento del femore;3;Humanitas
29/11/2016;10:49;12:11;CATOGGIO ILENIA;F;38494;16045697;8377;8377 - Trasposizione o trapianto di muscoli;3;Humanitas
29/11/2016;;;;;;16045697;8385;8385 - Altri cambiamenti di lunghezza di muscoli e tendin…;3;Humanitas
29/11/2016;;;;;;16045697;7728;7728 - Resezione cuneiforme del tarso e metatarso;3;Humanitas
29/11/2016;;;;;;16045697;9353;9353 - Applicazione di altro corsetto gessato;3;Humanitas
29/11/2016;13:30;13:52;PODOLSKYY BOHDAN;M;38295;16045732;8385;8385 - Altri cambiamenti di lunghezza di muscoli e tendin…;3;Humanitas
29/11/2016;;;;;;16045732;8385;8385 - Altri cambiamenti di lunghezza di muscoli e tendin…;3;Humanitas
29/11/2016;;;;;;16045732;9929;9929 - Iniezione o infusione di altre sostanze terapeutic…;3;Humanitas
29/11/2016;;;;;;16045732;9929;9929 - Iniezione o infusione di altre sostanze terapeutic…;3;Humanitas
29/11/2016;15:09;16:55;MAIFREDI MATTIA;M;38717;16045772;7827;7827 - Accorciamento di tibia e fibula;3;Humanitas
29/11/2016;;;;;;16045772;7865;7865 - Rimozione di dispositivo impiantato dal femore;3;Humanitas
29/11/2016;;;;;;16045772;7865;7865 - Rimozione di dispositivo impiantato dal femore;3;Humanitas
29/11/2016;;;;;;16045772;7867;7867 - Rimozione di dispositivo impiantato da tibia e fib…;3;Humanitas
06/12/2016;08:31;08:43;PANEPINTO LEON;M;41660;16046782;8391;8391 - Lisi di aderenze di muscoli, tendini, fasce e bors…;2;Humanitas
06/12/2016;09:14;09:22;TOGNETTI FRANCESCO SATHYA;M;38891;16046789;9929;9929 - Iniezione o infusione di altre sostanze terapeutic…;2;Humanitas
06/12/2016;;;;;;16046789;9929;9929 - Iniezione o infusione di altre sostanze terapeutic…;2;Humanitas
06/12/2016;;;;;;16046789;8399;8399 - Altri interventi su muscoli, tendini, fasce e bors…;2;Humanitas
06/12/2016;;;;;;16046789;8399;8399 - Altri interventi su muscoli, tendini, fasce e bors…;2;Humanitas
06/12/2016;10:32;10:43;CONGIU RACHELE;F;38355;16046810;8385;8385 - Altri cambiamenti di lunghezza di muscoli e tendin…;2;Humanitas
06/12/2016;;;;;;16046810;8399;8399 - Altri interventi su muscoli, tendini, fasce e bors…;2;Humanitas
06/12/2016;;;;;;16046810;9929;9929 - Iniezione o infusione di altre sostanze terapeutic…;2;Humanitas
06/12/2016;;;;;;16046810;9353;9353 - Applicazione di altro corsetto gessato;2;Humanitas
06/12/2016;12:59;13:14;DAVOGLIO ARIANNA;F;36730;16046842;8118;8118 - Artroeresi dell’articolazione sottoastragalica;2;Humanitas
13/12/2016;11:20;11:39;GRAZIOTTO CAROLA;F;37174;16047507;8385;8385 - Altri cambiamenti di lunghezza di muscoli e tendin…;3;Humanitas
13/12/2016;;;;;;16047507;8399;8399 - Altri interventi su muscoli, tendini, fasce e bors…;3;Humanitas
13/12/2016;;;;;;16047507;9353;9353 - Applicazione di altro corsetto gessato;3;Humanitas
13/12/2016;12:29;13:08;DIACONU THOMAS;M;37459;16047555;7827;7827 - Accorciamento di tibia e fibula;2;Humanitas
20/12/2016;08:30;08:59;GENUA GABRIELE;M;37830;16048466;7827;7827 - Accorciamento di tibia e fibula;3;Humanitas
20/12/2016;;;;;;16048466;7827;7827 - Accorciamento di tibia e fibula;3;Humanitas
20/12/2016;09:58;10:40;CRABOLU GIADA;F;39101;16048464;7825;7825 - Accorciamento del femore;3;Humanitas
20/12/2016;;;;;;16048464;7827;7827 - Accorciamento di tibia e fibula;3;Humanitas
20/12/2016;14:22;15:16;REGONATI LUCA;M;37365;16048516;7867;7867 - Rimozione di dispositivo impiantato da tibia e fib…;2;Humanitas
20/12/2016;;;;;;16048516;7867;7867 - Rimozione di dispositivo impiantato da tibia e fib…;2;Humanitas
10/01/2017;13:02;14:59;CASSENTI CRISTIAN GIOACCHINO SALVA;M;37103;17000823;7725;7725 - Resezione cuneiforme del femore;3;Humanitas
10/01/2017;15:56;16:54;CALIANDRO GIULIA MARIA;F;36806;17000956;8622;8622 - Rimozione asportativa di ferita, infezione o ustio…;4;Humanitas
10/01/2017;;;;;;17000956;8684;8684 - Correzione di cicatrice o briglia retrattile della…;4;Humanitas
10/01/2017;;;;;;17000956;9163;9163 - Esame microscopico di campione di cute e altri teg…;4;Humanitas
10/01/2017;;;;;;17000956;9159;9159 - Esame microscopico di campione di sistema muscolos…;4;Humanitas
24/01/2017;11:46;12:42;GAVIGLIO NATAN;M;37968;17003490;7825;7825 - Accorciamento del femore;2;Humanitas
24/01/2017;;;;;;17003490;7825;7825 - Accorciamento del femore;2;Humanitas
22/02/2017;12:55;14:40;GRAZIANO ILARIA;F;38379;17008087;7818;7818 - Applicazione di fissatore esterno di tarso e metat…;3;Humanitas
22/02/2017;;;;;;17008087;7738;7738 - Altra sezione del tarso e metatarso;3;Humanitas
22/02/2017;15:26;19:00;ABATE MIRIAM;F;37040;17008073;7865;7865 - Rimozione di dispositivo impiantato dal femore;3;Humanitas
22/02/2017;;;;;;17008073;7735;7735 - Altra sezione del femore;3;Humanitas
22/02/2017;;;;;;17008073;7995;7995 - Interventi non specificati su lesione del femore;3;Humanitas
22/02/2017;;;;;;17008073;9153;9153 - Esame microscopico di campione di sistema muscolos…;3;Humanitas
22/02/2017;;;;;;17008073;9159;9159 - Esame microscopico di campione di sistema muscolos…;3;Humanitas
28/02/2017;09:10;09:34;FANI CECILIA;F;38553;17008952;7865;7865 - Rimozione di dispositivo impiantato dal femore;2;Humanitas
28/02/2017;10:48;11:23;BAGLIANI THOMAS;M;38907;17009003;7825;7825 - Accorciamento del femore;2;Humanitas
28/02/2017;12:12;12:23;SARNO MARCO;M;37519;17009013;8118;8118 - Artroeresi dell’articolazione sottoastragalica;1;Humanitas
28/02/2017;15:03;18:40;FANIZZI DAVIDE;M;37570;17008996;7735;7735 - Altra sezione del femore;3;Humanitas
28/02/2017;;;;;;17008996;7717;7717 - Altra incisione di tibia e fibula senza sezione;3;Humanitas
28/02/2017;;;;;;17008996;7868;7868 - Rimozione di dispositivo impiantato da tarso e met…;3;Humanitas
28/02/2017;;;;;;17008996;7728;7728 - Resezione cuneiforme del tarso e metatarso;3;Humanitas
01/03/2017;12:58;14:01;DURETTI ELISA;F;38085;17009251;7865;7865 - Rimozione di dispositivo impiantato dal femore;4;Humanitas
01/03/2017;;;;;;17009251;7867;7867 - Rimozione di dispositivo impiantato da tibia e fib…;4;Humanitas
21/03/2017;07:49;07:52;GANCIA FEDERICO;M;40052;17012287;9929;9929 - Iniezione o infusione di altre sostanze terapeutic…;2;Humanitas
21/03/2017;;;;;;17012287;8399;8399 - Altri interventi su muscoli, tendini, fasce e bors…;2;Humanitas
21/03/2017;09:30;10:02;NACCA LUDOVICO;M;42332;17012282;8411;8411 - Amputazione di dita del piede;2;Humanitas
21/03/2017;12:05;12:11;GIORGI ENRICO;M;35945;17012336;9929;9929 - Iniezione o infusione di altre sostanze terapeutic…;2;Humanitas
21/03/2017;14:55;18:33;KUPCHANKO JURY;M;37466;17012165;7735;7735 - Altra sezione del femore;3;Humanitas
21/03/2017;;;;;;17012165;7935;7935 - Riduzione cruenta di frattura del femore, con fiss…;3;Humanitas
22/03/2017;08:35;08:51;RAIMO LUCA;M;37650;17012495;8118;8118 - Artroeresi dell’articolazione sottoastragalica;2;Humanitas
04/04/2017;08:23;08:34;FAETI ROBERTO;M;42583;17014519;8291;8291 - Lisi di aderenze della mano;2;Humanitas
04/04/2017;09:27;09:40;COLANGELO IVANA;F;35460;17014524;7868;7868 - Rimozione di dispositivo impiantato da tarso e met…;2;Humanitas
04/04/2017;10:25;10:36;GIOIA STEFANO;M;35175;17014516;9929;9929 - Iniezione o infusione di altre sostanze terapeutic…;2;Humanitas
04/04/2017;;;;;;17014516;9929;9929 - Iniezione o infusione di altre sostanze terapeutic…;2;Humanitas
04/04/2017;;;;;;17014516;8399;8399 - Altri interventi su muscoli, tendini, fasce e bors…;2;Humanitas
04/04/2017;;;;;;17014516;8399;8399 - Altri interventi su muscoli, tendini, fasce e bors…;2;Humanitas
04/04/2017;;;;;;17014516;8832;8832 - Artrografia con contrasto;2;Humanitas
04/04/2017;;;;;;17014516;8192;8192 - Iniezione di sostanze terapeutiche nell’articolazi…;2;Humanitas
04/04/2017;11:25;11:33;TAVERNA ALESSANDRO;M;35362;17014584;9929;9929 - Iniezione o infusione di altre sostanze terapeutic…;2;Humanitas
04/04/2017;;;;;;17014584;9929;9929 - Iniezione o infusione di altre sostanze terapeutic…;2;Humanitas
04/04/2017;;;;;;17014584;8399;8399 - Altri interventi su muscoli, tendini, fasce e bors…;2;Humanitas
04/04/2017;;;;;;17014584;8399;8399 - Altri interventi su muscoli, tendini, fasce e bors…;2;Humanitas
04/04/2017;14:09;17:15;MAROTTA ANDREA GIUSEPPE IGNAZIO;M;31939;17014565;8385;8385 - Altri cambiamenti di lunghezza di muscoli e tendin…;3;Humanitas
04/04/2017;;;;;;17014565;8125;8125 - Fusione carporadiale;3;Humanitas
04/04/2017;;;;;;17014565;7764;7764 - Asportazione locale di lesione o tessuto di carpo …;3;Humanitas
04/04/2017;;;;;;17014565;9354;9354 - Applicazione di stecca;3;Humanitas
05/04/2017;08:39;09:39;BRASIELLO FRANCESCA;F;39699;17014733;8375;8375 - Trasposizione o trapianto di tendini;2;Humanitas
05/04/2017;;;;;;17014733;8375;8375 - Trasposizione o trapianto di tendini;2;Humanitas
05/04/2017;12:21;14:12;RIAZ TANZEELA;F;37172;17014621;7727;7727 - Resezione cuneiforme della tibia e fibula;3;Humanitas
05/04/2017;;;;;;17014621;7725;7725 - Resezione cuneiforme del femore;3;Humanitas
05/04/2017;15:54;17:43;LEONE DAMIANO;M;30172;17014793;8385;8385 - Altri cambiamenti di lunghezza di muscoli e tendin…;3;Humanitas
05/04/2017;;;;;;17014793;7728;7728 - Resezione cuneiforme del tarso e metatarso;3;Humanitas
05/04/2017;;;;;;17014793;7727;7727 - Resezione cuneiforme della tibia e fibula;3;Humanitas
11/04/2017;08:09;08:19;DAVOGLIO ARIANNA;F;36730;17015645;7868;7868 - Rimozione di dispositivo impiantato da tarso e met…;2;Humanitas
11/04/2017;09:33;10:36;CLEMENTI CAMILLA;F;40402;17015664;7825;7825 - Accorciamento del femore;3;Humanitas
11/04/2017;;;;;;17015664;9929;9929 - Iniezione o infusione di altre sostanze terapeutic…;3;Humanitas
11/04/2017;11:48;12:43;ZOCCOLI CRISTIAN;M;37760;17015673;7865;7865 - Rimozione di dispositivo impiantato dal femore;2;Humanitas
11/04/2017;;;;;;17015673;7865;7865 - Rimozione di dispositivo impiantato dal femore;2;Humanitas
11/04/2017;;;;;;17015673;7868;7868 - Rimozione di dispositivo impiantato da tarso e met…;2;Humanitas
11/04/2017;14:01;14:46;DI PIETRO ANNARITA;F;35272;17015697;8116;8116 - Fusione metatarsofalangea;2;Humanitas
11/04/2017;;;;;;17015697;8116;8116 - Fusione metatarsofalangea;2;Humanitas
12/04/2017;08:04;08:16;DATTOLO ALESSANDRO;M;40519;17015852;9929;9929 - Iniezione o infusione di altre sostanze terapeutic…;2;Humanitas
12/04/2017;;;;;;17015852;9929;9929 - Iniezione o infusione di altre sostanze terapeutic…;2;Humanitas
12/04/2017;;;;;;17015852;9353;9353 - Applicazione di altro corsetto gessato;2;Humanitas
12/04/2017;;;;;;17015852;9353;9353 - Applicazione di altro corsetto gessato;2;Humanitas
12/04/2017;08:37;08:41;DI CANITO NICLA CARMEN PIA;F;40455;17015860;9929;9929 - Iniezione o infusione di altre sostanze terapeutic…;2;Humanitas
12/04/2017;;;;;;17015860;9929;9929 - Iniezione o infusione di altre sostanze terapeutic…;2;Humanitas
12/04/2017;10:11;11:10;ZAMBETTI GIORGIO;M;38282;17015870;7867;7867 - Rimozione di dispositivo impiantato da tibia e fib…;2;Humanitas
12/04/2017;14:19;15:00;DEL BO SILVIA;F;36643;17015944;7868;7868 - Rimozione di dispositivo impiantato da tarso e met…;1;Humanitas
19/04/2017;08:36;10:21;PIZZICATO LUCA;M;38736;17016769;7737;7737 - Altra sezione della tibia e fibula;3;Humanitas
19/04/2017;;;;;;17016769;7737;7737 - Altra sezione della tibia e fibula;3;Humanitas
19/04/2017;11:42;14:25;CAPPELLANO CHIARA;F;39063;17016790;8375;8375 - Trasposizione o trapianto di tendini;3;Humanitas
19/04/2017;;;;;;17016790;7728;7728 - Resezione cuneiforme del tarso e metatarso;3;Humanitas
19/04/2017;;;;;;17016790;7728;7728 - Resezione cuneiforme del tarso e metatarso;3;Humanitas
19/04/2017;;;;;;17016790;7827;7827 - Accorciamento di tibia e fibula;3;Humanitas
19/04/2017;15:50;16:15;DELL'AERA LORENZO;M;35960;17016763;7868;7868 - Rimozione di dispositivo impiantato da tarso e met…;1;Humanitas
19/04/2017;;;;;;17016763;7868;7868 - Rimozione di dispositivo impiantato da tarso e met…;1;Humanitas
19/04/2017;17:07;17:46;BRUNO ALESSIO GIOVANNI;M;40751;17016830;8385;8385 - Altri cambiamenti di lunghezza di muscoli e tendin…;1;Humanitas
19/04/2017;;;;;;17016830;8385;8385 - Altri cambiamenti di lunghezza di muscoli e tendin…;1;Humanitas
19/04/2017;;;;;;17016830;9929;9929 - Iniezione o infusione di altre sostanze terapeutic…;1;Humanitas
19/04/2017;;;;;;17016830;9929;9929 - Iniezione o infusione di altre sostanze terapeutic…;1;Humanitas
19/04/2017;;;;;;17016830;9353;9353 - Applicazione di altro corsetto gessato;1;Humanitas
19/04/2017;;;;;;17016830;9353;9353 - Applicazione di altro corsetto gessato;1;Humanitas
26/04/2017;10:33;10:48;MIGLIARA SIMONE;M;41299;17017699;9929;9929 - Iniezione o infusione di altre sostanze terapeutic…;2;Humanitas
26/04/2017;;;;;;17017699;9353;9353 - Applicazione di altro corsetto gessato;2;Humanitas
26/04/2017;;;;;;17017699;9353;9353 - Applicazione di altro corsetto gessato;2;Humanitas
26/04/2017;11:49;12:02;MARGUTTI MANUEL;M;37996;17017685;8118;8118 - Artroeresi dell’articolazione sottoastragalica;2;Humanitas
09/05/2017;13:51;14:25;SEBASTIANI FRANCESCO UMBERTO;M;37823;17019563;7827;7827 - Accorciamento di tibia e fibula;3;Humanitas
09/05/2017;;;;;;17019563;7827;7827 - Accorciamento di tibia e fibula;3;Humanitas
09/05/2017;16:34;19:00;CARAMELLA PAKITA;F;39606;17019434;7739;7739 - Altra sezione di altre ossa, escluse quelle faccia…;3;Humanitas
09/05/2017;;;;;;17019434;7725;7725 - Resezione cuneiforme del femore;3;Humanitas
09/05/2017;;;;;;17019434;7725;7725 - Resezione cuneiforme del femore;3;Humanitas
09/05/2017;;;;;;17019434;8385;8385 - Altri cambiamenti di lunghezza di muscoli e tendin…;3;Humanitas
10/05/2017;09:21;09:24;ASTOLI ALDO;M;40118;17019757;9929;9929 - Iniezione o infusione di altre sostanze terapeutic…;2;Humanitas
10/05/2017;;;;;;17019757;9929;9929 - Iniezione o infusione di altre sostanze terapeutic…;2;Humanitas
10/05/2017;10:21;10:34;IANNACCI GIOVANNI;M;36856;17019790;8832;8832 - Artrografia con contrasto;2;Humanitas
10/05/2017;;;;;;17019790;8192;8192 - Iniezione di sostanze terapeutiche nell’articolazi…;2;Humanitas
17/05/2017;10:20;11:54;GALLETTA EDOARDO;M;36167;17020890;7725;7725 - Resezione cuneiforme del femore;3;Humanitas
17/05/2017;;;;;;17020890;7735;7735 - Altra sezione del femore;3;Humanitas
23/05/2017;08:04;08:13;PIRLI ELENA MARIA;F;31908;17021817;8832;8832 - Artrografia con contrasto;2;Humanitas
23/05/2017;;;;;;17021817;8192;8192 - Iniezione di sostanze terapeutiche nell’articolazi…;2;Humanitas
23/05/2017;08:56;09:16;VADORI FEDERICO;M;37447;17021822;8118;8118 - Artroeresi dell’articolazione sottoastragalica;2;Humanitas
23/05/2017;10:25;10:25;INTROZZI GIOELE;M;37843;17021879;8118;8118 - Artroeresi dell’articolazione sottoastragalica;2;Humanitas
23/05/2017;11:27;12:23;MANGIONE MATTIA;M;38434;17021874;7865;7865 - Rimozione di dispositivo impiantato dal femore;2;Humanitas
24/05/2017;08:06;08:14;MAULI MATTEO;M;38554;17022026;9929;9929 - Iniezione o infusione di altre sostanze terapeutic…;2;Humanitas
24/05/2017;;;;;;17022026;9929;9929 - Iniezione o infusione di altre sostanze terapeutic…;2;Humanitas
24/05/2017;12:27;13:21;PANARITI MARTINA;F;40289;17022087;8375;8375 - Trasposizione o trapianto di tendini;3;Humanitas
24/05/2017;;;;;;17022087;8375;8375 - Trasposizione o trapianto di tendini;3;Humanitas
24/05/2017;;;;;;17022087;9929;9929 - Iniezione o infusione di altre sostanze terapeutic…;3;Humanitas
24/05/2017;;;;;;17022087;9929;9929 - Iniezione o infusione di altre sostanze terapeutic…;3;Humanitas
30/05/2017;09:30;09:42;DE ANGELIS ELEONORA;F;37950;17022930;8385;8385 - Altri cambiamenti di lunghezza di muscoli e tendin…;2;Humanitas
30/05/2017;11:09;12:33;CELANO VALENTINA;F;33761;17022973;8385;8385 - Altri cambiamenti di lunghezza di muscoli e tendin…;2;Humanitas
30/05/2017;;;;;;17022973;8385;8385 - Altri cambiamenti di lunghezza di muscoli e tendin…;2;Humanitas
30/05/2017;;;;;;17022973;7728;7728 - Resezione cuneiforme del tarso e metatarso;2;Humanitas
30/05/2017;;;;;;17022973;7728;7728 - Resezione cuneiforme del tarso e metatarso;2;Humanitas
30/05/2017;;;;;;17022973;9353;9353 - Applicazione di altro corsetto gessato;2;Humanitas
30/05/2017;;;;;;17022973;9353;9353 - Applicazione di altro corsetto gessato;2;Humanitas
06/06/2017;08:25;09:15;D'AMICO BEATRICE;F;36876;17023886;8385;8385 - Altri cambiamenti di lunghezza di muscoli e tendin…;2;Humanitas
06/06/2017;;;;;;17023886;9353;9353 - Applicazione di altro corsetto gessato;2;Humanitas
06/06/2017;11:21;13:00;AMATI TOMMASO;M;41096;17023887;7825;7825 - Accorciamento del femore;2;Humanitas
06/06/2017;;;;;;17023887;7827;7827 - Accorciamento di tibia e fibula;2;Humanitas
06/06/2017;14:20;15:37;SANSALONE EDOARDO;M;37962;17023917;8118;8118 - Artroeresi dell’articolazione sottoastragalica;2;Humanitas
06/06/2017;;;;;;17023917;8118;8118 - Artroeresi dell’articolazione sottoastragalica;2;Humanitas
06/06/2017;;;;;;17023917;8385;8385 - Altri cambiamenti di lunghezza di muscoli e tendin…;2;Humanitas
06/06/2017;;;;;;17023917;8385;8385 - Altri cambiamenti di lunghezza di muscoli e tendin…;2;Humanitas
06/06/2017;;;;;;17023917;7825;7825 - Accorciamento del femore;2;Humanitas
06/06/2017;;;;;;17023917;7825;7825 - Accorciamento del femore;2;Humanitas
06/06/2017;;;;;;17023917;9353;9353 - Applicazione di altro corsetto gessato;2;Humanitas
06/06/2017;;;;;;17023917;9353;9353 - Applicazione di altro corsetto gessato;2;Humanitas
07/06/2017;09:37;10:07;PAGANIN CAROLINA GIOVANNA;F;38360;17024076;7825;7825 - Accorciamento del femore;2;Humanitas
07/06/2017;10:57;11:08;BARUCCI PIETRO;M;37489;17024114;7865;7865 - Rimozione di dispositivo impiantato dal femore;3;Humanitas
07/06/2017;11:56;12:07;ARTESANI DAVIDE VITTORIO;M;35578;17024117;7868;7868 - Rimozione di dispositivo impiantato da tarso e met…;2;Humanitas
07/06/2017;;;;;;17024117;7868;7868 - Rimozione di dispositivo impiantato da tarso e met…;2;Humanitas
07/06/2017;13:37;16:35;DI PONZIO MICHELANGELO;M;38755;17024140;8385;8385 - Altri cambiamenti di lunghezza di muscoli e tendin…;3;Humanitas
07/06/2017;;;;;;17024140;8385;8385 - Altri cambiamenti di lunghezza di muscoli e tendin…;3;Humanitas
07/06/2017;;;;;;17024140;8375;8375 - Trasposizione o trapianto di tendini;3;Humanitas
07/06/2017;;;;;;17024140;8375;8375 - Trasposizione o trapianto di tendini;3;Humanitas
07/06/2017;;;;;;17024140;8118;8118 - Artroeresi dell’articolazione sottoastragalica;3;Humanitas
07/06/2017;;;;;;17024140;9353;9353 - Applicazione di altro corsetto gessato;3;Humanitas
07/06/2017;17:33;18:55;MELGRANI SARA;F;32927;17024149;8385;8385 - Altri cambiamenti di lunghezza di muscoli e tendin…;3;Humanitas
07/06/2017;;;;;;17024149;8385;8385 - Altri cambiamenti di lunghezza di muscoli e tendin…;3;Humanitas
07/06/2017;;;;;;17024149;8375;8375 - Trasposizione o trapianto di tendini;3;Humanitas
07/06/2017;;;;;;17024149;8375;8375 - Trasposizione o trapianto di tendini;3;Humanitas
07/06/2017;;;;;;17024149;9353;9353 - Applicazione di altro corsetto gessato;3;Humanitas
07/06/2017;;;;;;17024149;9353;9353 - Applicazione di altro corsetto gessato;3;Humanitas
13/06/2017;08:55;09:05;GIORGIANO GABRIELE;M;36720;17025053;8118;8118 - Artroeresi dell’articolazione sottoastragalica;2;Humanitas
13/06/2017;10:04;11:00;MANETTI GRETA ZOE ROSANNA;F;37122;17025091;8385;8385 - Altri cambiamenti di lunghezza di muscoli e tendin…;2;Humanitas
13/06/2017;;;;;;17025091;8385;8385 - Altri cambiamenti di lunghezza di muscoli e tendin…;2;Humanitas
13/06/2017;;;;;;17025091;8375;8375 - Trasposizione o trapianto di tendini;2;Humanitas
13/06/2017;;;;;;17025091;8375;8375 - Trasposizione o trapianto di tendini;2;Humanitas
13/06/2017;;;;;;17025091;9353;9353 - Applicazione di altro corsetto gessato;2;Humanitas
13/06/2017;;;;;;17025091;9353;9353 - Applicazione di altro corsetto gessato;2;Humanitas
13/06/2017;;;;;;17025091;9929;9929 - Iniezione o infusione di altre sostanze terapeutic…;2;Humanitas
13/06/2017;13:20;15:39;LOFFREDO ALBERTO MARIA;M;38888;17024857;7725;7725 - Resezione cuneiforme del femore;3;Humanitas
13/06/2017;;;;;;17024857;7739;7739 - Altra sezione di altre ossa, escluse quelle faccia…;3;Humanitas
13/06/2017;;;;;;17024857;8385;8385 - Altri cambiamenti di lunghezza di muscoli e tendin…;3;Humanitas
13/06/2017;;;;;;17024857;8385;8385 - Altri cambiamenti di lunghezza di muscoli e tendin…;3;Humanitas
13/06/2017;;;;;;17024857;9353;9353 - Applicazione di altro corsetto gessato;3;Humanitas
13/06/2017;;;;;;17024857;9353;9353 - Applicazione di altro corsetto gessato;3;Humanitas
20/06/2017;08:39;08:59;CATOLINO GIORGIA;F;40428;17026162;8385;8385 - Altri cambiamenti di lunghezza di muscoli e tendin…;3;Humanitas
20/06/2017;;;;;;17026162;9929;9929 - Iniezione o infusione di altre sostanze terapeutic…;3;Humanitas
20/06/2017;;;;;;17026162;9353;9353 - Applicazione di altro corsetto gessato;3;Humanitas
20/06/2017;;;;;;17026162;9353;9353 - Applicazione di altro corsetto gessato;3;Humanitas
20/06/2017;10:13;11:29;MINOTTI ARIANNA;F;36455;17026166;8385;8385 - Altri cambiamenti di lunghezza di muscoli e tendin…;3;Humanitas
20/06/2017;;;;;;17026166;8385;8385 - Altri cambiamenti di lunghezza di muscoli e tendin…;3;Humanitas
20/06/2017;;;;;;17026166;7848;7848 - Altri interventi di riparazione o plastica su tars…;3;Humanitas
20/06/2017;;;;;;17026166;7848;7848 - Altri interventi di riparazione o plastica su tars…;3;Humanitas
20/06/2017;;;;;;17026166;9353;9353 - Applicazione di altro corsetto gessato;3;Humanitas
20/06/2017;;;;;;17026166;9353;9353 - Applicazione di altro corsetto gessato;3;Humanitas
20/06/2017;12:21;12:34;BERNARDO SABRINA ANITA;F;37015;17026207;8118;8118 - Artroeresi dell’articolazione sottoastragalica;1;Humanitas
20/06/2017;12:55;13:08;CESANA SOFIA;F;37603;17026208;8118;8118 - Artroeresi dell’articolazione sottoastragalica;1;Humanitas
27/06/2017;08:52;09:15;VISIGALLI LUCA;M;37180;17027256;7867;7867 - Rimozione di dispositivo impiantato da tibia e fib…;3;Humanitas
27/06/2017;;;;;;17027256;7867;7867 - Rimozione di dispositivo impiantato da tibia e fib…;3;Humanitas
27/06/2017;11:14;12:53;BERINZAGHI REBECCA;F;37634;17027289;8385;8385 - Altri cambiamenti di lunghezza di muscoli e tendin…;3;Humanitas
27/06/2017;;;;;;17027289;8385;8385 - Altri cambiamenti di lunghezza di muscoli e tendin…;3;Humanitas
27/06/2017;;;;;;17027289;7937;7937 - Riduzione cruenta di frattura di tarso e metatarso…;3;Humanitas
27/06/2017;;;;;;17027289;7937;7937 - Riduzione cruenta di frattura di tarso e metatarso…;3;Humanitas
27/06/2017;;;;;;17027289;8129;8129 - Artrodesi di altra articolazione specificata;3;Humanitas
27/06/2017;;;;;;17027289;8129;8129 - Artrodesi di altra articolazione specificata;3;Humanitas
27/06/2017;14:10;16:00;DELRE ANNARITA;F;37408;17027282;7735;7735 - Altra sezione del femore;3;Humanitas
27/06/2017;;;;;;17027282;7735;7735 - Altra sezione del femore;3;Humanitas
28/06/2017;09:24;09:44;GORLA GIORGIO;M;37942;17027459;8118;8118 - Artroeresi dell’articolazione sottoastragalica;3;Humanitas
28/06/2017;;;;;;17027459;7720;7720 - Resezione cuneiforme in sede non specificata;3;Humanitas
28/06/2017;15:09;15:40;DI ROSA RICCARDO;M;38986;17027571;7827;7827 - Accorciamento di tibia e fibula;2;Humanitas
28/06/2017;;;;;;17027571;7827;7827 - Accorciamento di tibia e fibula;2;Humanitas
